id,ability,comment,evol_cost,evol_next,form_cost,form_next,generation,height_m,rate_capture,rate_female,rate_flee,rate_male,skills,spawn,tier,type1,type2,weight_kg,growth_group,base_exp
1,"['overgrow', 'chlorophyll']",이상해씨,['candy_50'],['0002'],[],[],1,0.7,0.14,0.12,0.6,0.88,"['move_flash', 'move_cut', 'move_rock-smash', 'move_strength']",['land'],epic,grass,poison,6.9,medium_slow,64
2,"['overgrow', 'chlorophyll']",이상해풀,['candy_100'],['0003'],[],[],1,1.0,0.14,0.12,0.6,0.88,"['move_flash', 'move_cut', 'move_rock-smash', 'move_strength']",['land'],epic,grass,poison,13.0,medium_slow,142
3,"['overgrow', 'chlorophyll']",이상해꽃,[],[],[],[],1,2.0,0.14,0.12,0.6,0.88,"['move_flash', 'move_cut', 'move_rock-smash', 'move_strength']",['land'],epic,grass,poison,100.0,medium_slow,236
0003-mega,['thick-fat'],이상해꽃,[],[],[],[],1,2.4,0.14,0.12,0.6,0.88,"['move_flash', 'move_cut', 'move_rock-smash', 'move_strength']",['land'],epic,grass,poison,155.5,medium_slow,236
0003-gmax,"['overgrow', 'chlorophyll']",이상해꽃,[],[],[],[],1,24.0,0.14,0.12,0.6,0.88,[],['land'],epic,grass,poison,1000.0,medium_slow,236
4,"['blaze', 'solar-power']",파이리,['candy_50'],['0005'],[],[],1,0.6,0.14,0.12,0.6,0.88,"['move_cut', 'move_rock-smash', 'move_strength']",['land'],epic,fire,,8.5,medium_slow,62
5,"['blaze', 'solar-power']",리자드,['candy_100'],['0006'],[],[],1,1.1,0.14,0.12,0.6,0.88,"['move_cut', 'move_rock-smash', 'move_strength']",['land'],epic,fire,,19.0,medium_slow,142
6,"['blaze', 'solar-power']",리자몽,[],[],[],[],1,1.7,0.14,0.12,0.6,0.88,"['move_defog', 'move_cut', 'move_rock-smash', 'move_strength', 'move_fly']",['land'],epic,fire,flying,90.5,medium_slow,240
0006-mega-x,['tough-claws'],리자몽,[],[],[],[],1,1.7,0.14,0.12,0.6,0.88,"['move_defog', 'move_cut', 'move_rock-smash', 'move_strength', 'move_fly']",['land'],epic,fire,dragon,110.5,medium_slow,240
0006-mega-y,['drought'],리자몽,[],[],[],[],1,1.7,0.14,0.12,0.6,0.88,"['move_defog', 'move_cut', 'move_rock-smash', 'move_strength', 'move_fly']",['land'],epic,fire,flying,100.5,medium_slow,240
0006-gmax,"['blaze', 'solar-power']",리자몽,[],[],[],[],1,28.0,0.14,0.12,0.6,0.88,[],['land'],epic,fire,flying,1000.0,medium_slow,240
7,"['torrent', 'rain-dish']",꼬부기,['candy_50'],['0008'],[],[],1,0.5,0.14,0.12,0.6,0.88,"['move_surf', 'move_rock-smash', 'move_strength', 'move_waterfall', 'move_dive']","['land','water']",epic,water,,9.0,medium_slow,63
8,"['torrent', 'rain-dish']",어니부기,['candy_100'],['0009'],[],[],1,1.0,0.14,0.12,0.6,0.88,"['move_surf', 'move_rock-smash', 'move_strength', 'move_waterfall', 'move_dive']","['land','water']",epic,water,,22.5,medium_slow,142
9,"['torrent', 'rain-dish']",거북왕,[],[],[],[],1,1.6,0.14,0.12,0.6,0.88,"['move_surf', 'move_rock-smash', 'move_strength', 'move_waterfall', 'move_dive']","['land','water']",epic,water,,85.5,medium_slow,239
0009-mega,['mega-launcher'],거북왕,[],[],[],[],1,1.6,0.14,0.12,0.6,0.88,"['move_surf', 'move_rock-smash', 'move_strength', 'move_waterfall', 'move_dive']","['land','water']",epic,water,,101.1,medium_slow,239
0009-gmax,"['torrent', 'rain-dish']",거북왕,[],[],[],[],1,25.0,0.14,0.12,0.6,0.88,[],"['land','water']",epic,water,,1000.0,medium_slow,239
10,"['shield-dust', 'run-away']",캐터피,['candy_25'],['0011'],[],[],1,0.3,0.8,0.5,0.35,0.5,[],['land'],common,bug,,2.9,medium_fast,39
11,['shed-skin'],단데기,['candy_50'],['0012'],[],[],1,0.7,0.38,0.5,0.45,0.5,[],['land'],rare,bug,,9.9,medium_fast,72
12,"['compound-eyes', 'tinted-lens']",버터플,[],[],[],[],1,1.1,0.14,0.5,0.6,0.5,"['move_flash', 'move_defog']","['land','water']",epic,bug,flying,32.0,medium_fast,178
0012-gmax,"['compound-eyes', 'tinted-lens']",버터플,[],[],[],[],1,17.0,0.14,0.5,0.6,0.5,[],"['land','water']",epic,bug,flying,1000.0,medium_fast,178
13,"['shield-dust', 'run-away']",뿔충이,['candy_25'],['0014'],[],[],1,0.3,0.8,0.5,0.35,0.5,[],['land'],common,bug,poison,3.2,medium_fast,39
14,['shed-skin'],딱충이,['candy_50'],['0015'],[],[],1,0.6,0.38,0.5,0.45,0.5,[],['land'],rare,bug,poison,10.0,medium_fast,72
15,"['swarm', 'sniper']",독침붕,[],[],[],[],1,1.0,0.14,0.5,0.6,0.5,"['move_flash', 'move_defog', 'move_cut', 'move_rock-smash']","['land','water']",epic,bug,poison,29.5,medium_fast,178
0015-mega,['adaptability'],독침붕,[],[],[],[],1,1.4,0.14,0.5,0.6,0.5,"['move_flash', 'move_defog', 'move_cut', 'move_rock-smash']","['land','water']",epic,bug,poison,40.5,medium_fast,178
16,"['keen-eye', 'tangled-feet', 'big-pecks']",구구,['candy_35'],['0017'],[],[],1,0.3,0.8,0.5,0.35,0.5,"['move_defog', 'move_fly']",['land'],common,normal,flying,1.8,medium_slow,50
17,"['keen-eye', 'tangled-feet', 'big-pecks']",피죤,['candy_60'],['0018'],[],[],1,1.1,0.38,0.5,0.45,0.5,"['move_defog', 'move_fly']","['land','water']",rare,normal,flying,30.0,medium_slow,122
18,"['keen-eye', 'tangled-feet', 'big-pecks']",피죤투,[],[],[],[],1,1.5,0.14,0.5,0.6,0.5,"['move_defog', 'move_fly']","['land','water']",epic,normal,flying,39.5,medium_slow,216
0018-mega,['no-guard'],피죤투,[],[],[],[],1,2.2,0.14,0.5,0.6,0.5,"['move_defog', 'move_fly']","['land','water']",epic,normal,flying,50.5,medium_slow,216
19,"['run-away', 'guts', 'hustle']",꼬렛,['candy_35'],['0020'],[],[],1,0.3,0.8,0.5,0.45,0.5,"['move_cut', 'move_rock-smash']",['land'],common,normal,,3.5,medium_fast,51
0019_alola,"['gluttony', 'hustle', 'thick-fat']",꼬렛,['candy_35'],['0020_alola'],[],[],1,0.3,0.8,0.5,0.45,0.5,[],['land'],common,dark,normal,3.8,medium_fast,51
20,"['run-away', 'guts', 'hustle']",레트라,[],[],[],[],1,0.7,0.4,0.5,0.35,0.5,"['move_cut', 'move_rock-smash', 'move_strength']",['land'],rare,normal,,18.5,medium_fast,145
0020_alola,"['gluttony', 'hustle', 'thick-fat']",레트라,[],[],[],[],1,0.7,0.4,0.5,0.35,0.5,[],['land'],rare,dark,normal,25.5,medium_fast,145
21,"['keen-eye', 'sniper']",깨비참,['candy_40'],['0022'],[],[],1,0.3,0.8,0.5,0.35,0.5,"['move_defog', 'move_fly']",['land'],common,normal,flying,2.0,medium_fast,52
22,"['keen-eye', 'sniper']",깨비드릴조,[],[],[],[],1,1.2,0.28,0.5,0.25,0.5,"['move_defog', 'move_fly']","['land','water']",rare,normal,flying,38.0,medium_fast,155
23,"['intimidate', 'shed-skin', 'unnerve']",아보,['candy_50'],['0024'],[],[],1,2.0,0.8,0.5,0.45,0.5,['move_strength'],['land'],common,poison,,6.9,medium_fast,58
24,"['intimidate', 'shed-skin', 'unnerve']",아보크,[],[],[],[],1,3.5,0.28,0.5,0.25,0.5,['move_strength'],['land'],rare,poison,,65.0,medium_fast,157
25,"['static', 'lightning-rod']",피카츄,['thunder-stone'],['0026'],[],[],1,0.4,0.55,0.5,0.45,0.5,"['move_surf', 'move_flash', 'move_rock-smash', 'move_strength']",['land'],rare,electric,,6.0,medium_fast,112
0025-rock-star,"['static', 'lightning-rod']",피카츄,['thunder-stone'],['0026'],[],[],1,0.4,0.55,0.5,0.45,0.5,"['move_flash', 'move_rock-smash', 'move_strength']",['land'],rare,electric,,6.0,medium_fast,112
0025-belle,"['static', 'lightning-rod']",피카츄,['thunder-stone'],['0026'],[],[],1,0.4,0.55,0.5,0.45,0.5,"['move_flash', 'move_rock-smash', 'move_strength']",['land'],rare,electric,,6.0,medium_fast,112
0025-pop-star,"['static', 'lightning-rod']",피카츄,['thunder-stone'],['0026'],[],[],1,0.4,0.55,0.5,0.45,0.5,"['move_flash', 'move_rock-smash', 'move_strength']",['land'],rare,electric,,6.0,medium_fast,112
0025-phd,"['static', 'lightning-rod']",피카츄,['thunder-stone'],['0026'],[],[],1,0.4,0.55,0.5,0.45,0.5,"['move_flash', 'move_rock-smash', 'move_strength']",['land'],rare,electric,,6.0,medium_fast,112
0025-libre,"['static', 'lightning-rod']",피카츄,['thunder-stone'],['0026'],[],[],1,0.4,0.55,0.5,0.45,0.5,"['move_flash', 'move_rock-smash', 'move_strength']",['land'],rare,electric,,6.0,medium_fast,112
0025-cosplay,"['static', 'lightning-rod']",피카츄,['thunder-stone'],['0026'],[],[],1,0.4,0.55,0.5,0.45,0.5,"['move_flash', 'move_rock-smash', 'move_strength']",['land'],rare,electric,,6.0,medium_fast,112
0025-original-cap,"['static', 'lightning-rod']",피카츄,['thunder-stone'],['0026'],[],[],1,0.4,0.55,0.5,0.45,0.5,['move_surf'],['land'],rare,electric,,6.0,medium_fast,112
0025-hoenn-cap,"['static', 'lightning-rod']",피카츄,['thunder-stone'],['0026'],[],[],1,0.4,0.55,0.5,0.45,0.5,['move_surf'],['land'],rare,electric,,6.0,medium_fast,112
0025-sinnoh-cap,"['static', 'lightning-rod']",피카츄,['thunder-stone'],['0026'],[],[],1,0.4,0.55,0.5,0.45,0.5,['move_surf'],['land'],rare,electric,,6.0,medium_fast,112
0025-unova-cap,"['static', 'lightning-rod']",피카츄,['thunder-stone'],['0026'],[],[],1,0.4,0.55,0.5,0.45,0.5,['move_surf'],['land'],rare,electric,,6.0,medium_fast,112
0025-kalos-cap,"['static', 'lightning-rod']",피카츄,['thunder-stone'],['0026'],[],[],1,0.4,0.55,0.5,0.45,0.5,['move_surf'],['land'],rare,electric,,6.0,medium_fast,112
0025_alola-cap,"['static', 'lightning-rod']",피카츄,['thunder-stone'],['0026'],[],[],1,0.4,0.55,0.5,0.45,0.5,['move_surf'],['land'],rare,electric,,6.0,medium_fast,112
0025-partner-cap,"['static', 'lightning-rod']",피카츄,['thunder-stone'],['0026'],[],[],1,0.4,0.55,0.5,0.45,0.5,['move_surf'],['land'],rare,electric,,6.0,medium_fast,112
0025-starter,"['static', 'lightning-rod']",피카츄,['thunder-stone'],['0026'],[],[],1,0.4,0.55,0.5,0.45,0.5,[],['land'],rare,electric,,6.0,medium_fast,112
0025-world-cap,"['static', 'lightning-rod']",피카츄,['thunder-stone'],['0026'],[],[],1,0.4,0.55,0.5,0.45,0.5,['move_surf'],['land'],rare,electric,,6.0,medium_fast,112
0025-gmax,"['static', 'lightning-rod']",피카츄,['thunder-stone'],['0026'],[],[],1,21.0,0.55,0.5,0.45,0.5,[],['land'],rare,electric,,1000.0,medium_fast,112
26,"['static', 'lightning-rod']",라이츄,[],[],[],[],1,0.8,0.2,0.5,0.6,0.5,"['move_surf', 'move_flash', 'move_rock-smash', 'move_strength']",['land'],epic,electric,,30.0,medium_fast,218
0026_alola,['surge-surfer'],라이츄,[],[],[],[],1,0.7,0.2,0.5,0.6,0.5,['move_surf'],['land'],epic,electric,psychic,21.0,medium_fast,218
0026-mega-x,[],라이츄,[],[],[],[],1,1.2,0.2,0.5,0.6,0.5,[],['land'],epic,electric,,38.0,medium_fast,218
0026-mega-y,[],라이츄,[],[],[],[],1,1.0,0.2,0.5,0.6,0.5,[],['land'],epic,electric,,26.0,medium_fast,218
27,"['sand-veil', 'sand-rush']",모래두지,['candy_50'],['0028'],[],[],1,0.6,0.8,0.5,0.35,0.5,"['move_cut', 'move_rock-smash', 'move_strength']",['land'],common,ground,,12.0,medium_fast,60
0027_alola,"['snow-cloak', 'slush-rush']",모래두지,['ice-stone'],['0028_alola'],[],[],1,0.7,0.8,0.5,0.35,0.5,[],['land'],common,ice,steel,40.0,medium_fast,60
28,"['sand-veil', 'sand-rush']",고지,[],[],[],[],1,1.0,0.28,0.5,0.25,0.5,"['move_cut', 'move_rock-smash', 'move_strength']",['land'],rare,ground,,29.5,medium_fast,158
0028_alola,"['snow-cloak', 'slush-rush']",고지,[],[],[],[],1,1.2,0.28,0.5,0.25,0.5,[],['land'],rare,ice,steel,55.0,medium_fast,158
29,"['poison-point', 'rivalry', 'hustle']",니드런♀,['candy_50'],['0030'],[],[],1,0.4,0.74,1.0,0.35,0.0,"['move_cut', 'move_rock-smash', 'move_strength']",['land'],common,poison,,7.0,medium_slow,55
30,"['poison-point', 'rivalry', 'hustle']",니드리나,['moon-stone'],['0031'],[],[],1,0.8,0.38,1.0,0.25,0.0,"['move_cut', 'move_rock-smash', 'move_strength']",['land'],rare,poison,,20.0,medium_slow,128
31,"['poison-point', 'rivalry', 'sheer-force']",니드퀸,[],[],[],[],1,1.3,0.14,1.0,0.6,0.0,"['move_surf', 'move_cut', 'move_rock-smash', 'move_strength']",['land'],epic,poison,ground,60.0,medium_slow,227
32,"['poison-point', 'rivalry', 'hustle']",니드런♂,['candy_50'],['0033'],[],[],1,0.5,0.74,0.0,0.35,1.0,"['move_cut', 'move_rock-smash', 'move_strength']",['land'],common,poison,,9.0,medium_slow,55
33,"['poison-point', 'rivalry', 'hustle']",니드리노,['moon-stone'],['0034'],[],[],1,0.9,0.38,0.0,0.25,1.0,"['move_cut', 'move_rock-smash', 'move_strength']",['land'],rare,poison,,19.5,medium_slow,128
34,"['poison-point', 'rivalry', 'sheer-force']",니드킹,[],[],[],[],1,1.4,0.14,0.0,0.6,1.0,"['move_surf', 'move_cut', 'move_rock-smash', 'move_strength']",['land'],epic,poison,ground,62.0,medium_slow,227
35,"['cute-charm', 'magic-guard', 'friend-guard']",삐삐,['moon-stone'],['0036'],[],[],1,0.6,0.47,0.75,0.45,0.25,"['move_flash', 'move_rock-smash', 'move_strength']",['land'],rare,fairy,,7.5,fast,113
36,"['cute-charm', 'magic-guard', 'unaware']",픽시,[],[],[],[],1,1.3,0.08,0.75,0.6,0.25,"['move_flash', 'move_rock-smash', 'move_strength']",['land'],epic,fairy,,40.0,fast,217
0036-mega,[],픽시,[],[],[],[],1,1.7,0.08,0.75,0.6,0.25,[],['land'],epic,fairy,flying,42.3,fast,217
37,"['flash-fire', 'drought']",식스테일,['fire-stone'],['0038'],[],[],1,0.6,0.55,0.75,0.45,0.25,[],['land'],rare,fire,,9.9,medium_fast,60
0037_alola,"['snow-cloak', 'snow-warning']",식스테일,['ice-stone'],['0038_alola'],[],[],1,0.6,0.55,0.75,0.45,0.25,[],['land'],rare,ice,,9.9,medium_fast,60
38,"['flash-fire', 'drought']",나인테일,[],[],[],[],1,1.1,0.2,0.75,0.6,0.25,[],['land'],epic,fire,,19.9,medium_fast,177
0038_alola,"['snow-cloak', 'snow-warning']",나인테일,[],[],[],[],1,1.1,0.2,0.75,0.6,0.25,[],['land'],epic,ice,fairy,19.9,medium_fast,177
39,"['cute-charm', 'competitive', 'friend-guard']",푸린,['moon-stone'],['0040'],[],[],1,0.5,0.54,0.75,0.45,0.25,"['move_flash', 'move_strength']",['land'],rare,normal,fairy,5.5,fast,95
40,"['cute-charm', 'competitive', 'frisk']",푸크린,[],[],[],[],1,1.0,0.16,0.75,0.6,0.25,"['move_flash', 'move_strength']",['land'],epic,normal,fairy,12.0,fast,196
41,"['inner-focus', 'infiltrator']",주뱃,['candy_50'],['0042'],[],[],1,0.8,0.8,0.5,0.35,0.5,"['move_mean-look', 'move_defog', 'move_fly']","['land','water']",common,poison,flying,7.5,medium_fast,49
42,"['inner-focus', 'infiltrator']",골뱃,['friendship_220'],['0169'],[],[],1,1.6,0.28,0.5,0.25,0.5,"['move_mean-look', 'move_defog', 'move_fly']","['land','water']",rare,poison,flying,55.0,medium_fast,159
43,"['chlorophyll', 'run-away']",뚜벅쵸,['candy_50'],['0044'],[],[],1,0.5,0.8,0.5,0.35,0.5,"['move_flash', 'move_cut']",['land'],common,grass,poison,5.4,medium_slow,64
44,"['chlorophyll', 'stench']",냄새꼬,"['leaf-stone', 'sun-stone']","['0045', '0182']",[],[],1,0.8,0.38,0.5,0.25,0.5,"['move_flash', 'move_cut']",['land'],rare,grass,poison,8.6,medium_slow,138
45,"['chlorophyll', 'effect-spore']",라플레시아,[],[],[],[],1,1.2,0.14,0.5,0.6,0.5,"['move_flash', 'move_cut']",['land'],epic,grass,poison,18.6,medium_slow,221
46,"['effect-spore', 'dry-skin', 'damp']",파라스,['candy_35'],['0047'],[],[],1,0.3,0.6,0.5,0.45,0.5,"['move_flash', 'move_cut', 'move_rock-smash']",['land'],common,bug,grass,5.4,medium_fast,57
47,"['effect-spore', 'dry-skin', 'damp']",파라섹트,[],[],[],[],1,1.0,0.23,0.5,0.35,0.5,"['move_flash', 'move_cut', 'move_rock-smash']",['land'],rare,bug,grass,29.5,medium_fast,142
48,"['compound-eyes', 'tinted-lens', 'run-away']",콘팡,['candy_35'],['0049'],[],[],1,1.0,0.6,0.5,0.35,0.5,['move_flash'],['land'],common,bug,poison,30.0,medium_fast,61
49,"['shield-dust', 'tinted-lens', 'wonder-skin']",도나리,[],[],[],[],1,1.5,0.23,0.5,0.45,0.5,"['move_flash', 'move_defog']",['land'],rare,bug,poison,12.5,medium_fast,158
50,"['sand-veil', 'arena-trap', 'sand-force']",디그다,['candy_35'],['0051'],[],[],1,0.2,0.8,0.5,0.45,0.5,"['move_cut', 'move_rock-smash']",['land'],common,ground,,0.8,medium_fast,53
0050_alola,"['sand-veil', 'tangling-hair', 'sand-force']",디그다,['candy_35'],['0051_alola'],[],[],1,0.2,0.8,0.5,0.45,0.5,[],['land'],common,ground,steel,1.0,medium_fast,53
51,"['sand-veil', 'arena-trap', 'sand-force']",닥트리오,[],[],[],[],1,0.7,0.16,0.5,0.45,0.5,"['move_cut', 'move_rock-smash']",['land'],rare,ground,,33.3,medium_fast,149
0051_alola,"['sand-veil', 'tangling-hair', 'sand-force']",닥트리오,[],[],[],[],1,0.7,0.16,0.5,0.45,0.5,[],['land'],rare,ground,steel,66.6,medium_fast,149
52,"['pickup', 'technician', 'unnerve']",나옹,['candy_50'],['0053'],[],[],1,0.4,0.8,0.5,0.35,0.5,"['move_flash', 'move_cut']",['land'],common,normal,,4.2,medium_fast,58
0052_alola,"['pickup', 'technician', 'rattled']",나옹,['candy_50'],['0053_alola'],[],[],1,0.4,0.8,0.5,0.35,0.5,[],['land'],common,dark,,4.2,medium_fast,58
0052_galar,"['pickup', 'tough-claws', 'unnerve']",나옹,['candy_50'],['0863'],[],[],1,0.4,0.8,0.5,0.35,0.5,[],['land'],common,steel,,7.5,medium_fast,58
0052-gmax,"['pickup', 'technician', 'unnerve']",나옹,,,[],[],1,33.0,0.8,0.5,0.35,0.5,[],['land'],common,normal,,1000.0,medium_fast,58
53,"['limber', 'technician', 'unnerve']",페르시온,[],[],[],[],1,1.0,0.28,0.5,0.45,0.5,"['move_flash', 'move_cut']",['land'],rare,normal,,32.0,medium_fast,154
0053_alola,"['fur-coat', 'technician', 'rattled']",페르시온,[],[],[],[],1,1.1,0.28,0.5,0.45,0.5,[],['land'],rare,dark,,33.0,medium_fast,154
54,"['damp', 'cloud-nine', 'swift-swim']",고라파덕,['candy_50'],['0055'],[],[],1,0.8,0.6,0.5,0.35,0.5,"['move_surf', 'move_flash', 'move_rock-smash', 'move_strength', 'move_waterfall', 'move_dive']","['land','water']",common,water,,19.6,medium_fast,64
55,"['damp', 'cloud-nine', 'swift-swim']",골덕,[],[],[],[],1,1.7,0.23,0.5,0.25,0.5,"['move_surf', 'move_flash', 'move_rock-smash', 'move_strength', 'move_waterfall', 'move_dive']","['land','water']",rare,water,,76.6,medium_fast,175
56,"['vital-spirit', 'anger-point', 'defiant']",망키,['candy_50'],['0057'],[],[],1,0.5,0.6,0.5,0.35,0.5,"['move_rock-smash', 'move_strength']",['land'],common,fighting,,28.0,medium_fast,61
57,"['vital-spirit', 'anger-point', 'defiant']",성원숭,['move_rage-fist'],['0979'],[],[],1,1.0,0.23,0.5,0.45,0.5,"['move_rock-smash', 'move_strength']",['land'],rare,fighting,,32.0,medium_fast,159
58,"['intimidate', 'flash-fire', 'justified']",가디,['fire-stone'],['0059'],[],[],1,0.7,0.55,0.25,0.45,0.75,"['move_rock-smash', 'move_strength']",['land'],rare,fire,,19.0,slow,70
0058_hisui,"['intimidate', 'flash-fire', 'rock-head']",가디,['fire-stone'],['0059_hisui'],[],[],1,0.8,0.55,0.25,0.45,0.75,['move_rock-smash'],['land'],rare,fire,rock,22.7,slow,70
59,"['intimidate', 'flash-fire', 'justified']",윈디,[],[],[],[],1,1.9,0.2,0.25,0.6,0.75,"['move_rock-smash', 'move_strength']",['land'],epic,fire,,155.0,slow,194
0059_hisui,"['intimidate', 'flash-fire', 'rock-head']",윈디,[],[],[],[],1,2.0,0.2,0.25,0.6,0.75,['move_rock-smash'],['land'],epic,fire,rock,168.0,slow,194
60,"['water-absorb', 'damp', 'swift-swim']",발챙이,['candy_50'],['0061'],[],[],1,0.6,0.8,0.5,0.35,0.5,"['move_surf', 'move_waterfall', 'move_dive']","['land','water']",common,water,,12.4,medium_slow,60
61,"['water-absorb', 'damp', 'swift-swim']",슈륙챙이,"['water-stone', 'kings-rock']","['0062', '0186']",[],[],1,1.0,0.38,0.5,0.25,0.5,"['move_surf', 'move_rock-smash', 'move_strength', 'move_waterfall', 'move_dive']","['land','water']",rare,water,,20.0,medium_slow,135
62,"['water-absorb', 'damp', 'swift-swim']",강챙이,[],[],[],[],1,1.3,0.14,0.5,0.6,0.5,"['move_surf', 'move_rock-smash', 'move_strength', 'move_waterfall', 'move_dive']","['land','water']",epic,water,fighting,54.0,medium_slow,230
63,"['synchronize', 'inner-focus', 'magic-guard']",캐이시,['candy_50'],['0064'],[],[],1,0.9,0.62,0.25,0.45,0.75,['move_flash'],['land'],common,psychic,,19.5,medium_slow,62
64,"['synchronize', 'inner-focus', 'magic-guard']",윤겔라,['trade'],['0065'],[],[],1,1.3,0.31,0.25,0.45,0.75,['move_flash'],['land'],rare,psychic,,56.5,medium_slow,140
65,"['synchronize', 'inner-focus', 'magic-guard']",후딘,[],[],[],[],1,1.5,0.16,0.25,0.6,0.75,['move_flash'],['land'],epic,psychic,,48.0,medium_slow,225
0065-mega,['trace'],후딘,[],[],[],[],1,1.2,0.16,0.25,0.6,0.75,['move_flash'],['land'],epic,psychic,,48.0,medium_slow,225
66,"['guts', 'no-guard', 'steadfast']",알통몬,['candy_50'],['0067'],[],[],1,0.8,0.57,0.25,0.35,0.75,"['move_rock-smash', 'move_strength']",['land'],common,fighting,,19.5,medium_slow,61
67,"['guts', 'no-guard', 'steadfast']",근육몬,['trade'],['0068'],[],[],1,1.5,0.28,0.25,0.25,0.75,"['move_rock-smash', 'move_strength']",['land'],rare,fighting,,70.5,medium_slow,142
68,"['guts', 'no-guard', 'steadfast']",괴력몬,[],[],[],[],1,1.6,0.14,0.25,0.6,0.75,"['move_rock-smash', 'move_strength']",['land'],epic,fighting,,130.0,medium_slow,227
0068-gmax,"['guts', 'no-guard', 'steadfast']",괴력몬,[],[],[],[],1,25.0,0.14,0.25,0.6,0.75,[],['land'],epic,fighting,,1000.0,medium_slow,227
69,"['chlorophyll', 'gluttony']",모다피,['candy_50'],['0070'],[],[],1,0.7,0.8,0.5,0.35,0.5,"['move_flash', 'move_cut']",['land'],common,grass,poison,4.0,medium_slow,60
70,"['chlorophyll', 'gluttony']",우츠동,['leaf-stone'],['0071'],[],[],1,1.0,0.38,0.5,0.25,0.5,"['move_flash', 'move_cut']",['land'],rare,grass,poison,6.4,medium_slow,137
71,"['chlorophyll', 'gluttony']",우츠보트,[],[],[],[],1,1.7,0.14,0.5,0.6,0.5,"['move_flash', 'move_cut']",['land'],epic,grass,poison,15.5,medium_slow,221
0071-mega,[],우츠보트,[],[],[],[],1,4.5,0.14,0.5,0.6,0.5,[],['land'],epic,grass,poison,125.5,medium_slow,221
72,"['clear-body', 'liquid-ooze', 'rain-dish']",왕눈해,['candy_50'],['0073'],[],[],1,0.9,0.6,0.5,0.35,0.5,"['move_surf', 'move_cut', 'move_waterfall', 'move_dive']",['water'],common,water,poison,45.5,slow,67
73,"['clear-body', 'liquid-ooze', 'rain-dish']",독파리,[],[],[],[],1,1.6,0.19,0.5,0.45,0.5,"['move_surf', 'move_cut', 'move_waterfall', 'move_dive']",['water'],rare,water,poison,55.0,slow,180
74,"['rock-head', 'sturdy', 'sand-veil']",꼬마돌,['candy_50'],['0075'],[],[],1,0.4,0.8,0.5,0.35,0.5,"['move_rock-smash', 'move_strength']",['land'],common,rock,ground,20.0,medium_slow,60
0074_alola,"['magnet-pull', 'sturdy', 'galvanize']",꼬마돌,['candy_50'],['0075_alola'],[],[],1,0.4,0.8,0.5,0.35,0.5,[],['land'],common,rock,electric,20.3,medium_slow,60
75,"['rock-head', 'sturdy', 'sand-veil']",데구리,['trade'],['0076'],[],[],1,1.0,0.38,0.5,0.25,0.5,"['move_rock-smash', 'move_strength']",['land'],rare,rock,ground,105.0,medium_slow,137
0075_alola,"['magnet-pull', 'sturdy', 'galvanize']",데구리,['trade'],['0076_alola'],[],[],1,1.0,0.38,0.5,0.25,0.5,[],['land'],rare,rock,electric,110.0,medium_slow,137
76,"['rock-head', 'sturdy', 'sand-veil']",딱구리,[],[],[],[],1,1.4,0.14,0.5,0.6,0.5,"['move_rock-smash', 'move_strength']",['land'],epic,rock,ground,300.0,medium_slow,223
0076_alola,"['magnet-pull', 'sturdy', 'galvanize']",딱구리,[],[],[],[],1,1.7,0.14,0.5,0.6,0.5,[],['land'],epic,rock,electric,316.0,medium_slow,223
77,"['run-away', 'flash-fire', 'flame-body']",포니타,['candy_40'],['0078'],[],[],1,1.0,0.6,0.5,0.45,0.5,['move_strength'],['land'],common,fire,,30.0,medium_fast,82
0077_galar,"['run-away', 'pastel-veil', 'anticipation']",포니타,['candy_40'],['0078_galar'],[],[],1,0.8,0.6,0.5,0.45,0.5,[],['land'],common,psychic,,24.0,medium_fast,82
78,"['run-away', 'flash-fire', 'flame-body']",날쌩마,[],[],[],[],1,1.7,0.19,0.5,0.45,0.5,['move_strength'],['land'],rare,fire,,95.0,medium_fast,175
0078_galar,"['run-away', 'pastel-veil', 'anticipation']",날쌩마,[],[],[],[],1,1.7,0.19,0.5,0.45,0.5,[],['land'],rare,psychic,fairy,80.0,medium_fast,175
79,"['oblivious', 'own-tempo', 'regenerator']",야돈,"['candy_50', 'kings-rock']","['0080', '0199']",[],[],1,1.2,0.6,0.5,0.25,0.5,"['move_surf', 'move_flash', 'move_strength', 'move_waterfall', 'move_dive']","['land','water']",common,water,psychic,36.0,medium_fast,63
0079_galar,"['gluttony', 'own-tempo', 'regenerator']",야돈,"['galarica-cuff', 'galarica-wreath']","['0080_galar', '0199_galar']",[],[],1,1.2,0.6,0.5,0.25,0.5,"['move_surf', 'move_waterfall', 'move_dive']","['land','water']",common,psychic,,36.0,medium_fast,63
80,"['oblivious', 'own-tempo', 'regenerator']",야도란,[],[],[],[],1,1.6,0.23,0.5,0.25,0.5,"['move_surf', 'move_flash', 'move_rock-smash', 'move_strength', 'move_waterfall', 'move_dive']","['land','water']",rare,water,psychic,78.5,medium_fast,172
0080-mega,['shell-armor'],야도란,[],[],[],[],1,2.0,0.23,0.5,0.25,0.5,"['move_surf', 'move_flash', 'move_rock-smash', 'move_strength', 'move_dive']","['land','water']",rare,water,psychic,120.0,medium_fast,172
0080_galar,"['quick-draw', 'own-tempo', 'regenerator']",야도란,[],[],[],[],1,1.6,0.23,0.5,0.25,0.5,"['move_surf', 'move_waterfall', 'move_dive']","['land','water']",rare,poison,psychic,70.5,medium_fast,172
81,"['magnet-pull', 'sturdy', 'analytic']",코일,['candy_50'],['0082'],[],[],1,0.3,0.6,0.0,0.35,0.0,['move_flash'],['land'],common,electric,steel,6.0,medium_fast,65
82,"['magnet-pull', 'sturdy', 'analytic']",레어코일,['thunder-stone'],['0462'],[],[],1,1.0,0.19,0.0,0.25,0.0,['move_flash'],['land'],rare,electric,steel,60.0,medium_fast,163
83,"['keen-eye', 'inner-focus', 'defiant']",파오리,[],['0865'],[],[],1,,0.14,0.5,0.45,0.5,"['move_defog', 'move_cut', 'move_fly']",['land'],common,normal,flying,,medium_fast,132
0083_galar,"['steadfast', 'scrappy']",파오리,['leak'],['0865'],[],[],1,,0.14,0.5,0.45,0.5,"['move_defog', 'move_rock-smash']",['land'],common,fighting,,,medium_fast,132
84,"['run-away', 'early-bird', 'tangled-feet']",두두,['candy_50'],['0085'],[],[],1,1.4,0.6,0.5,0.35,0.5,['move_fly'],['land'],common,normal,flying,39.2,medium_fast,62
85,"['run-away', 'early-bird', 'tangled-feet']",두트리오,[],[],[],[],1,1.8,0.14,0.5,0.25,0.5,['move_fly'],['land'],rare,normal,flying,85.2,medium_fast,165
86,"['thick-fat', 'hydration', 'ice-body']",쥬쥬,['candy_50'],['0087'],[],[],1,1.1,0.6,0.5,0.35,0.5,"['move_surf', 'move_strength', 'move_waterfall', 'move_dive']","['land','water']",common,water,,90.0,medium_fast,65
87,"['thick-fat', 'hydration', 'ice-body']",쥬레곤,[],[],[],[],1,1.7,0.23,0.5,0.45,0.5,"['move_surf', 'move_strength', 'move_waterfall', 'move_dive']","['land','water']",rare,water,ice,120.0,medium_fast,166
88,"['stench', 'sticky-hold', 'poison-touch']",질퍽이,['candy_50'],['0089'],[],[],1,0.9,0.6,0.5,0.25,0.5,"['move_mean-look', 'move_strength']",['land'],common,poison,,30.0,medium_fast,65
0088_alola,"['poison-touch', 'gluttony', 'power-of-alchemy']",질퍽이,['candy_50'],['0089_alola'],[],[],1,0.7,0.6,0.5,0.25,0.5,['move_mean-look'],['land'],common,poison,dark,42.0,medium_fast,65
89,"['stench', 'sticky-hold', 'poison-touch']",질뻐기,[],[],[],[],1,1.2,0.23,0.5,0.25,0.5,"['move_rock-smash', 'move_strength']",['land'],rare,poison,,30.0,medium_fast,175
0089_alola,"['poison-touch', 'gluttony', 'power-of-alchemy']",질뻐기,[],[],[],[],1,1.0,0.23,0.5,0.25,0.5,[],['land'],rare,poison,dark,52.0,medium_fast,175
90,"['shell-armor', 'skill-link', 'overcoat']",셀러,['water-stone'],['0091'],[],[],1,0.3,0.6,0.5,0.35,0.5,"['move_surf', 'move_waterfall', 'move_dive']",['water'],common,water,,4.0,slow,61
91,"['shell-armor', 'skill-link', 'overcoat']",파르셀,[],[],[],[],1,1.5,0.19,0.5,0.45,0.5,"['move_surf', 'move_waterfall', 'move_dive']",['water'],rare,water,ice,132.5,slow,184
92,['levitate'],고오스,['candy_50'],['0093'],[],[],1,1.3,0.6,0.5,0.45,0.5,['move_mean-look'],"['land','water']",common,ghost,poison,0.1,medium_slow,62
93,['levitate'],고우스트,['trade'],['0094'],[],[],1,1.6,0.28,0.5,0.35,0.5,['move_mean-look'],"['land','water']",rare,ghost,poison,0.1,medium_slow,142
94,['cursed-body'],팬텀,[],[],[],[],1,1.5,0.14,0.5,0.6,0.5,"['move_mean-look', 'move_rock-smash', 'move_strength']",['land'],epic,ghost,poison,40.5,medium_slow,225
0094-mega,['shadow-tag'],팬텀,[],[],[],[],1,1.4,0.14,0.5,0.6,0.5,"['move_mean-look', 'move_rock-smash', 'move_strength']",['land'],epic,ghost,poison,40.5,medium_slow,225
0094-gmax,['cursed-body'],팬텀,[],[],[],[],1,20.0,0.14,0.5,0.6,0.5,[],['land'],epic,ghost,poison,1000.0,medium_slow,225
95,"['rock-head', 'sturdy', 'weak-armor']",롱스톤,['metal-coat'],['0208'],[],[],1,8.8,0.14,0.5,0.25,0.5,"['move_rock-smash', 'move_strength']",['land'],common,rock,ground,210.0,medium_fast,77
96,"['insomnia', 'forewarn', 'inner-focus']",슬리프,['candy_50'],['0097'],[],[],1,1.0,0.6,0.5,0.35,0.5,['move_flash'],['land'],common,psychic,,32.4,medium_fast,66
97,"['insomnia', 'forewarn', 'inner-focus']",슬리퍼,[],[],[],[],1,1.6,0.23,0.5,0.25,0.5,['move_flash'],['land'],rare,psychic,,75.6,medium_fast,169
98,"['hyper-cutter', 'shell-armor', 'sheer-force']",크랩,['candy_50'],['0099'],[],[],1,0.4,0.7,0.5,0.35,0.5,"['move_surf', 'move_cut', 'move_rock-smash', 'move_strength', 'move_dive']","['land','water']",common,water,,6.5,medium_fast,65
99,"['hyper-cutter', 'shell-armor', 'sheer-force']",킹크랩,[],[],[],[],1,1.3,0.19,0.5,0.25,0.5,"['move_surf', 'move_cut', 'move_rock-smash', 'move_strength', 'move_dive']","['land','water']",rare,water,,60.0,medium_fast,166
0099-gmax,"['hyper-cutter', 'shell-armor', 'sheer-force']",킹크랩,[],[],[],[],1,19.0,0.19,0.5,0.25,0.5,[],"['land','water']",rare,water,,1000.0,medium_fast,166
100,"['soundproof', 'static', 'aftermath']",찌리리공,['candy_30'],['0101'],[],[],1,0.5,0.6,0.0,0.45,0.0,['move_flash'],['land'],common,electric,,10.4,medium_fast,66
0100_hisui,"['soundproof', 'static', 'aftermath']",찌리리공,['candy_30'],['0101_hisui'],[],[],1,0.5,0.6,0.0,0.45,0.0,[],['land'],common,electric,grass,13.0,medium_fast,66
101,"['soundproof', 'static', 'aftermath']",붐볼,[],[],[],[],1,1.2,0.19,0.0,0.45,0.0,['move_flash'],['land'],rare,electric,,66.6,medium_fast,172
0101_hisui,"['soundproof', 'static', 'aftermath']",붐볼,[],[],[],[],1,1.2,0.19,0.0,0.45,0.0,[],['land'],rare,electric,grass,71.0,medium_fast,172
102,"['chlorophyll', 'harvest']",아라리,['leaf-stone'],['0103'],[],[],1,0.4,0.28,0.5,0.35,0.5,"['move_flash', 'move_strength']",['land'],common,grass,psychic,2.5,slow,65
103,"['chlorophyll', 'harvest']",나시,[],[],[],[],1,2.0,0.14,0.5,0.45,0.5,"['move_flash', 'move_strength']",['land'],rare,grass,psychic,120.0,slow,186
0103_alola,"['frisk', 'harvest']",나시,[],[],[],[],1,10.9,0.14,0.5,0.45,0.5,[],['land'],rare,grass,dragon,415.6,slow,186
104,"['rock-head', 'lightning-rod', 'battle-armor']",탕구리,"['candy_50', 'candy_50+time_night']","['0105', '0105_alola']",[],[],1,0.4,0.6,0.5,0.35,0.5,"['move_rock-smash', 'move_strength']",['land'],common,ground,,6.5,medium_fast,64
105,"['rock-head', 'lightning-rod', 'battle-armor']",텅구리,[],[],[],[],1,1.0,0.23,0.5,0.25,0.5,"['move_rock-smash', 'move_strength']",['land'],rare,ground,,45.0,medium_fast,149
0105_alola,"['cursed-body', 'lightning-rod', 'rock-head']",텅구리,[],[],[],[],1,1.0,0.23,0.5,0.25,0.5,[],['land'],rare,fire,ghost,34.0,medium_fast,149
106,"['limber', 'reckless', 'unburden']",시라소몬,[],[],[],[],1,1.5,0.14,0.0,0.45,1.0,"['move_rock-smash', 'move_strength']",['land'],rare,fighting,,49.8,medium_fast,159
107,"['keen-eye', 'iron-fist', 'inner-focus']",홍수몬,[],[],[],[],1,1.4,0.14,0.0,0.45,1.0,"['move_rock-smash', 'move_strength']",['land'],rare,fighting,,50.2,medium_fast,159
108,"['own-tempo', 'oblivious', 'cloud-nine']",내루미,['move_rollout'],['0463'],[],[],1,1.2,0.14,0.5,0.25,0.5,"['move_surf', 'move_cut', 'move_rock-smash', 'move_strength']",['land'],common,normal,,65.5,medium_fast,77
109,"['levitate', 'neutralizing-gas', 'stench']",또가스,"['candy_50', 'candy_50']","['0110', '0110_galar']",[],[],1,0.6,0.6,0.5,0.35,0.5,['move_flash'],"['land','water']",common,poison,,1.0,medium_fast,68
110,"['levitate', 'neutralizing-gas', 'stench']",또도가스,[],[],[],[],1,1.2,0.19,0.5,0.25,0.5,['move_flash'],"['land','water']",rare,poison,,9.5,medium_fast,172
0110_galar,"['levitate', 'neutralizing-gas', 'misty-surge']",또도가스,[],[],[],[],1,3.0,0.19,0.5,0.25,0.5,['move_defog'],"['land','water']",rare,poison,fairy,16.0,medium_fast,172
111,"['lightning-rod', 'rock-head', 'reckless']",뿔카노,['candy_50'],['0112'],[],[],1,1.0,0.38,0.5,0.35,0.5,"['move_rock-smash', 'move_strength']",['land'],common,ground,rock,115.0,slow,69
112,"['lightning-rod', 'rock-head', 'reckless']",코뿌리,['protector'],['0464'],[],[],1,1.9,0.19,0.5,0.25,0.5,"['move_surf', 'move_cut', 'move_rock-smash', 'move_strength']",['land'],rare,ground,rock,120.0,slow,170
113,"['natural-cure', 'serene-grace', 'healer']",럭키,['friendship_160'],['0242'],[],[],1,1.1,0.1,1.0,0.35,0.0,"['move_flash', 'move_rock-smash', 'move_strength']",['land'],rare,normal,,34.6,fast,395
114,"['chlorophyll', 'leaf-guard', 'regenerator']",덩쿠리,['move_ancient-power'],['0465'],[],[],1,1.0,0.14,0.5,0.35,0.5,"['move_flash', 'move_cut', 'move_rock-smash']",['land'],common,grass,,35.0,medium_fast,87
115,"['early-bird', 'scrappy', 'inner-focus']",캥카,[],[],[],[],1,2.2,0.14,1.0,0.6,0.0,"['move_surf', 'move_cut', 'move_rock-smash', 'move_strength']",['land'],common,normal,,80.0,medium_fast,172
0115-mega,['parental-bond'],캥카,[],[],[],[],1,2.2,0.14,1.0,0.6,0.0,"['move_surf', 'move_cut', 'move_rock-smash', 'move_strength']",['land'],common,normal,,100.0,medium_fast,172
116,"['swift-swim', 'sniper', 'damp']",쏘드라,['candy_50'],['0117'],[],[],1,0.4,0.7,0.5,0.35,0.5,"['move_surf', 'move_waterfall', 'move_dive']",['water'],common,water,,8.0,medium_fast,59
117,"['poison-point', 'sniper', 'damp']",시드라,['dragon-scale'],['0230'],[],[],1,1.2,0.23,0.5,0.45,0.5,"['move_surf', 'move_waterfall', 'move_dive']",['water'],rare,water,,25.0,medium_fast,154
118,"['swift-swim', 'water-veil', 'lightning-rod']",콘치,['candy_40'],['0119'],[],[],1,0.6,0.7,0.5,0.35,0.5,"['move_surf', 'move_waterfall', 'move_dive']",['water'],common,water,,15.0,medium_fast,64
119,"['swift-swim', 'water-veil', 'lightning-rod']",왕콘치,[],[],[],[],1,1.3,0.19,0.5,0.25,0.5,"['move_surf', 'move_waterfall', 'move_dive']",['water'],rare,water,,39.0,medium_fast,158
120,"['illuminate', 'natural-cure', 'analytic']",별가사리,['water-stone'],['0121'],[],[],1,0.8,0.7,0.0,0.35,0.0,"['move_surf', 'move_flash', 'move_waterfall', 'move_dive']",['water'],common,water,,34.5,slow,68
121,"['illuminate', 'natural-cure', 'analytic']",아쿠스타,[],[],[],[],1,1.1,0.19,0.0,0.45,0.0,"['move_surf', 'move_flash', 'move_waterfall', 'move_dive']",['water'],rare,water,psychic,80.0,slow,182
0121-mega,[],아쿠스타,[],[],[],[],1,2.3,0.19,0.0,0.45,0.0,[],['water'],rare,water,psychic,80.0,slow,182
122,"['soundproof', 'filter', 'technician']",마임맨,[],[],[],[],1,1.3,0.14,0.5,0.35,0.5,['move_flash'],['land'],rare,psychic,fairy,54.5,medium_fast,161
0122_galar,"['vital-spirit', 'screen-cleaner', 'ice-body']",마임맨,['candy_50'],['0866'],[],[],1,1.4,0.14,0.5,0.35,0.5,[],['land'],rare,ice,psychic,56.8,medium_fast,161
123,"['swarm', 'technician', 'steadfast']",스라크,"['metal-coat', 'black-augurite']","['0212', '0900']",[],[],1,1.5,0.14,0.5,0.35,0.5,"['move_defog', 'move_cut', 'move_rock-smash']",['land'],common,bug,flying,56.0,medium_fast,100
124,"['oblivious', 'forewarn', 'dry-skin']",루주라,[],[],[],[],1,1.4,0.14,1.0,0.45,0.0,"['move_mean-look', 'move_flash']",['land'],rare,ice,psychic,40.6,medium_fast,159
125,"['static', 'vital-spirit']",에레브,['electirizer'],['0466'],[],[],1,1.1,0.14,0.25,0.45,0.75,"['move_flash', 'move_rock-smash', 'move_strength']",['land'],rare,electric,,30.0,medium_fast,172
126,"['flame-body', 'vital-spirit']",마그마,['magmarizer'],['0467'],[],[],1,1.3,0.14,0.25,0.35,0.75,"['move_rock-smash', 'move_strength']",['land'],rare,fire,,44.5,medium_fast,173
127,"['hyper-cutter', 'mold-breaker', 'moxie']",쁘사이저,[],[],[],[],1,1.5,0.14,0.5,0.45,0.5,"['move_cut', 'move_rock-smash', 'move_strength']",['land'],rare,bug,,55.0,slow,175
0127-mega,['aerilate'],쁘사이저,[],[],[],[],1,1.7,0.14,0.5,0.45,0.5,"['move_cut', 'move_rock-smash', 'move_strength']",['land'],rare,bug,flying,59.0,slow,175
128,"['intimidate', 'anger-point', 'sheer-force']",켄타로스,[],[],[],[],1,1.4,0.14,0.0,0.6,1.0,"['move_surf', 'move_rock-smash', 'move_strength']",['land'],epic,normal,,88.4,slow,172
0128-combat_paldea,"['intimidate', 'anger-point', 'cud-chew']",켄타로스,[],[],[],[],1,,0.14,0.0,0.6,1.0,['move_surf'],['land'],epic,fighting,,,slow,172
0128-blaze_paldea,"['intimidate', 'anger-point', 'cud-chew']",켄타로스,[],[],[],[],1,,0.14,0.0,0.6,1.0,[],['land'],epic,fighting,fire,,slow,172
0128-aqua_paldea,"['intimidate', 'anger-point', 'cud-chew']",켄타로스,[],[],[],[],1,,0.14,0.0,0.6,1.0,['move_surf'],['land'],epic,fighting,water,,slow,172
129,"['swift-swim', 'rattled']",잉어킹,['candy_100'],['0130'],[],[],1,0.9,0.8,0.5,0.35,0.5,[],['water'],common,water,,10.0,slow,40
130,"['intimidate', 'moxie']",갸라도스,[],[],[],[],1,6.5,0.14,0.5,0.6,0.5,"['move_surf', 'move_rock-smash', 'move_strength', 'move_waterfall', 'move_dive']",['water'],epic,water,flying,235.0,slow,189
0130-mega,['mold-breaker'],갸라도스,[],[],[],[],1,6.5,0.14,0.5,0.6,0.5,"['move_surf', 'move_rock-smash', 'move_strength', 'move_waterfall', 'move_dive']",['water'],epic,water,dark,305.0,slow,189
131,"['water-absorb', 'shell-armor', 'hydration']",라프라스,[],[],[],[],1,2.5,0.14,0.5,0.6,0.5,"['move_surf', 'move_rock-smash', 'move_strength', 'move_waterfall', 'move_dive']",['water'],epic,water,ice,220.0,slow,187
0131-gmax,"['water-absorb', 'shell-armor', 'hydration']",라프라스,[],[],[],[],1,24.0,0.14,0.5,0.6,0.5,[],['water'],epic,water,ice,1000.0,slow,187
132,"['limber', 'imposter']",메타몽,[],[],[],[],1,0.3,0.11,0.0,0.6,0.0,[],['land'],epic,normal,,4.0,medium_fast,101
133,"['run-away', 'adaptability', 'anticipation']",이브이,"['water-stone', 'thunder-stone', 'fire-stone', 'friendship_160+time_day', 'friendship_160+time_night', 'leaf-stone', 'ice-stone', 'friendship_220+fairy-feather']","['0134', '0135', '0136', '0196', '0197', '0470', '0471', '0700']",[],[],1,0.3,0.14,0.12,0.45,0.88,[],['land'],rare,normal,,6.5,medium_fast,65
0133-starter,"['run-away', 'adaptability', 'anticipation']",이브이,,,[],[],1,0.3,0.14,0.12,0.45,0.88,[],['land'],rare,normal,,6.5,medium_fast,65
0133-gmax,"['run-away', 'adaptability', 'anticipation']",이브이,,,[],[],1,18.0,0.14,0.12,0.45,0.88,[],['land'],rare,normal,,1000.0,medium_fast,65
134,"['water-absorb', 'hydration']",샤미드,[],[],[],[],1,1.0,0.14,0.12,0.45,0.88,"['move_surf', 'move_rock-smash', 'move_strength', 'move_waterfall', 'move_dive']",['water'],rare,water,,29.0,medium_fast,184
135,"['volt-absorb', 'quick-feet']",쥬피썬더,[],[],[],[],1,0.8,0.14,0.12,0.45,0.88,"['move_flash', 'move_rock-smash', 'move_strength']",['land'],rare,electric,,24.5,medium_fast,184
136,"['flash-fire', 'guts']",부스터,[],[],[],[],1,0.9,0.14,0.12,0.45,0.88,"['move_rock-smash', 'move_strength']",['land'],rare,fire,,25.0,medium_fast,184
137,"['trace', 'download', 'analytic']",폴리곤,['up-grade'],['0233'],[],[],1,0.8,0.14,0.0,0.45,0.0,['move_flash'],['land'],rare,normal,,36.5,medium_fast,79
138,"['swift-swim', 'shell-armor', 'weak-armor']",암나이트,['candy_40'],['0139'],[],[],1,0.4,0.14,0.12,0.35,0.88,"['move_surf', 'move_rock-smash', 'move_waterfall', 'move_dive']",['water'],common,rock,water,7.5,medium_fast,71
139,"['swift-swim', 'shell-armor', 'weak-armor']",암스타,[],[],[],[],1,1.0,0.14,0.12,0.45,0.88,"['move_surf', 'move_rock-smash', 'move_waterfall', 'move_dive']",['water'],rare,rock,water,35.0,medium_fast,173
140,"['swift-swim', 'battle-armor', 'weak-armor']",투구,['candy_40'],['0141'],[],[],1,0.5,0.14,0.12,0.35,0.88,"['move_surf', 'move_rock-smash', 'move_waterfall']",['water'],common,rock,water,11.5,medium_fast,71
141,"['swift-swim', 'battle-armor', 'weak-armor']",투구푸스,[],[],[],[],1,1.3,0.14,0.12,0.45,0.88,"['move_surf', 'move_cut', 'move_rock-smash', 'move_waterfall', 'move_dive']",['water'],rare,rock,water,40.5,medium_fast,173
142,"['rock-head', 'pressure', 'unnerve']",프테라,[],[],[],[],1,1.8,0.14,0.12,0.45,0.88,"['move_defog', 'move_rock-smash', 'move_strength', 'move_fly']","['land','water']",rare,rock,flying,59.0,slow,180
0142-mega,['tough-claws'],프테라,[],[],[],[],1,2.1,0.14,0.12,0.45,0.88,"['move_defog', 'move_rock-smash', 'move_strength', 'move_fly']","['land','water']",rare,rock,flying,79.0,slow,180
143,"['immunity', 'thick-fat', 'gluttony']",잠만보,[],[],[],[],1,2.1,0.08,0.12,0.6,0.88,"['move_surf', 'move_rock-smash', 'move_strength']",['land'],epic,normal,,460.0,slow,189
0143-gmax,"['immunity', 'thick-fat', 'gluttony']",잠만보,[],[],[],[],1,35.0,0.08,0.12,0.6,0.88,[],['land'],epic,normal,,1000.0,slow,189
144,"['pressure', 'snow-cloak']",프리져,[],[],[],[],1,1.7,0.01,0.0,0.6,0.0,"['move_defog', 'move_rock-smash', 'move_fly']","['land','water']",epic,ice,flying,55.4,slow,261
0144_galar,['competitive'],프리져,[],[],[],[],1,1.7,0.01,0.0,0.6,0.0,['move_fly'],"['land','water']",epic,psychic,flying,50.9,slow,261
145,"['pressure', 'static']",썬더,[],[],[],[],1,1.6,0.01,0.0,0.6,0.0,"['move_flash', 'move_defog', 'move_rock-smash', 'move_fly']","['land','water']",epic,electric,flying,52.6,slow,261
0145_galar,['defiant'],썬더,[],[],[],[],1,1.6,0.01,0.0,0.6,0.0,"['move_rock-smash', 'move_fly']","['land','water']",epic,fighting,flying,58.2,slow,261
146,"['pressure', 'flame-body']",파이어,[],[],[],[],1,2.0,0.01,0.0,0.6,0.0,"['move_defog', 'move_rock-smash', 'move_fly']","['land','water']",epic,fire,flying,60.0,slow,261
0146_galar,['berserk'],파이어,[],[],[],[],1,2.0,0.01,0.0,0.6,0.0,['move_fly'],"['land','water']",epic,dark,flying,66.0,slow,261
147,"['shed-skin', 'marvel-scale']",미뇽,['candy_50'],['0148'],[],[],1,1.8,0.14,0.5,0.45,0.5,"['move_surf', 'move_waterfall']","['land','water']",rare,dragon,,3.3,slow,60
148,"['shed-skin', 'marvel-scale']",신뇽,['candy_150'],['0149'],[],[],1,4.0,0.14,0.5,0.35,0.5,"['move_surf', 'move_waterfall']","['land','water']",rare,dragon,,16.5,slow,147
149,"['inner-focus', 'multiscale']",망나뇽,[],[],[],[],1,2.2,0.14,0.5,0.6,0.5,"['move_surf', 'move_defog', 'move_cut', 'move_rock-smash', 'move_strength', 'move_waterfall', 'move_dive', 'move_fly']","['land','water']",epic,dragon,flying,210.0,slow,270
0149-mega,[],망나뇽,[],[],[],[],1,5.5,0.14,0.5,0.6,0.5,[],"['land','water']",epic,dragon,flying,290.0,slow,270
150,"['pressure', 'unnerve']",뮤츠,[],[],[],[],1,2.0,0.01,0.0,0.75,0.0,"['move_flash', 'move_rock-smash', 'move_strength', 'move_dive']",['land'],legendary,psychic,,122.0,slow,306
0150-mega-x,['steadfast'],뮤츠,[],[],[],[],1,2.3,0.01,0.0,0.75,0.0,"['move_flash', 'move_rock-smash', 'move_strength', 'move_dive']",['land'],legendary,psychic,fighting,127.0,slow,306
0150-mega-y,['insomnia'],뮤츠,[],[],[],[],1,1.5,0.01,0.0,0.75,0.0,"['move_flash', 'move_rock-smash', 'move_strength', 'move_dive']",['land'],legendary,psychic,,33.0,slow,306
151,['synchronize'],뮤,[],[],[],[],1,0.4,0.03,0.0,0.75,0.0,"['move_surf', 'move_flash', 'move_defog', 'move_cut', 'move_rock-smash', 'move_strength', 'move_waterfall', 'move_dive', 'move_fly']","['land','water']",legendary,psychic,,4.0,medium_slow,270
152,"['overgrow', 'leaf-guard']",치코리타,['candy_50'],['0153'],[],[],2,0.9,0.14,0.12,0.6,0.88,"['move_flash', 'move_cut']",['land'],epic,grass,,6.4,medium_slow,64
153,"['overgrow', 'leaf-guard']",베이리프,['candy_100'],['0154'],[],[],2,1.2,0.14,0.12,0.6,0.88,"['move_flash', 'move_cut', 'move_rock-smash', 'move_strength']",['land'],epic,grass,,15.8,medium_slow,142
154,"['overgrow', 'leaf-guard']",메가니움,[],[],[],[],2,1.8,0.14,0.12,0.6,0.88,"['move_flash', 'move_cut', 'move_rock-smash', 'move_strength']",['land'],epic,grass,,100.5,medium_slow,236
0154-mega,[],메가니움,[],[],[],[],2,2.4,0.14,0.12,0.6,0.88,[],['land'],epic,grass,fairy,201.0,medium_slow,236
155,"['blaze', 'flash-fire']",브케인,['candy_50'],['0156'],[],[],2,0.5,0.14,0.12,0.6,0.88,['move_cut'],['land'],epic,fire,,7.9,medium_slow,62
156,"['blaze', 'flash-fire']",마그케인,['candy_100'],['0157'],[],[],2,0.9,0.14,0.12,0.6,0.88,"['move_cut', 'move_rock-smash', 'move_strength']",['land'],epic,fire,,19.0,medium_slow,142
157,"['blaze', 'flash-fire']",블레이범,[],[],[],[],2,1.7,0.14,0.12,0.6,0.88,"['move_cut', 'move_rock-smash', 'move_strength']",['land'],epic,fire,,79.5,medium_slow,240
0157_hisui,"['blaze', 'frisk']",블레이범,[],[],[],[],2,1.6,0.14,0.12,0.6,0.88,['move_rock-smash'],['land'],epic,fire,ghost,69.8,medium_slow,240
158,"['torrent', 'sheer-force']",리아코,['candy_50'],['0159'],[],[],2,0.6,0.14,0.12,0.6,0.88,"['move_surf', 'move_cut', 'move_waterfall', 'move_dive']","['land','water']",epic,water,,9.5,medium_slow,63
159,"['torrent', 'sheer-force']",엘리게이,['candy_100'],['0160'],[],[],2,1.1,0.14,0.12,0.6,0.88,"['move_surf', 'move_cut', 'move_rock-smash', 'move_strength', 'move_waterfall', 'move_dive']","['land','water']",epic,water,,25.0,medium_slow,142
160,"['torrent', 'sheer-force']",장크로다일,[],[],[],[],2,2.3,0.14,0.12,0.6,0.88,"['move_surf', 'move_cut', 'move_rock-smash', 'move_strength', 'move_waterfall', 'move_dive']","['land','water']",epic,water,,88.8,medium_slow,239
0160-mega,[],장크로다일,[],[],[],[],2,2.3,0.14,0.12,0.6,0.88,[],"['land','water']",epic,water,dragon,108.8,medium_slow,239
161,"['run-away', 'keen-eye', 'frisk']",꼬리선,['candy_35'],['0162'],[],[],2,0.8,0.8,0.5,0.45,0.5,"['move_surf', 'move_cut']",['land'],common,normal,,6.0,medium_fast,43
162,"['run-away', 'keen-eye', 'frisk']",다꼬리,[],[],[],[],2,1.8,0.28,0.5,0.35,0.5,"['move_surf', 'move_cut', 'move_rock-smash', 'move_strength']",['land'],rare,normal,,32.5,medium_fast,145
163,"['insomnia', 'keen-eye', 'tinted-lens']",부우부,['candy_50'],['0164'],[],[],2,0.7,0.8,0.5,0.35,0.5,"['move_mean-look', 'move_flash', 'move_defog', 'move_fly']",['land'],common,normal,flying,21.2,medium_fast,52
164,"['insomnia', 'keen-eye', 'tinted-lens']",야부엉,[],[],[],[],2,1.6,0.28,0.5,0.45,0.5,"['move_flash', 'move_defog', 'move_fly']",['land'],rare,normal,flying,40.8,medium_fast,158
165,"['swarm', 'early-bird', 'rattled']",레디바,['candy_25'],['0166'],[],[],2,1.0,0.8,0.5,0.35,0.5,['move_flash'],['land'],common,bug,flying,10.8,fast,53
166,"['swarm', 'early-bird', 'iron-fist']",레디안,[],[],[],[],2,1.4,0.28,0.5,0.45,0.5,"['move_flash', 'move_defog', 'move_rock-smash', 'move_strength']",['land'],rare,bug,flying,35.6,fast,137
167,"['swarm', 'insomnia', 'sniper']",페이검,['candy_30'],['0168'],[],[],2,0.5,0.8,0.5,0.35,0.5,['move_flash'],['land'],common,bug,poison,8.5,fast,50
168,"['swarm', 'insomnia', 'sniper']",아리아도스,[],[],[],[],2,1.1,0.28,0.5,0.45,0.5,['move_flash'],['land'],rare,bug,poison,33.5,fast,140
169,"['inner-focus', 'infiltrator']",크로뱃,[],[],[],[],2,1.8,0.2,0.5,0.6,0.5,"['move_mean-look', 'move_defog', 'move_fly']","['land','water']",epic,poison,flying,75.0,medium_fast,241
170,"['volt-absorb', 'illuminate', 'water-absorb']",초라기,['candy_50'],['0171'],[],[],2,0.5,0.6,0.5,0.35,0.5,"['move_surf', 'move_flash', 'move_waterfall', 'move_dive']",['water'],common,water,electric,12.0,slow,66
171,"['volt-absorb', 'illuminate', 'water-absorb']",랜턴,[],[],[],[],2,1.2,0.23,0.5,0.45,0.5,"['move_surf', 'move_flash', 'move_waterfall', 'move_dive']",['water'],rare,water,electric,22.5,slow,161
172,"['static', 'lightning-rod']",피츄,['friendship_220'],['0025'],[],[],2,0.3,0.6,0.5,0.35,0.5,"['move_surf', 'move_flash']",['land'],common,electric,,2.0,medium_fast,41
173,"['cute-charm', 'magic-guard', 'friend-guard']",삐,['friendship_220'],['0035'],[],[],2,0.3,0.47,0.75,0.35,0.25,['move_flash'],['land'],common,fairy,,3.0,fast,44
174,"['cute-charm', 'competitive', 'friend-guard']",푸푸린,['friendship_220'],['0039'],[],[],2,0.3,0.54,0.75,0.35,0.25,['move_flash'],['land'],common,normal,fairy,1.0,fast,42
175,"['hustle', 'serene-grace', 'super-luck']",토게피,['friendship_220'],['0176'],[],[],2,0.3,0.6,0.12,0.35,0.88,"['move_flash', 'move_rock-smash']",['land'],common,fairy,,1.5,fast,49
176,"['hustle', 'serene-grace', 'super-luck']",토게틱,['shiny-stone'],['0468'],[],[],2,0.6,0.23,0.12,0.45,0.88,"['move_flash', 'move_defog', 'move_rock-smash', 'move_fly']","['land','water']",rare,fairy,flying,3.2,fast,142
177,"['synchronize', 'early-bird', 'magic-bounce']",네이티,['candy_50'],['0178'],[],[],2,0.2,0.6,0.5,0.35,0.5,['move_flash'],['land'],common,psychic,flying,2.0,medium_fast,64
178,"['synchronize', 'early-bird', 'magic-bounce']",네이티오,[],[],[],[],2,1.5,0.23,0.5,0.45,0.5,"['move_flash', 'move_defog', 'move_fly']",['land'],rare,psychic,flying,15.0,medium_fast,165
179,"['static', 'plus']",메리프,['candy_30'],['0180'],[],[],2,0.6,0.74,0.5,0.25,0.5,['move_flash'],['land'],common,electric,,7.8,medium_slow,56
180,"['static', 'plus']",보송송,['candy_60'],['0181'],[],[],2,0.8,0.38,0.5,0.45,0.5,"['move_flash', 'move_rock-smash', 'move_strength']",['land'],rare,electric,,13.3,medium_slow,128
181,"['static', 'plus']",전룡,[],[],[],[],2,1.4,0.14,0.5,0.6,0.5,"['move_flash', 'move_rock-smash', 'move_strength']",['land'],epic,electric,,61.5,medium_slow,230
0181-mega,['mold-breaker'],전룡,[],[],[],[],2,1.4,0.14,0.5,0.6,0.5,"['move_flash', 'move_rock-smash', 'move_strength']",['land'],epic,electric,dragon,61.5,medium_slow,230
182,"['chlorophyll', 'healer']",아르코,[],[],[],[],2,0.4,0.14,0.5,0.6,0.5,"['move_flash', 'move_cut']",['land'],epic,grass,,5.8,medium_slow,221
183,"['thick-fat', 'huge-power', 'sap-sipper']",마릴,['candy_50'],['0184'],[],[],2,0.4,0.55,0.5,0.25,0.5,"['move_surf', 'move_rock-smash', 'move_strength', 'move_waterfall', 'move_dive']","['land','water']",rare,water,fairy,8.5,fast,88
184,"['thick-fat', 'huge-power', 'sap-sipper']",마릴리,[],[],[],[],2,0.8,0.2,0.5,0.6,0.5,"['move_surf', 'move_rock-smash', 'move_strength', 'move_waterfall', 'move_dive']","['land','water']",epic,water,fairy,28.5,fast,189
185,"['sturdy', 'rock-head', 'rattled']",꼬지모,[],[],[],[],2,1.2,0.2,0.5,0.45,0.5,"['move_rock-smash', 'move_strength']",['land'],rare,rock,,38.0,medium_fast,144
186,"['water-absorb', 'damp', 'drizzle']",왕구리,[],[],[],[],2,1.1,0.14,0.5,0.6,0.5,"['move_surf', 'move_rock-smash', 'move_strength', 'move_waterfall', 'move_dive']","['land','water']",epic,water,,33.9,medium_slow,225
187,"['chlorophyll', 'leaf-guard', 'infiltrator']",통통코,['candy_36'],['0188'],[],[],2,0.4,0.8,0.5,0.35,0.5,['move_flash'],"['land','water']",common,grass,flying,0.5,medium_slow,50
188,"['chlorophyll', 'leaf-guard', 'infiltrator']",두코,['candy_50'],['0189'],[],[],2,0.6,0.38,0.5,0.35,0.5,['move_flash'],"['land','water']",rare,grass,flying,1.0,medium_slow,119
189,"['chlorophyll', 'leaf-guard', 'infiltrator']",솜솜코,[],[],[],[],2,0.8,0.14,0.5,0.6,0.5,['move_flash'],"['land','water']",epic,grass,flying,3.0,medium_slow,207
190,"['run-away', 'pickup', 'skill-link']",에이팜,['move_double-hit'],['0424'],[],[],2,0.8,0.14,0.5,0.35,0.5,"['move_cut', 'move_rock-smash', 'move_strength']",['land'],common,normal,,11.5,fast,72
191,"['chlorophyll', 'solar-power', 'early-bird']",해너츠,['sun-stone'],['0192'],[],[],2,0.3,0.74,0.5,0.35,0.5,"['move_flash', 'move_cut']",['land'],common,grass,,1.8,medium_slow,36
192,"['chlorophyll', 'solar-power', 'early-bird']",해루미,[],[],[],[],2,0.8,0.38,0.5,0.45,0.5,"['move_flash', 'move_cut']",['land'],rare,grass,,8.5,medium_slow,149
193,"['speed-boost', 'compound-eyes', 'frisk']",왕자리,['move_ancient-power'],['0469'],[],[],2,1.2,0.23,0.5,0.45,0.5,"['move_flash', 'move_defog']","['land','water']",rare,bug,flying,38.0,medium_fast,78
194,"['damp', 'water-absorb', 'unaware']",우파,['candy_50'],['0195'],[],[],2,0.4,0.8,0.5,0.45,0.5,"['move_surf', 'move_flash', 'move_rock-smash', 'move_waterfall', 'move_dive']","['land','water']",common,water,ground,8.5,medium_fast,42
0194_paldea,"['poison-point', 'water-absorb', 'unaware']",우파,['candy_50'],['0980'],[],[],2,0.4,0.8,0.5,0.45,0.5,"['move_surf', 'move_waterfall']","['land','water']",common,poison,ground,11.0,medium_fast,42
195,"['damp', 'water-absorb', 'unaware']",누오,[],[],[],[],2,1.4,0.28,0.5,0.25,0.5,"['move_surf', 'move_flash', 'move_rock-smash', 'move_strength', 'move_waterfall', 'move_dive']","['land','water']",rare,water,ground,75.0,medium_fast,151
196,"['synchronize', 'magic-bounce']",에브이,[],[],[],[],2,0.9,0.14,0.12,0.6,0.88,"['move_flash', 'move_cut']",['land'],epic,psychic,,26.5,medium_fast,184
197,"['synchronize', 'inner-focus']",블래키,[],[],[],[],2,1.0,0.14,0.12,0.6,0.88,"['move_mean-look', 'move_flash', 'move_cut']",['land'],epic,dark,,27.0,medium_fast,184
198,"['insomnia', 'super-luck', 'ptierster']",니로우,['dusk-stone'],['0430'],[],[],2,0.5,0.1,0.5,0.45,0.5,"['move_mean-look', 'move_defog', 'move_fly']",['land'],common,dark,flying,2.1,medium_slow,81
199,"['oblivious', 'own-tempo', 'regenerator']",야도킹,[],[],[],[],2,2.0,0.2,0.5,0.6,0.5,"['move_surf', 'move_flash', 'move_rock-smash', 'move_strength', 'move_waterfall', 'move_dive']","['land','water']",epic,water,psychic,79.5,medium_fast,172
0199_galar,"['curious_medicine', 'own-tempo', 'regenerator']",야도킹,[],[],[],[],2,1.8,0.2,0.5,0.6,0.5,"['move_surf', 'move_waterfall', 'move_dive']","['land','water']",epic,poison,psychic,79.5,medium_fast,172
200,['levitate'],무우마,['dusk-stone'],['0429'],[],[],2,0.7,0.14,0.5,0.45,0.5,"['move_mean-look', 'move_flash']","['land','water']",rare,ghost,,1.0,fast,87
0201-a,['levitate'],안농,[],[],[],[],2,,0.55,0.0,0.45,0.0,[],"['land','water']",rare,psychic,,,medium_fast,118
0201-b,['levitate'],안농,[],[],[],[],2,,0.55,0.0,0.45,0.0,[],"['land','water']",rare,psychic,,,medium_fast,118
0201-c,['levitate'],안농,[],[],[],[],2,,0.55,0.0,0.45,0.0,[],"['land','water']",rare,psychic,,,medium_fast,118
0201-d,['levitate'],안농,[],[],[],[],2,,0.55,0.0,0.45,0.0,[],"['land','water']",rare,psychic,,,medium_fast,118
0201-e,['levitate'],안농,[],[],[],[],2,,0.55,0.0,0.45,0.0,[],"['land','water']",rare,psychic,,,medium_fast,118
0201-f,['levitate'],안농,[],[],[],[],2,,0.55,0.0,0.45,0.0,[],"['land','water']",rare,psychic,,,medium_fast,118
0201-g,['levitate'],안농,[],[],[],[],2,,0.55,0.0,0.45,0.0,[],"['land','water']",rare,psychic,,,medium_fast,118
0201-h,['levitate'],안농,[],[],[],[],2,,0.55,0.0,0.45,0.0,[],"['land','water']",rare,psychic,,,medium_fast,118
0201-i,['levitate'],안농,[],[],[],[],2,,0.55,0.0,0.45,0.0,[],"['land','water']",rare,psychic,,,medium_fast,118
0201-j,['levitate'],안농,[],[],[],[],2,,0.55,0.0,0.45,0.0,[],"['land','water']",rare,psychic,,,medium_fast,118
0201-k,['levitate'],안농,[],[],[],[],2,,0.55,0.0,0.45,0.0,[],"['land','water']",rare,psychic,,,medium_fast,118
0201-l,['levitate'],안농,[],[],[],[],2,,0.55,0.0,0.45,0.0,[],"['land','water']",rare,psychic,,,medium_fast,118
0201-n,['levitate'],안농,[],[],[],[],2,,0.55,0.0,0.45,0.0,[],"['land','water']",rare,psychic,,,medium_fast,118
0201-m,['levitate'],안농,[],[],[],[],2,,0.55,0.0,0.45,0.0,[],"['land','water']",rare,psychic,,,medium_fast,118
0201-o,['levitate'],안농,[],[],[],[],2,,0.55,0.0,0.45,0.0,[],"['land','water']",rare,psychic,,,medium_fast,118
0201-p,['levitate'],안농,[],[],[],[],2,,0.55,0.0,0.45,0.0,[],"['land','water']",rare,psychic,,,medium_fast,118
0201-q,['levitate'],안농,[],[],[],[],2,,0.55,0.0,0.45,0.0,[],"['land','water']",rare,psychic,,,medium_fast,118
0201-r,['levitate'],안농,[],[],[],[],2,,0.55,0.0,0.45,0.0,[],"['land','water']",rare,psychic,,,medium_fast,118
0201-s,['levitate'],안농,[],[],[],[],2,,0.55,0.0,0.45,0.0,[],"['land','water']",rare,psychic,,,medium_fast,118
0201-t,['levitate'],안농,[],[],[],[],2,,0.55,0.0,0.45,0.0,[],"['land','water']",rare,psychic,,,medium_fast,118
0201-u,['levitate'],안농,[],[],[],[],2,,0.55,0.0,0.45,0.0,[],"['land','water']",rare,psychic,,,medium_fast,118
0201-v,['levitate'],안농,[],[],[],[],2,,0.55,0.0,0.45,0.0,[],"['land','water']",rare,psychic,,,medium_fast,118
0201-w,['levitate'],안농,[],[],[],[],2,,0.55,0.0,0.45,0.0,[],"['land','water']",rare,psychic,,,medium_fast,118
0201-x,['levitate'],안농,[],[],[],[],2,,0.55,0.0,0.45,0.0,[],"['land','water']",rare,psychic,,,medium_fast,118
0201-y,['levitate'],안농,[],[],[],[],2,,0.55,0.0,0.45,0.0,[],"['land','water']",rare,psychic,,,medium_fast,118
0201-z,['levitate'],안농,[],[],[],[],2,,0.55,0.0,0.45,0.0,[],"['land','water']",rare,psychic,,,medium_fast,118
0201-3F,['levitate'],안농,[],[],[],[],2,,0.55,0.0,0.45,0.0,[],"['land','water']",rare,psychic,,,medium_fast,118
0201-21,['levitate'],안농,[],[],[],[],2,,0.55,0.0,0.45,0.0,[],"['land','water']",rare,psychic,,,medium_fast,118
202,"['shadow-tag', 'telepathy']",마자용,[],[],[],[],2,1.3,0.14,0.5,0.25,0.5,[],['land'],rare,psychic,,28.5,medium_fast,142
203,"['inner-focus', 'early-bird', 'sap-sipper']",키링키,['move_twin-beam'],['0981'],[],[],2,1.5,0.19,0.5,0.25,0.5,"['move_mean-look', 'move_flash', 'move_rock-smash', 'move_strength']",['land'],common,normal,psychic,41.5,medium_fast,159
204,"['sturdy', 'overcoat']",피콘,['candy_50'],['0205'],[],[],2,0.6,0.6,0.5,0.35,0.5,"['move_rock-smash', 'move_strength']",['land'],common,bug,,7.2,medium_fast,58
205,"['sturdy', 'overcoat']",쏘콘,[],[],[],[],2,1.2,0.23,0.5,0.45,0.5,"['move_rock-smash', 'move_strength']",['land'],rare,bug,steel,125.8,medium_fast,163
206,"['serene-grace', 'run-away', 'rattled']",노고치,['move_hyper-drill'],['0982'],[],[],2,1.5,0.6,0.5,0.35,0.5,"['move_rock-smash', 'move_strength']",['land'],common,normal,,14.0,medium_fast,145
207,"['hyper-cutter', 'sand-veil', 'immunity']",글라이거,['razor-fang+time_night'],['0472'],[],[],2,1.1,0.19,0.5,0.35,0.5,"['move_defog', 'move_cut', 'move_rock-smash', 'move_strength']","['land','water']",common,ground,flying,64.8,medium_slow,86
208,"['rock-head', 'sturdy', 'sheer-force']",강철톤,[],[],[],[],2,9.2,0.08,0.5,0.6,0.5,"['move_cut', 'move_rock-smash', 'move_strength']",['land'],epic,steel,ground,400.0,medium_fast,179
0208-mega,['sand-force'],강철톤,[],[],[],[],2,10.5,0.08,0.5,0.6,0.5,"['move_cut', 'move_rock-smash', 'move_strength']",['land'],epic,steel,ground,740.0,medium_fast,179
209,"['intimidate', 'run-away', 'rattled']",블루,['candy_50'],['0210'],[],[],2,0.6,0.55,0.75,0.45,0.25,"['move_rock-smash', 'move_strength']",['land'],rare,fairy,,7.8,fast,60
210,"['intimidate', 'quick-feet', 'rattled']",그랑블루,[],[],[],[],2,1.4,0.2,0.75,0.6,0.25,"['move_rock-smash', 'move_strength']",['land'],epic,fairy,,48.7,fast,158
211,"['poison-point', 'swift-swim', 'intimidate']",침바루,[],,[],[],2,0.5,0.14,0.5,0.35,0.5,"['move_surf', 'move_waterfall', 'move_dive']",['water'],common,water,poison,3.9,medium_fast,88
0211_hisui,"['poison-point', 'swift-swim', 'intimidate']",침바루,['move_barb-barrage'],['0904'],[],[],2,0.5,0.14,0.5,0.35,0.5,"['move_surf', 'move_waterfall']",['water'],common,dark,poison,3.9,medium_fast,88
212,"['swarm', 'technician', 'light_metal']",핫삼,[],[],[],[],2,1.8,0.08,0.5,0.6,0.5,"['move_defog', 'move_cut', 'move_rock-smash', 'move_strength']",['land'],epic,bug,steel,118.0,medium_fast,175
0212-mega,['technician'],핫삼,[],[],[],[],2,2.0,0.08,0.5,0.6,0.5,"['move_defog', 'move_cut', 'move_rock-smash', 'move_strength']",['land'],epic,bug,steel,125.0,medium_fast,175
213,"['sturdy', 'gluttony', 'contrary']",단단지,[],[],[],[],2,0.6,0.55,0.5,0.25,0.5,"['move_flash', 'move_rock-smash', 'move_strength']",['land'],rare,bug,rock,20.5,medium_slow,177
214,"['swarm', 'guts', 'moxie']",헤라크로스,[],[],[],[],2,1.5,0.14,0.5,0.6,0.5,"['move_cut', 'move_rock-smash', 'move_strength']",['land'],epic,bug,fighting,54.0,slow,175
0214-mega,['skill-link'],헤라크로스,[],[],[],[],2,1.7,0.14,0.5,0.6,0.5,"['move_cut', 'move_rock-smash', 'move_strength']",['land'],epic,bug,fighting,62.5,slow,175
215,"['inner-focus', 'keen-eye', 'pickpocket']",포푸니,['razor-claw+time_night'],"['0461', '0903']",[],[],2,0.9,0.19,0.5,0.45,0.5,"['move_surf', 'move_cut', 'move_rock-smash', 'move_strength']",['land'],rare,dark,ice,28.0,medium_slow,86
0215_hisui,"['inner-focus', 'keen-eye', 'pickpocket']",포푸니,['razor-claw+time_day'],"['0461', '0903']",[],[],2,0.9,0.19,0.5,0.45,0.5,['move_rock-smash'],['land'],rare,fighting,poison,27.0,medium_slow,86
216,"['pickup', 'quick-feet', 'honey-gather']",깜지곰,['candy_50'],['0217'],[],[],2,0.6,0.38,0.5,0.35,0.5,"['move_cut', 'move_rock-smash', 'move_strength']",['land'],common,normal,,8.8,medium_fast,66
217,"['guts', 'quick-feet', 'unnerve']",링곰,['peat-block'],['0901'],[],[],2,1.8,0.19,0.5,0.45,0.5,"['move_cut', 'move_rock-smash', 'move_strength']",['land'],rare,normal,,125.8,medium_fast,175
218,"['magma-armor', 'flame-body', 'weak-armor']",마그마그,['candy_50'],['0219'],[],[],2,0.7,0.6,0.5,0.35,0.5,['move_rock-smash'],['land'],common,fire,,35.0,medium_fast,50
219,"['magma-armor', 'flame-body', 'weak-armor']",마그카르고,[],[],[],[],2,0.8,0.23,0.5,0.45,0.5,"['move_rock-smash', 'move_strength']",['land'],rare,fire,rock,55.0,medium_fast,151
220,"['oblivious', 'snow-cloak', 'thick-fat']",꾸꾸리,['candy_50'],['0221'],[],[],2,0.4,0.7,0.5,0.35,0.5,"['move_rock-smash', 'move_strength']",['land'],common,ice,ground,6.5,slow,50
221,"['oblivious', 'snow-cloak', 'thick-fat']",메꾸리,['move_ancient-power'],['0473'],[],[],2,1.1,0.23,0.5,0.45,0.5,"['move_rock-smash', 'move_strength']",['land'],rare,ice,ground,55.8,slow,158
222,"['hustle', 'natural-cure', 'regenerator']",코산호,[],[],[],[],2,0.6,0.19,0.75,0.35,0.25,"['move_surf', 'move_rock-smash', 'move_strength']",['water'],common,water,rock,5.0,fast,144
0222_galar,"['weak-armor', 'cursed-body']",코산호,['candy_50'],['0864'],[],[],2,0.6,0.19,0.75,0.45,0.25,['move_surf'],['water'],rare,ghost,,0.5,fast,144
223,"['hustle', 'sniper', 'moody']",총어,['candy_50'],['0224'],[],[],2,0.6,0.6,0.5,0.35,0.5,"['move_surf', 'move_waterfall', 'move_dive']",['water'],common,water,,12.0,medium_fast,60
224,"['suction-cups', 'sniper', 'moody']",대포무노,[],[],[],[],2,0.9,0.23,0.5,0.45,0.5,"['move_surf', 'move_waterfall', 'move_dive']",['water'],rare,water,,28.5,medium_fast,168
225,"['vital-spirit', 'hustle', 'insomnia']",딜리버드,[],[],[],[],2,0.9,0.14,0.5,0.45,0.5,"['move_defog', 'move_fly']",['land'],rare,ice,flying,16.0,fast,116
226,"['swift-swim', 'water-absorb', 'water-veil']",만타인,[],[],[],[],2,2.1,0.08,0.5,0.45,0.5,"['move_surf', 'move_defog', 'move_waterfall', 'move_dive']",['water'],rare,water,flying,220.0,slow,170
227,"['keen-eye', 'sturdy', 'weak-armor']",무장조,[],[],[],[],2,1.7,0.08,0.5,0.45,0.5,"['move_flash', 'move_defog', 'move_cut', 'move_rock-smash', 'move_fly']","['land','water']",rare,steel,flying,50.5,slow,163
0227-mega,[],무장조,[],[],[],[],2,1.7,0.08,0.5,0.45,0.5,[],"['land','water']",rare,steel,flying,40.4,slow,163
228,"['early-bird', 'flash-fire', 'unnerve']",델빌,['candy_50'],['0229'],[],[],2,0.6,0.38,0.5,0.45,0.5,['move_rock-smash'],['land'],common,dark,fire,10.8,slow,66
229,"['early-bird', 'flash-fire', 'unnerve']",헬가,[],[],[],[],2,1.4,0.14,0.5,0.35,0.5,"['move_rock-smash', 'move_strength']",['land'],rare,dark,fire,35.0,slow,175
0229-mega,['solar-power'],헬가,[],[],[],[],2,1.9,0.14,0.5,0.35,0.5,"['move_rock-smash', 'move_strength']",['land'],rare,dark,fire,49.5,slow,175
230,"['swift-swim', 'sniper', 'damp']",킹드라,[],[],[],[],2,1.8,0.14,0.5,0.6,0.5,"['move_surf', 'move_waterfall', 'move_dive']",['water'],epic,water,dragon,152.0,medium_fast,243
231,"['pickup', 'sand-veil']",코코리,['candy_50'],['0232'],[],[],2,0.5,0.38,0.5,0.35,0.5,"['move_rock-smash', 'move_strength']",['land'],common,ground,,33.5,medium_fast,66
232,"['sturdy', 'sand-veil']",코리갑,[],[],[],[],2,1.1,0.19,0.5,0.45,0.5,"['move_rock-smash', 'move_strength']",['land'],rare,ground,,120.0,medium_fast,175
233,"['trace', 'download', 'analytic']",폴리곤2,['dubious-disc'],['0474'],[],[],2,0.6,0.14,0.0,0.45,0.0,['move_flash'],['land'],rare,normal,,32.5,medium_fast,180
234,"['intimidate', 'frisk', 'sap-sipper']",노라키,['move_psyshield-bash'],['0899'],[],[],2,1.4,0.14,0.5,0.25,0.5,['move_flash'],['land'],common,normal,,71.2,slow,163
235,"['own-tempo', 'technician', 'moody']",루브도,[],[],[],[],2,1.2,0.14,0.5,0.25,0.5,[],['land'],rare,normal,,58.0,fast,88
236,"['guts', 'steadfast', 'vital-spirit']",배루키,"['candy_30', 'candy_30', 'candy_30']","['0106', '0107', '0237']",[],[],2,0.7,0.23,0.0,0.35,1.0,"['move_rock-smash', 'move_strength']",['land'],common,fighting,,21.0,medium_fast,42
237,"['intimidate', 'technician', 'steadfast']",카포에라,[],[],[],[],2,1.4,0.14,0.0,0.45,1.0,"['move_rock-smash', 'move_strength']",['land'],rare,fighting,,48.0,medium_fast,159
238,"['oblivious', 'forewarn', 'hydration']",뽀뽀라,['candy_50'],['0124'],[],[],2,0.4,0.14,1.0,0.35,0.0,"['move_mean-look', 'move_flash']",['land'],common,ice,psychic,6.0,medium_fast,61
239,"['static', 'vital-spirit']",에레키드,['candy_50'],['0125'],[],[],2,0.6,0.14,0.25,0.35,0.75,"['move_flash', 'move_rock-smash']",['land'],common,electric,,23.5,medium_fast,72
240,"['flame-body', 'vital-spirit']",마그비,['candy_50'],['0126'],[],[],2,0.7,0.14,0.25,0.35,0.75,['move_rock-smash'],['land'],common,fire,,21.4,medium_fast,73
241,"['thick-fat', 'scrappy', 'sap-sipper']",밀탱크,[],[],[],[],2,1.2,0.14,1.0,0.45,0.0,"['move_surf', 'move_rock-smash', 'move_strength']",['land'],rare,normal,,75.5,slow,172
242,"['natural-cure', 'serene-grace', 'healer']",해피너스,[],[],[],[],2,1.5,0.1,1.0,0.6,0.0,"['move_flash', 'move_rock-smash', 'move_strength']",['land'],epic,normal,,46.8,fast,608
243,"['pressure', 'inner-focus']",라이코,[],[],[],[],2,1.9,0.01,0.0,0.75,0.0,"['move_flash', 'move_cut', 'move_rock-smash', 'move_strength']",['land'],legendary,electric,,178.0,slow,261
244,"['pressure', 'inner-focus']",앤테이,[],[],[],[],2,2.1,0.01,0.0,0.75,0.0,"['move_flash', 'move_cut', 'move_rock-smash', 'move_strength']",['land'],legendary,fire,,198.0,slow,261
245,"['pressure', 'inner-focus']",스이쿤,[],[],[],[],2,2.0,0.01,0.0,0.75,0.0,"['move_surf', 'move_cut', 'move_rock-smash', 'move_waterfall', 'move_dive']","['land','water']",legendary,water,,187.0,slow,261
246,"['guts', 'sand-veil']",애버라스,['candy_50'],['0247'],[],[],2,0.6,0.14,0.5,0.35,0.5,['move_rock-smash'],['land'],common,rock,ground,72.0,slow,60
247,['shed-skin'],데기라스,['candy_100'],['0248'],[],[],2,1.2,0.14,0.5,0.45,0.5,['move_rock-smash'],['land'],rare,rock,ground,152.0,slow,144
248,"['sand-stream', 'unnerve']",마기라스,[],[],[],[],2,2.0,0.14,0.5,0.6,0.5,"['move_surf', 'move_cut', 'move_rock-smash', 'move_strength']",['land'],epic,rock,dark,202.0,slow,270
0248-mega,['sand-stream'],마기라스,[],[],[],[],2,2.5,0.14,0.5,0.6,0.5,"['move_surf', 'move_cut', 'move_rock-smash', 'move_strength']",['land'],epic,rock,dark,255.0,slow,270
249,"['pressure', 'multiscale']",루기아,[],[],[],[],2,5.2,0.01,0.0,0.75,0.0,"['move_surf', 'move_flash', 'move_defog', 'move_rock-smash', 'move_strength', 'move_waterfall', 'move_dive', 'move_fly']","['land','water']",legendary,psychic,flying,216.0,slow,306
250,"['pressure', 'regenerator']",칠색조,[],[],[],[],2,3.8,0.01,0.0,0.75,0.0,"['move_flash', 'move_defog', 'move_rock-smash', 'move_strength', 'move_fly']","['land','water']",legendary,fire,flying,199.0,slow,306
251,['natural-cure'],세레비,[],[],[],[],2,0.6,0.03,0.0,0.75,0.0,"['move_flash', 'move_cut']","['land','water']",legendary,psychic,grass,5.0,medium_slow,270
252,"['overgrow', 'unburden']",나무지기,['candy_50'],['0253'],[],[],3,0.5,0.14,0.12,0.6,0.88,"['move_flash', 'move_cut', 'move_rock-smash', 'move_strength']",['land'],epic,grass,,5.0,medium_slow,62
253,"['overgrow', 'unburden']",나무돌이,['candy_100'],['0254'],[],[],3,0.9,0.14,0.12,0.6,0.88,"['move_flash', 'move_cut', 'move_rock-smash', 'move_strength']",['land'],epic,grass,,21.6,medium_slow,142
254,"['overgrow', 'unburden']",나무킹,[],[],[],[],3,1.7,0.14,0.12,0.6,0.88,"['move_flash', 'move_cut', 'move_rock-smash', 'move_strength']",['land'],epic,grass,,52.2,medium_slow,239
0254-mega,['lightning-rod'],나무킹,[],[],[],[],3,1.9,0.14,0.12,0.6,0.88,"['move_flash', 'move_cut', 'move_rock-smash', 'move_strength']",['land'],epic,grass,dragon,55.2,medium_slow,239
255,"['blaze', 'speed-boost']",아차모,['candy_50'],['0256'],[],[],3,0.4,0.14,0.12,0.6,0.88,"['move_defog', 'move_cut', 'move_rock-smash', 'move_strength']",['land'],epic,fire,,2.5,medium_slow,62
256,"['blaze', 'speed-boost']",영치코,['candy_100'],['0257'],[],[],3,0.9,0.14,0.12,0.6,0.88,"['move_defog', 'move_cut', 'move_rock-smash', 'move_strength']",['land'],epic,fire,fighting,19.5,medium_slow,142
257,"['blaze', 'speed-boost']",번치코,[],[],[],[],3,1.9,0.14,0.12,0.6,0.88,"['move_defog', 'move_cut', 'move_rock-smash', 'move_strength']",['land'],epic,fire,fighting,52.0,medium_slow,239
0257-mega,['speed-boost'],번치코,[],[],[],[],3,1.9,0.14,0.12,0.6,0.88,"['move_defog', 'move_cut', 'move_rock-smash', 'move_strength']",['land'],epic,fire,fighting,52.0,medium_slow,239
258,"['torrent', 'damp']",물짱이,['candy_50'],['0259'],[],[],3,0.4,0.14,0.12,0.6,0.88,"['move_surf', 'move_rock-smash', 'move_strength', 'move_waterfall', 'move_dive']","['land','water']",epic,water,,7.6,medium_slow,62
259,"['torrent', 'damp']",늪짱이,['candy_100'],['0260'],[],[],3,0.7,0.14,0.12,0.6,0.88,"['move_surf', 'move_rock-smash', 'move_strength', 'move_waterfall', 'move_dive']","['land','water']",epic,water,ground,28.0,medium_slow,142
260,"['torrent', 'damp']",대짱이,[],[],[],[],3,1.5,0.14,0.12,0.6,0.88,"['move_surf', 'move_rock-smash', 'move_strength', 'move_waterfall', 'move_dive']","['land','water']",epic,water,ground,81.9,medium_slow,241
0260-mega,['swift-swim'],대짱이,[],[],[],[],3,1.9,0.14,0.12,0.6,0.88,"['move_surf', 'move_rock-smash', 'move_strength', 'move_waterfall', 'move_dive']","['land','water']",epic,water,ground,102.0,medium_slow,241
261,"['run-away', 'quick-feet', 'rattled']",포챠나,['candy_50'],['0262'],[],[],3,0.5,0.8,0.5,0.35,0.5,['move_rock-smash'],['land'],common,dark,,13.6,medium_fast,56
262,"['intimidate', 'quick-feet', 'moxie']",그라에나,[],[],[],[],3,1.0,0.4,0.5,0.45,0.5,"['move_rock-smash', 'move_strength']",['land'],rare,dark,,37.0,medium_fast,147
263,"['pickup', 'gluttony', 'quick-feet']",지그제구리,['candy_50'],['0264'],[],[],3,0.4,0.8,0.5,0.45,0.5,"['move_surf', 'move_cut', 'move_rock-smash']",['land'],common,normal,,17.5,medium_fast,56
0263_galar,"['pickup', 'gluttony', 'quick-feet']",지그제구리,['candy_50'],['0264_galar'],[],[],3,0.4,0.8,0.5,0.45,0.5,['move_surf'],['land'],common,dark,normal,17.5,medium_fast,56
264,"['pickup', 'gluttony', 'quick-feet']",직구리,,,[],[],3,0.5,0.28,0.5,0.35,0.5,"['move_surf', 'move_cut', 'move_rock-smash', 'move_strength']",['land'],rare,normal,,32.5,medium_fast,147
0264_galar,"['pickup', 'gluttony', 'quick-feet']",직구리,['candy_75+time_night'],['0862'],[],[],3,0.5,0.28,0.5,0.35,0.5,['move_surf'],['land'],rare,dark,normal,32.5,medium_fast,147
265,"['shield-dust', 'run-away']",개무소,"['candy_15', 'candy_15']","['0266', '0268']",[],[],3,0.3,0.8,0.5,0.35,0.5,[],['land'],common,bug,,3.6,medium_fast,56
266,['shed-skin'],실쿤,['candy_30'],['0267'],[],[],3,0.6,0.38,0.5,0.45,0.5,[],['land'],rare,bug,,10.0,medium_fast,72
267,"['swarm', 'rivalry']",뷰티플라이,[],[],[],[],3,1.0,0.14,0.5,0.45,0.5,"['move_flash', 'move_defog']","['land','water']",rare,bug,flying,28.4,medium_fast,178
268,['shed-skin'],카스쿤,['candy_30'],['0269'],[],[],3,0.7,0.38,0.5,0.45,0.5,[],['land'],rare,bug,,11.5,medium_fast,72
269,"['shield-dust', 'compound-eyes']",독케일,[],[],[],[],3,1.2,0.14,0.5,0.45,0.5,"['move_flash', 'move_defog']","['land','water']",rare,bug,poison,31.6,medium_fast,173
270,"['swift-swim', 'rain-dish', 'own-tempo']",연꽃몬,['candy_40'],['0271'],[],[],3,0.5,0.8,0.5,0.35,0.5,"['move_surf', 'move_flash']","['land','water']",common,water,grass,2.6,medium_slow,44
271,"['swift-swim', 'rain-dish', 'own-tempo']",로토스,['water-stone'],['0272'],[],[],3,1.2,0.38,0.5,0.25,0.5,"['move_surf', 'move_flash', 'move_rock-smash', 'move_strength', 'move_waterfall', 'move_dive']","['land','water']",rare,water,grass,32.5,medium_slow,119
272,"['swift-swim', 'rain-dish', 'own-tempo']",로파파,[],[],[],[],3,1.5,0.14,0.5,0.6,0.5,"['move_surf', 'move_flash', 'move_rock-smash', 'move_strength', 'move_waterfall', 'move_dive']","['land','water']",epic,water,grass,55.0,medium_slow,216
273,"['chlorophyll', 'early-bird', 'pickpocket']",도토링,['candy_40'],['0274'],[],[],3,0.5,0.8,0.5,0.35,0.5,"['move_flash', 'move_defog', 'move_rock-smash']",['land'],common,grass,,4.0,medium_slow,44
274,"['chlorophyll', 'early-bird', 'pickpocket']",잎새코,['leaf-stone'],['0275'],[],[],3,1.0,0.38,0.5,0.25,0.5,"['move_flash', 'move_defog', 'move_cut', 'move_rock-smash', 'move_strength']",['land'],rare,grass,dark,28.0,medium_slow,119
275,"['chlorophyll', 'wind-rider', 'pickpocket']",다탱구,[],[],[],[],3,1.3,0.14,0.5,0.6,0.5,"['move_flash', 'move_defog', 'move_cut', 'move_rock-smash', 'move_strength']",['land'],epic,grass,dark,59.6,medium_slow,216
276,"['guts', 'scrappy']",테일로,['candy_50'],['0277'],[],[],3,0.3,0.62,0.5,0.35,0.5,"['move_defog', 'move_fly']",['land'],common,normal,flying,2.3,medium_slow,54
277,"['guts', 'scrappy']",스왈로,[],[],[],[],3,0.7,0.14,0.5,0.45,0.5,"['move_defog', 'move_fly']","['land','water']",rare,normal,flying,19.8,medium_slow,159
278,"['keen-eye', 'hydration', 'rain-dish']",갈모매,['candy_50'],['0279'],[],[],3,0.6,0.6,0.5,0.35,0.5,"['move_surf', 'move_defog', 'move_waterfall', 'move_fly']","['land','water']",common,water,flying,9.5,medium_fast,54
279,"['keen-eye', 'drizzle', 'rain-dish']",패리퍼,[],[],[],[],3,1.2,0.14,0.5,0.45,0.5,"['move_surf', 'move_defog', 'move_waterfall', 'move_fly']","['land','water']",rare,water,flying,28.0,medium_fast,154
280,"['synchronize', 'trace', 'telepathy']",랄토스,['candy_50'],['0281'],[],[],3,0.4,0.74,0.5,0.35,0.5,"['move_mean-look', 'move_flash']",['land'],common,psychic,fairy,6.6,slow,40
281,"['synchronize', 'trace', 'telepathy']",킬리아,"['candy_120', 'dawn-stone+male']","['0282', '0475']",[],[],3,0.8,0.38,0.5,0.45,0.5,['move_flash'],['land'],rare,psychic,fairy,20.2,slow,97
282,"['synchronize', 'trace', 'telepathy']",가디안,[],[],[],[],3,1.6,0.14,0.5,0.6,0.5,['move_flash'],['land'],epic,psychic,fairy,48.4,slow,233
0282-mega,['pixilate'],가디안,[],[],[],[],3,1.6,0.14,0.5,0.6,0.5,['move_flash'],['land'],epic,psychic,fairy,48.4,slow,233
283,"['swift-swim', 'rain-dish']",비구술,['candy_35'],['0284'],[],[],3,0.5,0.62,0.5,0.45,0.5,"['move_surf', 'move_flash', 'move_waterfall']","['land','water']",common,bug,water,1.7,medium_fast,54
284,"['intimidate', 'unnerve']",비나방,[],[],[],[],3,0.8,0.23,0.5,0.35,0.5,"['move_surf', 'move_flash', 'move_defog', 'move_waterfall']","['land','water']",rare,bug,flying,3.6,medium_fast,159
285,"['effect-spore', 'poison-heal', 'quick-feet']",버섯꼬,['candy_50'],['0286'],[],[],3,0.4,0.8,0.5,0.45,0.5,['move_flash'],['land'],common,grass,,4.5,erratic,59
286,"['effect-spore', 'poison-heal', 'technician']",버섯모,[],[],[],[],3,1.2,0.28,0.5,0.35,0.5,"['move_flash', 'move_cut', 'move_rock-smash', 'move_strength']",['land'],rare,grass,fighting,39.2,erratic,161
287,['truant'],게을로,['candy_50'],['0288'],[],[],3,0.8,0.8,0.5,0.35,0.5,"['move_cut', 'move_rock-smash', 'move_strength']",['land'],common,normal,,24.0,slow,56
288,['vital-spirit'],발바로,['candy_200'],['0289'],[],[],3,1.4,0.38,0.5,0.35,0.5,"['move_cut', 'move_rock-smash', 'move_strength']",['land'],rare,normal,,46.5,slow,154
289,['truant'],게을킹,[],[],[],[],3,2.0,0.14,0.5,0.6,0.5,"['move_cut', 'move_rock-smash', 'move_strength']",['land'],epic,normal,,130.5,slow,252
290,"['compound-eyes', 'run-away']",토중몬,"['candy_30', 'poke-ball']","['0291', '0292']",[],[],3,0.5,0.8,0.5,0.35,0.5,"['move_flash', 'move_cut']",['land'],common,bug,ground,5.5,fluctuating,53
291,"['speed-boost', 'infiltrator']",아이스크,[],[],[],[],3,0.8,0.38,0.5,0.45,0.5,"['move_flash', 'move_defog', 'move_cut']","['land','water']",rare,bug,flying,12.0,fluctuating,160
292,['wonder-guard'],껍질몬,[],[],[],[],3,0.8,0.14,0.0,0.45,0.0,"['move_flash', 'move_cut']","['land','water']",rare,bug,ghost,1.2,fluctuating,83
293,"['soundproof', 'rattled']",소곤룡,['candy_40'],['0294'],[],[],3,0.6,0.6,0.5,0.35,0.5,[],['land'],common,normal,,16.3,medium_slow,48
294,"['soundproof', 'scrappy']",노공룡,['candy_70'],['0295'],[],[],3,1.0,0.38,0.5,0.45,0.5,"['move_rock-smash', 'move_strength']",['land'],rare,normal,,40.5,medium_slow,126
295,"['soundproof', 'scrappy']",폭음룡,[],[],[],[],3,1.5,0.14,0.5,0.6,0.5,"['move_surf', 'move_rock-smash', 'move_strength']",['land'],epic,normal,,84.0,medium_slow,221
296,"['thick-fat', 'guts', 'sheer-force']",마크탕,['candy_50'],['0297'],[],[],3,1.0,0.57,0.25,0.35,0.75,"['move_surf', 'move_rock-smash', 'move_strength']",['land'],common,fighting,,86.4,erratic,47
297,"['thick-fat', 'guts', 'sheer-force']",하리뭉,[],[],[],[],3,2.3,0.55,0.25,0.45,0.75,"['move_surf', 'move_rock-smash', 'move_strength']",['land'],rare,fighting,,253.8,erratic,166
298,"['thick-fat', 'huge-power', 'sap-sipper']",루리리,['friendship_220'],['0183'],[],[],3,0.2,0.47,0.75,0.45,0.25,"['move_surf', 'move_waterfall']","['land','water']",common,normal,fairy,2.0,fast,38
299,"['sturdy', 'magnet-pull', 'sand-force']",코코파스,['thunder-stone'],['0476'],[],[],3,1.0,0.8,0.5,0.25,0.5,"['move_rock-smash', 'move_strength']",['land'],common,rock,,97.0,medium_fast,75
300,"['cute-charm', 'normalize', 'wonder-skin']",에나비,['moon-stone'],['0301'],[],[],3,0.6,0.8,0.75,0.35,0.25,['move_flash'],['land'],common,normal,,11.0,fast,52
301,"['cute-charm', 'normalize', 'wonder-skin']",델케티,[],[],[],[],3,1.1,0.19,0.75,0.45,0.25,"['move_flash', 'move_rock-smash', 'move_strength']",['land'],rare,normal,,32.6,fast,140
302,"['keen-eye', 'stall', 'ptierster']",깜까미,[],[],[],[],3,0.5,0.14,0.5,0.35,0.5,"['move_mean-look', 'move_flash', 'move_cut', 'move_rock-smash']",['land'],common,dark,ghost,11.0,medium_slow,133
0302-mega,['magic-bounce'],깜까미,[],[],[],[],3,0.5,0.14,0.5,0.35,0.5,"['move_mean-look', 'move_flash', 'move_cut', 'move_rock-smash']",['land'],common,dark,ghost,161.0,medium_slow,133
303,"['hyper-cutter', 'intimidate', 'sheer-force']",입치트,[],[],[],[],3,0.6,0.14,0.5,0.35,0.5,"['move_rock-smash', 'move_strength']",['land'],common,steel,fairy,11.5,fast,133
0303-mega,['huge-power'],입치트,[],[],[],[],3,1.0,0.14,0.5,0.35,0.5,"['move_rock-smash', 'move_strength']",['land'],common,steel,fairy,23.5,fast,133
304,"['sturdy', 'rock-head', 'heavy_metal']",가보리,['candy_50'],['0305'],[],[],3,0.4,0.57,0.5,0.35,0.5,"['move_cut', 'move_rock-smash', 'move_strength']",['land'],common,steel,rock,60.0,slow,66
305,"['sturdy', 'rock-head', 'heavy_metal']",갱도라,['candy_100'],['0306'],[],[],3,0.9,0.28,0.5,0.25,0.5,"['move_cut', 'move_rock-smash', 'move_strength']",['land'],rare,steel,rock,120.0,slow,151
306,"['sturdy', 'rock-head', 'heavy_metal']",보스로라,[],[],[],[],3,2.1,0.14,0.5,0.6,0.5,"['move_surf', 'move_cut', 'move_rock-smash', 'move_strength']",['land'],epic,steel,rock,360.0,slow,239
0306-mega,['filter'],보스로라,[],[],[],[],3,,0.14,0.5,0.6,0.5,"['move_surf', 'move_cut', 'move_rock-smash', 'move_strength']",['land'],epic,steel,,,slow,239
307,"['pure-power', 'telepathy']",요가랑,['candy_75'],['0308'],[],[],3,0.6,0.57,0.5,0.35,0.5,"['move_flash', 'move_rock-smash', 'move_strength']",['land'],common,fighting,psychic,11.2,medium_fast,56
308,"['pure-power', 'telepathy']",요가램,[],[],[],[],3,1.3,0.28,0.5,0.25,0.5,"['move_flash', 'move_rock-smash', 'move_strength']",['land'],rare,fighting,psychic,31.5,medium_fast,144
0308-mega,['pure-power'],요가램,[],[],[],[],3,1.3,0.28,0.5,0.25,0.5,"['move_flash', 'move_rock-smash', 'move_strength']",['land'],rare,fighting,psychic,31.5,medium_fast,144
309,"['static', 'lightning-rod', 'minus']",썬더라이,['candy_50'],['0310'],[],[],3,0.6,0.38,0.5,0.45,0.5,"['move_flash', 'move_strength']",['land'],common,electric,,15.2,slow,59
310,"['static', 'lightning-rod', 'minus']",썬더볼트,[],[],[],[],3,1.5,0.14,0.5,0.35,0.5,"['move_flash', 'move_strength']",['land'],rare,electric,,40.2,slow,166
0310-mega,['intimidate'],썬더볼트,[],[],[],[],3,1.8,0.14,0.5,0.35,0.5,"['move_flash', 'move_strength']",['land'],rare,electric,,44.0,slow,166
311,"['plus', 'lightning-rod']",플러시,[],[],[],[],3,0.4,0.62,0.5,0.35,0.5,['move_flash'],['land'],common,electric,,4.2,medium_fast,142
312,"['minus', 'volt-absorb']",마이농,[],[],[],[],3,0.4,0.62,0.5,0.35,0.5,['move_flash'],['land'],common,electric,,4.2,medium_fast,142
313,"['illuminate', 'swarm', 'ptierster']",볼비트,[],[],[],[],3,0.7,0.47,0.0,0.35,1.0,"['move_flash', 'move_defog']","['land','water']",common,bug,,17.7,fluctuating,151
314,"['oblivious', 'tinted-lens', 'ptierster']",네오비트,[],[],[],[],3,0.6,0.47,1.0,0.35,0.0,"['move_flash', 'move_defog']","['land','water']",common,bug,,17.7,erratic,151
315,"['natural-cure', 'poison-point', 'leaf-guard']",로젤리아,['shiny-stone'],['0407'],[],[],3,0.3,0.47,0.5,0.25,0.5,"['move_flash', 'move_cut']",['land'],rare,grass,poison,2.0,medium_slow,140
316,"['liquid-ooze', 'sticky-hold', 'gluttony']",꼴깍몬,['candy_50'],['0317'],[],[],3,0.4,0.7,0.5,0.35,0.5,"['move_rock-smash', 'move_strength']",['land'],common,poison,,10.3,erratic,60
317,"['liquid-ooze', 'sticky-hold', 'gluttony']",꿀꺽몬,[],[],[],[],3,1.7,0.23,0.5,0.45,0.5,"['move_rock-smash', 'move_strength']",['land'],rare,poison,,80.0,erratic,163
318,"['rough-skin', 'speed-boost']",샤프니아,['candy_50'],['0319'],[],[],3,0.8,0.7,0.5,0.35,0.5,"['move_surf', 'move_waterfall', 'move_dive']",['water'],common,water,dark,20.8,slow,61
319,"['rough-skin', 'speed-boost']",샤크니아,[],[],[],[],3,1.8,0.19,0.5,0.45,0.5,"['move_surf', 'move_rock-smash', 'move_strength', 'move_waterfall', 'move_dive']",['water'],rare,water,dark,88.8,slow,161
0319-mega,['strong-jaw'],샤크니아,[],[],[],[],3,2.5,0.19,0.5,0.45,0.5,"['move_surf', 'move_rock-smash', 'move_strength', 'move_waterfall', 'move_dive']",['water'],rare,water,dark,130.3,slow,161
320,"['water-veil', 'oblivious', 'pressure']",고래왕자,['candy_200'],['0321'],[],[],3,2.0,0.39,0.5,0.35,0.5,"['move_surf', 'move_rock-smash', 'move_strength', 'move_waterfall', 'move_dive']",['water'],common,water,,130.0,erratic,80
321,"['water-veil', 'oblivious', 'pressure']",고래왕,[],[],[],[],3,14.5,0.19,0.5,0.6,0.5,"['move_surf', 'move_rock-smash', 'move_strength', 'move_waterfall', 'move_dive']",['water'],epic,water,,398.0,erratic,175
322,"['oblivious', 'simple', 'own-tempo']",둔타,['candy_75'],['0323'],[],[],3,0.7,0.8,0.5,0.35,0.5,"['move_rock-smash', 'move_strength']",['land'],common,fire,ground,24.0,medium_fast,61
323,"['magma-armor', 'solid-rock', 'anger-point']",폭타,[],[],[],[],3,1.9,0.47,0.5,0.45,0.5,"['move_rock-smash', 'move_strength']",['land'],rare,fire,ground,220.0,medium_fast,161
0323-mega,['sheer-force'],폭타,[],[],[],[],3,2.5,0.47,0.5,0.45,0.5,"['move_rock-smash', 'move_strength']",['land'],rare,fire,ground,320.5,medium_fast,161
324,"['white-smoke', 'drought', 'shell-armor']",코터스,[],[],[],[],3,0.5,0.28,0.5,0.25,0.5,"['move_rock-smash', 'move_strength']",['land'],common,fire,,80.4,medium_fast,165
325,"['thick-fat', 'own-tempo', 'gluttony']",피그점프,['candy_50'],['0326'],[],[],3,0.7,0.8,0.5,0.35,0.5,['move_flash'],['land'],common,psychic,,30.6,fast,66
326,"['thick-fat', 'own-tempo', 'gluttony']",피그킹,[],[],[],[],3,0.9,0.19,0.5,0.45,0.5,['move_flash'],['land'],rare,psychic,,71.5,fast,165
327,"['own-tempo', 'tangled-feet', 'contrary']",얼루기,[],[],[],[],3,1.1,0.8,0.5,0.25,0.5,"['move_flash', 'move_rock-smash', 'move_strength']",['land'],common,normal,,5.0,fast,126
328,"['hyper-cutter', 'arena-trap', 'sheer-force']",톱치,['candy_50'],['0329'],[],[],3,0.7,0.8,0.5,0.45,0.5,"['move_rock-smash', 'move_strength']",['land'],common,ground,,15.0,medium_slow,58
329,['levitate'],비브라바,['candy_100'],['0330'],[],[],3,1.1,0.38,0.5,0.35,0.5,"['move_defog', 'move_rock-smash', 'move_strength', 'move_fly']","['land','water']",rare,ground,dragon,15.3,medium_slow,119
330,['levitate'],플라이곤,[],[],[],[],3,2.0,0.14,0.5,0.6,0.5,"['move_defog', 'move_rock-smash', 'move_strength', 'move_fly']","['land','water']",epic,ground,dragon,82.0,medium_slow,234
331,"['sand-veil', 'water-absorb']",선인왕,['candy_45'],['0332'],[],[],3,0.4,0.6,0.5,0.35,0.5,"['move_flash', 'move_cut']",['land'],common,grass,,51.3,medium_slow,67
332,"['sand-veil', 'water-absorb']",밤선인,[],[],[],[],3,1.3,0.19,0.5,0.25,0.5,"['move_flash', 'move_cut', 'move_strength']",['land'],rare,grass,dark,77.4,medium_slow,166
333,"['natural-cure', 'cloud-nine']",파비코,['candy_70'],['0334'],[],[],3,0.4,0.55,0.5,0.45,0.5,"['move_defog', 'move_fly']",['land'],rare,normal,flying,1.2,fluctuating,62
334,"['natural-cure', 'cloud-nine']",파비코리,[],[],[],[],3,1.1,0.14,0.5,0.6,0.5,"['move_defog', 'move_rock-smash', 'move_fly']","['land','water']",epic,dragon,flying,20.6,fluctuating,172
0334-mega,['pixilate'],파비코리,[],[],[],[],3,1.5,0.14,0.5,0.6,0.5,"['move_defog', 'move_rock-smash', 'move_fly']","['land','water']",epic,dragon,fairy,20.6,fluctuating,172
335,"['immunity', 'toxic-boost']",쟝고,[],[],[],[],3,1.3,0.28,0.5,0.35,0.5,"['move_surf', 'move_rock-smash', 'move_strength']",['land'],rare,normal,,40.3,fluctuating,160
336,"['shed-skin', 'infiltrator']",세비퍼,[],[],[],[],3,2.7,0.28,0.5,0.35,0.5,"['move_rock-smash', 'move_strength']",['land'],rare,poison,,52.5,erratic,160
337,['levitate'],루나톤,[],[],[],[],3,1.0,0.14,0.0,0.25,0.0,['move_flash'],['land'],rare,rock,psychic,168.0,fast,161
338,['levitate'],솔록,[],[],[],[],3,1.2,0.14,0.0,0.25,0.0,['move_flash'],['land'],rare,rock,psychic,154.0,fast,161
339,"['oblivious', 'anticipation', 'hydration']",미꾸리,['candy_50'],['0340'],[],[],3,0.4,0.6,0.5,0.45,0.5,"['move_surf', 'move_waterfall', 'move_dive']",['water'],common,water,ground,1.9,medium_fast,58
340,"['oblivious', 'anticipation', 'hydration']",메깅,[],[],[],[],3,0.9,0.23,0.5,0.45,0.5,"['move_surf', 'move_rock-smash', 'move_strength', 'move_waterfall', 'move_dive']",['water'],rare,water,ground,23.6,medium_fast,164
341,"['hyper-cutter', 'shell-armor', 'adaptability']",가재군,['candy_50'],['0342'],[],[],3,0.6,0.64,0.5,0.35,0.5,"['move_surf', 'move_cut', 'move_rock-smash', 'move_strength', 'move_waterfall']","['land','water']",common,water,,11.5,erratic,62
342,"['hyper-cutter', 'shell-armor', 'adaptability']",가재장군,[],[],[],[],3,1.1,0.49,0.5,0.45,0.5,"['move_surf', 'move_cut', 'move_rock-smash', 'move_strength', 'move_waterfall', 'move_dive']","['land','water']",rare,water,dark,32.8,erratic,164
343,['levitate'],오뚝군,['candy_60'],['0344'],[],[],3,0.5,0.8,0.0,0.35,0.0,['move_flash'],['land'],common,ground,psychic,21.5,medium_fast,60
344,['levitate'],점토도리,[],[],[],[],3,1.5,0.28,0.0,0.45,0.0,"['move_flash', 'move_rock-smash', 'move_strength']",['land'],rare,ground,psychic,108.0,medium_fast,175
345,"['suction-cups', 'storm-drain']",릴링,['candy_40'],['0346'],[],[],3,1.0,0.14,0.12,0.35,0.88,['move_flash'],['land'],common,rock,grass,23.8,fluctuating,71
346,"['suction-cups', 'storm-drain']",릴리요,[],[],[],[],3,1.5,0.14,0.12,0.45,0.88,"['move_flash', 'move_rock-smash', 'move_strength']",['land'],rare,rock,grass,60.4,fluctuating,173
347,"['battle-armor', 'swift-swim']",아노딥스,['candy_40'],['0348'],[],[],3,0.7,0.14,0.12,0.35,0.88,"['move_cut', 'move_rock-smash']",['land'],common,rock,bug,12.5,fluctuating,71
348,"['battle-armor', 'swift-swim']",아말도,[],[],[],[],3,1.5,0.14,0.12,0.45,0.88,"['move_cut', 'move_rock-smash', 'move_strength']",['land'],rare,rock,bug,68.2,fluctuating,173
349,"['swift-swim', 'oblivious', 'adaptability']",빈티나,['friendship_220+prism-scale'],['0350'],[],[],3,0.6,0.55,0.5,0.45,0.5,"['move_surf', 'move_waterfall', 'move_dive']",['water'],rare,water,,7.4,fluctuating,40
350,"['marvel-scale', 'competitive', 'cute-charm']",밀로틱,[],[],[],[],3,6.2,0.19,0.5,0.6,0.5,"['move_surf', 'move_waterfall', 'move_dive']",['water'],epic,water,,162.0,fluctuating,189
351,['forecast'],캐스퐁,[],[],[],[],3,0.3,0.14,0.5,0.35,0.5,"['move_flash', 'move_defog']","['land','water']",common,normal,,0.8,medium_fast,147
0351-sunny,['forecast'],캐스퐁,[],[],[],[],3,0.3,0.14,0.5,0.35,0.5,"['move_flash', 'move_defog']","['land','water']",common,fire,,0.8,medium_fast,147
0351-rainy,['forecast'],캐스퐁,[],[],[],[],3,0.3,0.14,0.5,0.35,0.5,"['move_flash', 'move_defog']","['land','water']",common,water,,0.8,medium_fast,147
0351-snowy,['forecast'],캐스퐁,[],[],[],[],3,0.3,0.14,0.5,0.35,0.5,"['move_flash', 'move_defog']","['land','water']",common,ice,,0.8,medium_fast,147
352,"['color-change', 'protean']",켈리몬,[],[],[],[],3,1.0,0.55,0.5,0.45,0.5,"['move_flash', 'move_cut', 'move_rock-smash', 'move_strength']",['land'],rare,normal,,22.0,medium_slow,154
353,"['insomnia', 'frisk', 'cursed-body']",어둠대신,['candy_50'],['0354'],[],[],3,0.6,0.7,0.5,0.6,0.5,['move_flash'],"['land','water']",common,ghost,,2.3,fast,59
354,"['insomnia', 'frisk', 'cursed-body']",다크펫,[],[],[],[],3,1.1,0.14,0.5,0.35,0.5,['move_flash'],['land'],rare,ghost,,12.5,fast,159
0354-mega,['ptierster'],다크펫,[],[],[],[],3,1.2,0.14,0.5,0.35,0.5,['move_flash'],['land'],rare,ghost,,13.0,fast,159
355,"['levitate', 'frisk']",해골몽,['candy_50'],['0356'],[],[],3,0.8,0.6,0.5,0.45,0.5,"['move_mean-look', 'move_flash']","['land','water']",common,ghost,,15.0,fast,59
356,"['pressure', 'frisk']",미라몽,['reaper-cloth'],['0477'],[],[],3,1.6,0.28,0.5,0.35,0.5,"['move_mean-look', 'move_flash', 'move_rock-smash', 'move_strength']",['land'],rare,ghost,,30.6,fast,159
357,"['chlorophyll', 'solar-power', 'harvest']",트로피우스,[],[],[],[],3,2.0,0.55,0.5,0.45,0.5,"['move_flash', 'move_defog', 'move_cut', 'move_rock-smash', 'move_strength', 'move_fly']","['land','water']",rare,grass,flying,100.0,slow,161
358,['levitate'],치렁,[],[],[],[],3,0.6,0.14,0.5,0.35,0.5,"['move_flash', 'move_defog']","['land','water']",rare,psychic,,1.0,fast,159
359,"['pressure', 'super-luck', 'justified']",앱솔,[],[],[],[],3,1.2,0.1,0.5,0.6,0.5,"['move_mean-look', 'move_flash', 'move_cut', 'move_rock-smash', 'move_strength']",['land'],epic,dark,,47.0,medium_slow,163
0359-mega,['magic-bounce'],앱솔,[],[],[],[],3,1.2,0.1,0.5,0.6,0.5,"['move_mean-look', 'move_flash', 'move_cut', 'move_rock-smash', 'move_strength']",['land'],epic,dark,,49.0,medium_slow,163
360,"['shadow-tag', 'telepathy']",마자,['candy_50'],['0202'],[],[],3,0.6,0.39,0.5,0.35,0.5,[],['land'],common,psychic,,14.0,medium_fast,52
361,"['inner-focus', 'ice-body', 'moody']",눈꼬마,"['candy_50', 'dawn-stone+female']","['0362', '0478']",[],[],3,0.7,0.6,0.5,0.35,0.5,['move_flash'],['land'],common,ice,,16.8,medium_fast,60
362,"['inner-focus', 'ice-body', 'moody']",얼음귀신,[],[],[],[],3,1.5,0.2,0.5,0.6,0.5,['move_flash'],"['land','water']",epic,ice,,256.5,medium_fast,168
0362-mega,['refrigerate'],얼음귀신,[],[],[],[],3,2.1,0.2,0.5,0.6,0.5,['move_flash'],"['land','water']",epic,ice,,350.2,medium_fast,168
363,"['thick-fat', 'ice-body', 'oblivious']",대굴레오,['candy_50'],['0364'],[],[],3,0.8,0.8,0.5,0.35,0.5,"['move_surf', 'move_rock-smash', 'move_strength', 'move_waterfall', 'move_dive']","['land','water']",common,ice,water,39.5,medium_slow,58
364,"['thick-fat', 'ice-body', 'oblivious']",씨레오,['candy_100'],['0365'],[],[],3,1.1,0.38,0.5,0.25,0.5,"['move_surf', 'move_rock-smash', 'move_strength', 'move_waterfall', 'move_dive']","['land','water']",rare,ice,water,87.6,medium_slow,144
365,"['thick-fat', 'ice-body', 'oblivious']",씨카이저,[],[],[],[],3,1.4,0.14,0.5,0.6,0.5,"['move_surf', 'move_rock-smash', 'move_strength', 'move_waterfall', 'move_dive']","['land','water']",epic,ice,water,150.6,medium_slow,239
366,"['shell-armor', 'rattled']",진주몽,"['deep-sea-tooth', 'deep-sea-scale']","['0367', '0368']",[],[],3,0.4,0.8,0.5,0.35,0.5,"['move_surf', 'move_waterfall', 'move_dive']",['water'],common,water,,52.5,fluctuating,69
367,"['swift-swim', 'water-veil']",헌테일,[],[],[],[],3,1.7,0.19,0.5,0.45,0.5,"['move_surf', 'move_waterfall', 'move_dive']",['water'],rare,water,,27.0,fluctuating,170
368,"['swift-swim', 'hydration']",분홍장이,[],[],[],[],3,1.8,0.19,0.5,0.45,0.5,"['move_surf', 'move_waterfall', 'move_dive']",['water'],rare,water,,22.6,fluctuating,170
369,"['swift-swim', 'rock-head', 'sturdy']",시라칸,[],[],[],[],3,1.0,0.08,0.12,0.35,0.88,"['move_surf', 'move_rock-smash', 'move_waterfall', 'move_dive']",['water'],common,water,rock,23.4,slow,170
370,"['swift-swim', 'hydration']",사랑동이,[],[],[],[],3,0.6,0.7,0.75,0.35,0.25,"['move_surf', 'move_waterfall', 'move_dive']",['water'],common,water,,8.7,fast,116
371,"['rock-head', 'sheer-force']",아공이,['candy_50'],['0372'],[],[],3,0.6,0.14,0.5,0.35,0.5,"['move_cut', 'move_rock-smash', 'move_strength']",['land'],rare,dragon,,42.1,slow,60
372,"['rock-head', 'overcoat']",쉘곤,['candy_100'],['0373'],[],[],3,1.1,0.14,0.5,0.45,0.5,"['move_cut', 'move_rock-smash', 'move_strength']",['land'],rare,dragon,,110.5,slow,147
373,"['intimidate', 'moxie']",보만다,[],[],[],[],3,1.5,0.14,0.5,0.6,0.5,"['move_defog', 'move_cut', 'move_rock-smash', 'move_strength', 'move_fly']","['land','water']",epic,dragon,flying,102.6,slow,270
0373-mega,['aerilate'],보만다,[],[],[],[],3,1.8,0.14,0.5,0.6,0.5,"['move_defog', 'move_cut', 'move_rock-smash', 'move_strength', 'move_fly']","['land','water']",epic,dragon,flying,112.6,slow,270
374,"['clear-body', 'light_metal']",메탕,['candy_70'],['0375'],[],[],3,0.6,0.01,0.0,0.35,0.0,[],"['land','water']",rare,steel,psychic,95.2,slow,60
375,"['clear-body', 'light_metal']",메탕구,['candy_120'],['0376'],[],[],3,1.2,0.01,0.0,0.25,0.0,"['move_flash', 'move_cut', 'move_rock-smash', 'move_strength']","['land','water']",rare,steel,psychic,202.5,slow,147
376,"['clear-body', 'light_metal']",메타그로스,[],[],[],[],3,1.6,0.01,0.0,0.6,0.0,"['move_flash', 'move_cut', 'move_rock-smash', 'move_strength']","['land','water']",epic,steel,psychic,550.0,slow,270
0376-mega,['tough-claws'],메타그로스,[],[],[],[],3,2.5,0.01,0.0,0.6,0.0,"['move_flash', 'move_cut', 'move_rock-smash', 'move_strength']","['land','water']",epic,steel,psychic,942.9,slow,270
377,"['clear-body', 'sturdy']",레지락,[],[],[],[],3,1.7,0.01,0.0,0.75,0.0,"['move_rock-smash', 'move_strength']",['land'],legendary,rock,,230.0,slow,261
378,"['clear-body', 'ice-body']",레지아이스,[],[],[],[],3,1.8,0.01,0.0,0.75,0.0,"['move_rock-smash', 'move_strength']",['land'],legendary,ice,,175.0,slow,261
379,"['clear-body', 'light_metal']",레지스틸,[],[],[],[],3,1.9,0.01,0.0,0.75,0.0,"['move_rock-smash', 'move_strength']",['land'],legendary,steel,,205.0,slow,261
380,['levitate'],라티아스,[],[],[],[],3,1.4,0.01,1.0,0.75,0.0,"['move_surf', 'move_flash', 'move_defog', 'move_cut', 'move_waterfall', 'move_dive', 'move_fly']","['land','water']",legendary,dragon,psychic,40.0,slow,270
0380-mega,['levitate'],라티아스,[],[],[],[],3,1.8,0.01,1.0,0.75,0.0,"['move_surf', 'move_flash', 'move_defog', 'move_cut', 'move_waterfall', 'move_dive', 'move_fly']","['land','water']",legendary,dragon,psychic,52.0,slow,270
381,['levitate'],라티오스,[],[],[],[],3,2.0,0.01,0.0,0.75,1.0,"['move_surf', 'move_flash', 'move_defog', 'move_cut', 'move_waterfall', 'move_dive', 'move_fly']","['land','water']",legendary,dragon,psychic,60.0,slow,270
0381-mega,['levitate'],라티오스,[],[],[],[],3,2.3,0.01,0.0,0.75,1.0,"['move_surf', 'move_flash', 'move_defog', 'move_cut', 'move_waterfall', 'move_dive', 'move_fly']","['land','water']",legendary,dragon,psychic,70.0,slow,270
382,['drizzle'],가이오가,[],[],[],[],3,4.5,0.01,0.0,0.75,0.0,"['move_surf', 'move_rock-smash', 'move_strength', 'move_waterfall', 'move_dive']",['water'],legendary,water,,352.0,slow,302
0382-primal,['primordial-sea'],가이오가,[],[],[],[],3,9.8,0.01,0.0,0.75,0.0,"['move_surf', 'move_rock-smash', 'move_strength', 'move_waterfall', 'move_dive']",['water'],legendary,water,,430.0,slow,302
383,['drought'],그란돈,[],[],[],[],3,3.5,0.01,0.0,0.75,0.0,"['move_cut', 'move_rock-smash', 'move_strength']",['land'],legendary,ground,,950.0,slow,302
0383-primal,['desolate-land'],그란돈,[],[],[],[],3,5.0,0.01,0.0,0.75,0.0,"['move_cut', 'move_rock-smash', 'move_strength']",['land'],legendary,ground,fire,999.7,slow,302
384,['air-lock'],레쿠쟈,[],[],[],[],3,7.0,0.03,0.0,0.75,0.0,"['move_surf', 'move_defog', 'move_rock-smash', 'move_strength', 'move_waterfall', 'move_dive', 'move_fly']","['land','water']",legendary,dragon,flying,206.5,slow,306
0384-mega,['delta-stream'],레쿠쟈,[],[],[],[],3,10.8,0.03,0.0,0.75,0.0,"['move_surf', 'move_defog', 'move_rock-smash', 'move_strength', 'move_waterfall', 'move_dive', 'move_fly']","['land','water']",legendary,dragon,flying,392.0,slow,306
385,['serene-grace'],지라치,[],[],[],[],3,0.3,0.01,0.0,0.75,0.0,['move_flash'],"['land','water']",legendary,steel,psychic,1.1,slow,270
386,['pressure'],테오키스,[],[],[],[],3,,0.01,0.0,0.75,0.0,"['move_flash', 'move_cut', 'move_rock-smash', 'move_strength']","['land','water']",legendary,psychic,,,slow,270
0386-attack,['pressure'],테오키스,[],[],[],[],3,1.7,0.01,0.0,0.75,0.0,"['move_flash', 'move_cut', 'move_rock-smash', 'move_strength']","['land','water']",legendary,psychic,,60.8,slow,270
0386-defense,['pressure'],테오키스,[],[],[],[],3,1.7,0.01,0.0,0.75,0.0,"['move_flash', 'move_cut', 'move_rock-smash', 'move_strength']","['land','water']",legendary,psychic,,60.8,slow,270
0386-speed,['pressure'],테오키스,[],[],[],[],3,1.7,0.01,0.0,0.75,0.0,"['move_flash', 'move_cut', 'move_rock-smash', 'move_strength']","['land','water']",legendary,psychic,,60.8,slow,270
387,"['overgrow', 'shell-armor']",모부기,['candy_50'],['0388'],[],[],4,0.4,0.14,0.12,0.6,0.88,"['move_flash', 'move_cut', 'move_rock-smash', 'move_strength']",['land'],epic,grass,,10.2,medium_slow,64
388,"['overgrow', 'shell-armor']",수풀부기,['candy_100'],['0389'],[],[],4,1.1,0.14,0.12,0.6,0.88,"['move_flash', 'move_cut', 'move_rock-smash', 'move_strength']",['land'],epic,grass,,97.0,medium_slow,142
389,"['overgrow', 'shell-armor']",토대부기,[],[],[],[],4,2.2,0.14,0.12,0.6,0.88,"['move_flash', 'move_cut', 'move_rock-smash', 'move_strength']",['land'],epic,grass,ground,310.0,medium_slow,236
390,"['blaze', 'iron-fist']",불꽃숭이,['candy_50'],['0391'],[],[],4,0.5,0.14,0.12,0.6,0.88,"['move_cut', 'move_rock-smash', 'move_strength']",['land'],epic,fire,,6.2,medium_slow,62
391,"['blaze', 'iron-fist']",파이숭이,['candy_100'],['0392'],[],[],4,0.9,0.14,0.12,0.6,0.88,"['move_cut', 'move_rock-smash', 'move_strength']",['land'],epic,fire,fighting,22.0,medium_slow,142
392,"['blaze', 'iron-fist']",초염몽,[],[],[],[],4,1.2,0.14,0.12,0.6,0.88,"['move_cut', 'move_rock-smash', 'move_strength']",['land'],epic,fire,fighting,55.0,medium_slow,240
393,"['torrent', 'competitive']",팽도리,['candy_50'],['0394'],[],[],4,0.4,0.14,0.12,0.6,0.88,"['move_surf', 'move_defog', 'move_cut', 'move_waterfall', 'move_dive']","['land','water']",epic,water,,5.2,medium_slow,63
394,"['torrent', 'competitive']",팽태자,['candy_100'],['0395'],[],[],4,0.8,0.14,0.12,0.6,0.88,"['move_surf', 'move_defog', 'move_cut', 'move_rock-smash', 'move_strength', 'move_waterfall', 'move_dive']","['land','water']",epic,water,,23.0,medium_slow,142
395,"['torrent', 'competitive']",엠페르트,[],[],[],[],4,1.7,0.14,0.12,0.6,0.88,"['move_surf', 'move_defog', 'move_cut', 'move_rock-smash', 'move_strength', 'move_waterfall', 'move_dive']","['land','water']",epic,water,steel,84.5,medium_slow,239
396,"['keen-eye', 'reckless']",찌르꼬,['candy_50'],['0397'],[],[],4,0.3,0.8,0.5,0.35,0.5,"['move_defog', 'move_fly']",['land'],common,normal,flying,2.0,medium_slow,49
397,"['intimidate', 'reckless']",찌르버드,['candy_75'],['0398'],[],[],4,0.6,0.38,0.5,0.45,0.5,"['move_defog', 'move_fly']","['land','water']",rare,normal,flying,15.5,medium_slow,119
398,"['intimidate', 'reckless']",찌르호크,[],[],[],[],4,1.2,0.14,0.5,0.6,0.5,"['move_defog', 'move_fly']","['land','water']",epic,normal,flying,24.9,medium_slow,218
0398-mega,[],찌르호크,[],[],[],[],4,1.9,0.14,0.5,0.6,0.5,[],"['land','water']",epic,fighting,flying,50.0,medium_slow,218
399,"['simple', 'unaware', 'moody']",비버니,['candy_30'],['0400'],[],[],4,0.5,0.8,0.5,0.35,0.5,"['move_cut', 'move_rock-smash']","['land','water']",common,normal,,20.0,medium_fast,50
400,"['simple', 'unaware', 'moody']",비버통,[],[],[],[],4,1.0,0.4,0.5,0.45,0.5,"['move_surf', 'move_cut', 'move_rock-smash', 'move_strength', 'move_waterfall', 'move_dive']","['land','water']",rare,normal,water,31.5,medium_fast,144
401,"['shed-skin', 'run-away']",귀뚤뚜기,['candy_25'],['0402'],[],[],4,0.3,0.8,0.5,0.35,0.5,[],['land'],common,bug,,2.2,medium_slow,39
402,"['swarm', 'technician']",귀뚤톡크,[],[],[],[],4,1.0,0.14,0.5,0.45,0.5,"['move_flash', 'move_cut', 'move_rock-smash', 'move_strength']",['land'],rare,bug,,25.5,medium_slow,134
403,"['rivalry', 'intimidate', 'guts']",꼬링크,['candy_50'],['0404'],[],[],4,0.5,0.74,0.5,0.45,0.5,"['move_flash', 'move_strength']",['land'],common,electric,,9.5,medium_slow,53
404,"['rivalry', 'intimidate', 'guts']",럭시오,['candy_75'],['0405'],[],[],4,0.9,0.38,0.5,0.35,0.5,"['move_flash', 'move_strength']",['land'],rare,electric,,30.5,medium_slow,127
405,"['rivalry', 'intimidate', 'guts']",렌트라,[],[],[],[],4,1.4,0.14,0.5,0.6,0.5,"['move_flash', 'move_strength']",['land'],epic,electric,,42.0,medium_slow,235
406,"['natural-cure', 'poison-point', 'leaf-guard']",꼬몽울,['friendship_220+time_day'],['0315'],[],[],4,0.2,0.8,0.5,0.45,0.5,"['move_flash', 'move_cut']",['land'],common,grass,poison,1.2,medium_slow,56
407,"['natural-cure', 'poison-point', 'technician']",로즈레이드,[],[],[],[],4,0.9,0.2,0.5,0.6,0.5,"['move_flash', 'move_cut']",['land'],epic,grass,poison,14.5,medium_slow,232
408,"['mold-breaker', 'sheer-force']",두개도스,['candy_40'],['0409'],[],[],4,0.9,0.14,0.12,0.35,0.88,"['move_rock-smash', 'move_strength']",['land'],common,rock,,31.5,fluctuating,70
409,"['mold-breaker', 'sheer-force']",램펄드,[],[],[],[],4,1.6,0.14,0.12,0.45,0.88,"['move_surf', 'move_cut', 'move_rock-smash', 'move_strength']",['land'],rare,rock,,102.5,fluctuating,173
410,"['sturdy', 'soundproof']",방패톱스,['candy_40'],['0411'],[],[],4,0.5,0.14,0.12,0.35,0.88,"['move_rock-smash', 'move_strength']",['land'],common,rock,steel,57.0,fluctuating,70
411,"['sturdy', 'soundproof']",바리톱스,[],[],[],[],4,1.3,0.14,0.12,0.45,0.88,"['move_rock-smash', 'move_strength']",['land'],rare,rock,steel,149.5,fluctuating,173
412,"['shed-skin', 'overcoat']",도롱충이,"['candy_20+female', 'candy_20+male']","['0413', '0414']",[],[],4,0.2,0.38,0.5,0.35,0.5,[],['land'],common,bug,,3.4,medium_fast,45
413,"['anticipation', 'overcoat']",도롱마담,[],[],[],[],4,,0.14,1.0,0.45,0.0,['move_flash'],['land'],rare,bug,grass,,medium_fast,148
0413-sandy,"['anticipation', 'overcoat']",도롱마담,[],[],[],[],4,0.5,0.14,1.0,0.45,0.0,['move_flash'],['land'],rare,bug,ground,6.5,medium_fast,148
0413-trash,"['anticipation', 'overcoat']",도롱마담,[],[],[],[],4,0.5,0.14,1.0,0.45,0.0,['move_flash'],['land'],rare,bug,steel,6.5,medium_fast,148
414,"['swarm', 'tinted-lens']",나메일,[],[],[],[],4,0.9,0.14,0.0,0.45,1.0,"['move_flash', 'move_defog']","['land','water']",rare,bug,flying,23.3,medium_fast,148
415,"['honey-gather', 'hustle']",세꿀버리,['candy_40+female'],['0416'],[],[],4,0.3,0.38,0.12,0.35,0.88,[],"['land','water']",common,bug,flying,5.5,medium_slow,49
416,"['pressure', 'unnerve']",비퀸,[],[],[],[],4,1.2,0.14,1.0,0.6,0.0,"['move_flash', 'move_defog', 'move_cut']","['land','water']",epic,bug,flying,38.5,medium_slow,166
417,"['run-away', 'pickup', 'volt-absorb']",파치리스,[],[],[],[],4,0.4,0.62,0.5,0.45,0.5,"['move_flash', 'move_cut']",['land'],common,electric,,3.9,medium_fast,142
418,"['swift-swim', 'water-veil']",브이젤,['candy_50'],['0419'],[],[],4,0.7,0.6,0.5,0.45,0.5,"['move_surf', 'move_rock-smash', 'move_strength', 'move_waterfall', 'move_dive']","['land','water']",common,water,,29.5,medium_fast,66
419,"['swift-swim', 'water-veil']",플로젤,[],[],[],[],4,1.1,0.23,0.5,0.35,0.5,"['move_surf', 'move_rock-smash', 'move_strength', 'move_waterfall', 'move_dive']","['land','water']",rare,water,,33.5,medium_fast,173
420,['chlorophyll'],체리버,['candy_35'],['0421'],[],[],4,0.4,0.6,0.5,0.35,0.5,['move_flash'],['land'],common,grass,,3.3,medium_fast,55
421,['flower-gift'],체리꼬,[],[],[],[],4,0.5,0.23,0.5,0.45,0.5,['move_flash'],['land'],rare,grass,,9.3,medium_fast,158
0421-sunshine,['flower-gift'],체리꼬,[],[],[],[],4,,0.23,0.5,0.45,0.5,['move_flash'],['land'],rare,grass,,,medium_fast,158
0422-west,"['sticky-hold', 'storm-drain', 'sand-force']",깝질무,['candy_50'],['0423'],[],[],4,,0.6,0.5,0.35,0.5,"['move_surf', 'move_waterfall', 'move_dive']","['land','water']",common,water,,,medium_fast,65
0422-east,"['sticky-hold', 'storm-drain', 'sand-force']",깝질무,['candy_50'],['0423'],[],[],4,,0.6,0.5,0.35,0.5,"['move_surf', 'move_waterfall', 'move_dive']","['land','water']",common,water,,,medium_fast,65
0423-west,"['sticky-hold', 'storm-drain', 'sand-force']",트리토돈,[],[],[],[],4,,0.23,0.5,0.45,0.5,"['move_surf', 'move_flash', 'move_rock-smash', 'move_strength', 'move_waterfall', 'move_dive']","['land','water']",rare,water,ground,,medium_fast,166
0423-east,"['sticky-hold', 'storm-drain', 'sand-force']",트리토돈,[],[],[],[],4,,0.23,0.5,0.45,0.5,"['move_surf', 'move_flash', 'move_rock-smash', 'move_strength', 'move_waterfall', 'move_dive']","['land','water']",rare,water,ground,,medium_fast,166
424,"['technician', 'pickup', 'skill-link']",겟핸보숭,[],[],[],[],4,1.2,0.14,0.5,0.45,0.5,"['move_cut', 'move_rock-smash', 'move_strength']",['land'],rare,normal,,20.3,fast,169
425,"['aftermath', 'unburden', 'flare-boost']",흔들풍손,['candy_70'],['0426'],[],[],4,0.4,0.39,0.5,0.35,0.5,"['move_flash', 'move_defog', 'move_cut', 'move_fly']","['land','water']",common,ghost,flying,1.2,erratic,70
426,"['aftermath', 'unburden', 'flare-boost']",둥실라이드,[],[],[],[],4,1.2,0.19,0.5,0.45,0.5,"['move_flash', 'move_defog', 'move_cut', 'move_fly']","['land','water']",rare,ghost,flying,15.0,erratic,174
427,"['run-away', 'klutz', 'limber']",이어롤,['friendship_220'],['0428'],[],[],4,0.4,0.6,0.5,0.35,0.5,"['move_cut', 'move_rock-smash']",['land'],common,normal,,5.5,medium_fast,70
428,"['cute-charm', 'klutz', 'limber']",이어롭,[],[],[],[],4,1.2,0.19,0.5,0.45,0.5,"['move_cut', 'move_rock-smash', 'move_strength']",['land'],rare,normal,,33.3,medium_fast,168
0428-mega,['scrappy'],이어롭,[],[],[],[],4,1.3,0.19,0.5,0.45,0.5,"['move_cut', 'move_rock-smash', 'move_strength']",['land'],rare,normal,fighting,28.3,medium_fast,168
429,['levitate'],무우마직,[],[],[],[],4,0.9,0.14,0.5,0.6,0.5,"['move_mean-look', 'move_flash']","['land','water']",epic,ghost,,4.4,fast,173
430,"['insomnia', 'super-luck', 'moxie']",돈크로우,[],[],[],[],4,0.9,0.1,0.5,0.6,0.5,"['move_mean-look', 'move_defog', 'move_fly']",['land'],epic,dark,flying,27.3,medium_slow,177
431,"['limber', 'own-tempo', 'keen-eye']",나옹마,['candy_45'],['0432'],[],[],4,0.5,0.6,0.75,0.35,0.25,"['move_flash', 'move_cut']",['land'],common,normal,,3.9,fast,62
432,"['thick-fat', 'own-tempo', 'defiant']",몬냥이,[],[],[],[],4,1.0,0.23,0.75,0.45,0.25,"['move_flash', 'move_cut']",['land'],rare,normal,,43.8,fast,158
433,['levitate'],랑딸랑,['friendship_220+time_night'],['0358'],[],[],4,0.2,0.38,0.5,0.45,0.5,['move_flash'],['land'],common,psychic,,0.6,fast,57
434,"['stench', 'aftermath', 'keen-eye']",스컹뿡,['candy_50'],['0435'],[],[],4,0.4,0.7,0.5,0.35,0.5,"['move_defog', 'move_cut', 'move_rock-smash']",['land'],common,poison,dark,19.2,medium_fast,66
435,"['stench', 'aftermath', 'keen-eye']",스컹탱크,[],[],[],[],4,1.0,0.19,0.5,0.45,0.5,"['move_defog', 'move_cut', 'move_rock-smash', 'move_strength']",['land'],rare,poison,dark,38.0,medium_fast,168
436,"['levitate', 'heatproof', 'heavy_metal']",동미러,['candy_50'],['0437'],[],[],4,0.5,0.8,0.0,0.35,0.0,['move_flash'],['land'],common,steel,psychic,60.5,medium_fast,60
437,"['levitate', 'heatproof', 'heavy_metal']",동탁군,[],[],[],[],4,1.3,0.28,0.0,0.25,0.0,"['move_flash', 'move_rock-smash', 'move_strength']",['land'],rare,steel,psychic,187.0,medium_fast,175
438,"['sturdy', 'rock-head', 'rattled']",꼬지지,['move_mimic'],['0185'],[],[],4,0.5,0.8,0.5,0.35,0.5,[],['land'],common,rock,,15.0,medium_fast,58
439,"['soundproof', 'filter', 'technician']",흉내내,['move_mimic'],['0122'],[],[],4,0.6,0.46,0.5,0.35,0.5,['move_flash'],['land'],common,psychic,fairy,13.0,medium_fast,62
440,"['natural-cure', 'serene-grace', 'friend-guard']",핑복,['oval-stone+time_day'],['0113'],[],[],4,0.6,0.41,1.0,0.35,0.0,['move_flash'],['land'],common,normal,,24.4,fast,110
441,"['keen-eye', 'tangled-feet', 'big-pecks']",페라페,[],[],[],[],4,0.5,0.1,0.5,0.35,0.5,"['move_defog', 'move_fly']",['land'],common,normal,flying,1.9,medium_slow,144
442,"['pressure', 'infiltrator']",화강돌,[],[],[],[],4,1.0,0.2,0.5,0.6,0.5,['move_flash'],['land'],epic,ghost,dark,108.0,medium_fast,170
443,"['sand-veil', 'rough-skin']",딥상어동,['candy_50'],['0444'],[],[],4,0.7,0.14,0.5,0.35,0.5,"['move_cut', 'move_rock-smash', 'move_strength']",['land'],rare,dragon,ground,20.5,slow,60
444,"['sand-veil', 'rough-skin']",한바이트,['candy_100'],['0445'],[],[],4,1.4,0.14,0.5,0.45,0.5,"['move_cut', 'move_rock-smash', 'move_strength']",['land'],rare,dragon,ground,56.0,slow,144
445,"['sand-veil', 'rough-skin']",한카리아스,[],[],[],[],4,1.9,0.14,0.5,0.6,0.5,"['move_surf', 'move_cut', 'move_rock-smash', 'move_strength']",['land'],epic,dragon,ground,95.0,slow,270
0445-mega,['sand-force'],한카리아스,[],[],[],[],4,1.9,0.14,0.5,0.6,0.5,"['move_surf', 'move_cut', 'move_rock-smash', 'move_strength']",['land'],epic,dragon,ground,95.0,slow,270
446,"['pickup', 'thick-fat', 'gluttony']",먹고자,['friendship_220'],['0143'],[],[],4,0.6,0.16,0.12,0.45,0.88,"['move_surf', 'move_rock-smash', 'move_strength']",['land'],rare,normal,,105.0,slow,78
447,"['steadfast', 'inner-focus', 'ptierster']",리오르,['friendship_220+time_day'],['0448'],[],[],4,0.7,0.23,0.12,0.45,0.88,"['move_rock-smash', 'move_strength']",['land'],rare,fighting,,20.2,medium_slow,57
448,"['steadfast', 'inner-focus', 'justified']",루카리오,[],[],[],[],4,1.2,0.14,0.12,0.6,0.88,"['move_rock-smash', 'move_strength']",['land'],epic,fighting,steel,54.0,medium_slow,184
0448-mega,['adaptability'],루카리오,[],[],[],[],4,1.3,0.14,0.12,0.6,0.88,"['move_rock-smash', 'move_strength']",['land'],epic,fighting,steel,57.5,medium_slow,184
0448-mega-z,[],루카리오,[],[],[],[],4,1.3,0.14,0.12,0.6,0.88,[],['land'],epic,fighting,steel,49.4,medium_slow,184
449,"['sand-stream', 'sand-force']",히포포타스,['candy_50'],['0450'],[],[],4,0.8,0.44,0.5,0.25,0.5,"['move_rock-smash', 'move_strength']",['land'],rare,ground,,49.5,slow,66
450,"['sand-stream', 'sand-force']",하마돈,[],[],[],[],4,2.0,0.19,0.5,0.6,0.5,"['move_rock-smash', 'move_strength']",['land'],epic,ground,,300.0,slow,184
451,"['battle-armor', 'sniper', 'keen-eye']",스콜피,['candy_60'],['0452'],[],[],4,0.8,0.38,0.5,0.45,0.5,"['move_flash', 'move_cut', 'move_rock-smash', 'move_strength']",['land'],rare,poison,bug,12.0,slow,66
452,"['battle-armor', 'sniper', 'keen-eye']",드래피온,[],[],[],[],4,1.3,0.14,0.5,0.6,0.5,"['move_flash', 'move_cut', 'move_rock-smash', 'move_strength']",['land'],epic,poison,dark,61.5,slow,175
453,"['anticipation', 'dry-skin', 'poison-touch']",삐딱구리,['candy_45'],['0454'],[],[],4,0.7,0.44,0.5,0.6,0.5,"['move_rock-smash', 'move_strength']",['land'],common,poison,fighting,23.0,medium_fast,60
454,"['anticipation', 'dry-skin', 'poison-touch']",독개굴,[],[],[],[],4,1.3,0.23,0.5,0.45,0.5,"['move_cut', 'move_rock-smash', 'move_strength']",['land'],rare,poison,fighting,44.4,medium_fast,172
455,['levitate'],무스틈니,[],[],[],[],4,1.4,0.62,0.5,0.25,0.5,"['move_flash', 'move_defog', 'move_cut']",['land'],common,grass,,27.0,slow,159
456,"['swift-swim', 'storm-drain', 'water-veil']",형광어,['candy_40'],['0457'],[],[],4,0.4,0.6,0.5,0.35,0.5,"['move_surf', 'move_flash', 'move_defog', 'move_waterfall', 'move_dive']",['water'],common,water,,7.0,fluctuating,66
457,"['swift-swim', 'storm-drain', 'water-veil']",네오라이트,[],[],[],[],4,1.2,0.23,0.5,0.45,0.5,"['move_surf', 'move_flash', 'move_defog', 'move_waterfall', 'move_dive']",['water'],rare,water,,24.0,fluctuating,161
458,"['swift-swim', 'water-absorb', 'water-veil']",타만타,['candy_50'],['0226'],[],[],4,1.0,0.08,0.5,0.35,0.5,"['move_surf', 'move_waterfall', 'move_dive']",['water'],common,water,flying,65.0,slow,69
459,"['snow-warning', 'soundproof']",눈쓰개,['candy_100'],['0460'],[],[],4,1.0,0.38,0.5,0.35,0.5,['move_flash'],['land'],common,grass,ice,50.5,slow,67
460,"['snow-warning', 'soundproof']",눈설왕,[],[],[],[],4,2.2,0.19,0.5,0.6,0.5,"['move_flash', 'move_rock-smash', 'move_strength']",['land'],epic,grass,ice,135.5,slow,173
0460-mega,['snow-warning'],눈설왕,[],[],[],[],4,2.7,0.19,0.5,0.6,0.5,"['move_flash', 'move_rock-smash', 'move_strength']",['land'],epic,grass,ice,185.0,slow,173
461,"['pressure', 'pickpocket']",포푸니라,[],[],[],[],4,1.1,0.14,0.5,0.6,0.5,"['move_surf', 'move_cut', 'move_rock-smash', 'move_strength']",['land'],epic,dark,ice,34.0,medium_slow,179
462,"['magnet-pull', 'sturdy', 'analytic']",자포코일,[],[],[],[],4,1.2,0.1,0.0,0.6,0.0,['move_flash'],"['land','water']",epic,electric,steel,180.0,medium_fast,241
463,"['own-tempo', 'oblivious', 'cloud-nine']",내룸벨트,[],[],[],[],4,1.7,0.1,0.5,0.6,0.5,"['move_surf', 'move_cut', 'move_rock-smash', 'move_strength']",['land'],epic,normal,,140.0,medium_fast,180
464,"['lightning-rod', 'solid-rock', 'reckless']",거대코뿌리,[],[],[],[],4,2.4,0.1,0.5,0.6,0.5,"['move_surf', 'move_cut', 'move_rock-smash', 'move_strength']",['land'],epic,ground,rock,282.8,slow,241
465,"['chlorophyll', 'leaf-guard', 'regenerator']",덩쿠림보,[],[],[],[],4,2.0,0.1,0.5,0.6,0.5,"['move_flash', 'move_cut', 'move_rock-smash', 'move_strength']",['land'],epic,grass,,128.6,medium_fast,187
466,"['motor-drive', 'vital-spirit']",에레키블,[],[],[],[],4,1.8,0.1,0.25,0.6,0.75,"['move_flash', 'move_rock-smash', 'move_strength']",['land'],epic,electric,,138.6,medium_fast,243
467,"['flame-body', 'vital-spirit']",마그마번,[],[],[],[],4,1.6,0.1,0.25,0.6,0.75,"['move_rock-smash', 'move_strength']",['land'],epic,fire,,68.0,medium_fast,243
468,"['hustle', 'serene-grace', 'super-luck']",토게키스,[],[],[],[],4,1.5,0.1,0.12,0.6,0.88,"['move_flash', 'move_defog', 'move_rock-smash', 'move_fly']","['land','water']",epic,fairy,flying,38.0,fast,245
469,"['speed-boost', 'tinted-lens', 'frisk']",메가자리,[],[],[],[],4,1.9,0.1,0.5,0.6,0.5,"['move_flash', 'move_defog']","['land','water']",epic,bug,flying,51.5,medium_fast,180
470,"['leaf-guard', 'chlorophyll']",리피아,[],[],[],[],4,1.0,0.14,0.12,0.6,0.88,"['move_flash', 'move_rock-smash', 'move_strength']",['land'],epic,grass,,25.5,medium_fast,184
471,"['snow-cloak', 'ice-body']",글레이시아,[],[],[],[],4,0.8,0.14,0.12,0.6,0.88,"['move_rock-smash', 'move_strength']",['land'],epic,ice,,25.9,medium_fast,184
472,"['hyper-cutter', 'sand-veil', 'poison-heal']",글라이온,[],[],[],[],4,2.0,0.1,0.5,0.6,0.5,"['move_defog', 'move_cut', 'move_rock-smash', 'move_strength']","['land','water']",epic,ground,flying,42.5,medium_slow,179
473,"['oblivious', 'snow-cloak', 'thick-fat']",맘모꾸리,[],[],[],[],4,2.5,0.16,0.5,0.6,0.5,"['move_rock-smash', 'move_strength']",['land'],epic,ice,ground,291.0,slow,239
474,"['adaptability', 'download', 'analytic']",폴리곤Z,[],[],[],[],4,0.9,0.1,0.0,0.6,0.0,['move_flash'],['land'],epic,normal,,34.0,medium_fast,241
475,"['steadfast', 'sharpness', 'justified']",엘레이드,[],[],[],[],4,1.6,0.14,0.0,0.6,1.0,"['move_flash', 'move_cut', 'move_rock-smash', 'move_strength']",['land'],epic,psychic,fighting,52.0,slow,233
0475-mega,['inner-focus'],엘레이드,[],[],[],[],4,1.6,0.14,0.0,0.6,1.0,"['move_flash', 'move_cut', 'move_rock-smash', 'move_strength']",['land'],epic,psychic,fighting,56.4,slow,233
476,"['sturdy', 'magnet-pull', 'sand-force']",대코파스,[],[],[],[],4,1.4,0.19,0.5,0.6,0.5,"['move_rock-smash', 'move_strength']",['land'],epic,rock,steel,340.0,medium_fast,184
477,"['pressure', 'frisk']",야느와르몽,[],[],[],[],4,2.2,0.14,0.5,0.6,0.5,"['move_mean-look', 'move_flash', 'move_rock-smash', 'move_strength']","['land','water']",epic,ghost,,106.6,fast,236
478,"['snow-cloak', 'cursed-body']",눈여아,[],[],[],[],4,1.3,0.2,1.0,0.6,0.0,['move_flash'],['land'],epic,ice,ghost,26.6,medium_fast,168
0478-mega,[],눈여아,[],[],[],[],4,2.6,0.2,1.0,0.6,0.0,[],['land'],epic,ice,ghost,29.6,medium_fast,168
479,['levitate'],로토무,[],[],[],[],4,0.3,0.14,0.0,0.6,0.0,"['move_flash', 'move_defog']",['land'],epic,electric,ghost,0.3,medium_fast,154
0479-heat,['levitate'],로토무,[],[],[],[],4,0.3,0.14,0.0,0.6,0.0,"['move_flash', 'move_defog']",['land'],epic,electric,fire,0.3,medium_fast,154
0479-wash,['levitate'],로토무,[],[],[],[],4,0.3,0.14,0.0,0.6,0.0,"['move_flash', 'move_defog']",['water'],epic,electric,water,0.3,medium_fast,154
0479-frost,['levitate'],로토무,[],[],[],[],4,0.3,0.14,0.0,0.6,0.0,"['move_flash', 'move_defog']",['land'],epic,electric,ice,0.3,medium_fast,154
0479-fan,['levitate'],로토무,[],[],[],[],4,0.3,0.14,0.0,0.6,0.0,"['move_flash', 'move_defog']",['land'],epic,electric,flying,0.3,medium_fast,154
0479-mow,['levitate'],로토무,[],[],[],[],4,0.3,0.14,0.0,0.6,0.0,"['move_flash', 'move_defog']",['land'],epic,electric,grass,0.3,medium_fast,154
480,['levitate'],유크시,[],[],[],[],4,0.3,0.01,0.0,0.75,0.0,['move_flash'],"['land','water']",legendary,psychic,,0.3,slow,261
481,['levitate'],엠라이트,[],[],[],[],4,0.3,0.01,0.0,0.75,0.0,['move_flash'],"['land','water']",legendary,psychic,,0.3,slow,261
482,['levitate'],아그놈,[],[],[],[],4,0.3,0.01,0.0,0.75,0.0,['move_flash'],"['land','water']",legendary,psychic,,0.3,slow,261
483,"['pressure', 'telepathy']",디아루가,[],[],[],[],4,5.4,0.01,0.0,0.75,0.0,"['move_flash', 'move_cut', 'move_rock-smash', 'move_strength']","['land','water']",legendary,steel,dragon,683.0,slow,306
0483-origin,"['pressure', 'telepathy']",디아루가,[],[],[],[],4,7.0,0.01,0.0,0.75,0.0,[],"['land','water']",legendary,steel,dragon,848.7,slow,306
484,"['pressure', 'telepathy']",펄기아,[],[],[],[],4,4.2,0.01,0.0,0.75,0.0,"['move_surf', 'move_cut', 'move_rock-smash', 'move_strength', 'move_waterfall', 'move_dive']","['land','water']",legendary,water,dragon,336.0,slow,306
0484-origin,"['pressure', 'telepathy']",펄기아,[],[],[],[],4,6.3,0.01,0.0,0.75,0.0,"['move_surf', 'move_waterfall']","['land','water']",legendary,water,dragon,659.0,slow,306
485,"['flash-fire', 'flame-body']",히드런,[],[],[],[],4,1.7,0.01,0.5,0.75,0.5,"['move_rock-smash', 'move_strength']",['land'],legendary,fire,steel,430.0,slow,270
0485-mega,[],히드런,[],[],[],[],4,2.8,0.01,0.5,0.75,0.5,[],['land'],legendary,fire,steel,570.0,slow,270
486,['slow-start'],레지기가스,[],[],[],[],4,3.7,0.01,0.0,0.75,0.0,"['move_rock-smash', 'move_strength']",['land'],legendary,normal,,420.0,slow,302
487,"['pressure', 'telepathy']",기라티나,[],[],[],[],4,,0.01,0.0,0.75,0.0,"['move_defog', 'move_cut', 'move_rock-smash', 'move_strength', 'move_fly']","['land','water']",legendary,ghost,dragon,,slow,306
0487-origin,['levitate'],기라티나,[],[],[],[],4,6.9,0.01,0.0,0.75,0.0,"['move_defog', 'move_cut', 'move_rock-smash', 'move_strength', 'move_fly']","['land','water']",legendary,ghost,dragon,650.0,slow,306
488,['levitate'],크레세리아,[],[],[],[],4,1.5,0.01,1.0,0.75,0.0,['move_flash'],"['land','water']",legendary,psychic,,85.6,slow,270
489,['hydration'],피오네,[],[],[],[],4,0.4,0.03,0.0,0.75,0.0,"['move_surf', 'move_waterfall', 'move_dive']",['water'],legendary,water,,3.1,slow,216
490,['hydration'],마나피,[],[],[],[],4,0.3,0.01,0.0,0.75,0.0,"['move_surf', 'move_flash', 'move_waterfall', 'move_dive']",['water'],legendary,water,,1.4,slow,270
491,['bad-dreams'],다크라이,[],[],[],[],4,1.5,0.01,0.0,0.75,0.0,"['move_flash', 'move_cut', 'move_rock-smash', 'move_strength']","['land','water']",legendary,dark,,50.5,slow,270
492,['natural-cure'],쉐이미,[],[],[],[],4,,0.03,0.0,0.75,0.0,['move_flash'],['land'],legendary,grass,,,medium_slow,270
0492-sky,['serene-grace'],쉐이미,[],[],[],[],4,0.4,0.03,0.0,0.75,0.0,['move_flash'],"['land','water']",legendary,grass,flying,5.2,medium_slow,270
493,['multitype'],아르세우스,[],[],[],[],4,3.2,0.01,0.0,0.75,0.0,"['move_surf', 'move_flash', 'move_defog', 'move_cut', 'move_rock-smash', 'move_strength', 'move_waterfall', 'move_dive', 'move_fly']","['land','water']",legendary,normal,,320.0,slow,324
494,['victory-star'],비크티니,[],[],[],[],5,0.4,0.01,0.0,0.75,0.0,"['move_flash', 'move_rock-smash']",['land'],legendary,psychic,fire,4.0,slow,270
495,"['overgrow', 'contrary']",주리비얀,['candy_50'],['0496'],[],[],5,0.6,0.14,0.12,0.6,0.88,"['move_mean-look', 'move_flash', 'move_defog', 'move_cut']",['land'],epic,grass,,8.1,medium_slow,62
496,"['overgrow', 'contrary']",샤비,['candy_100'],['0497'],[],[],5,0.8,0.14,0.12,0.6,0.88,"['move_mean-look', 'move_flash', 'move_defog', 'move_cut']",['land'],epic,grass,,16.0,medium_slow,145
497,"['overgrow', 'contrary']",샤로다,[],[],[],[],5,3.3,0.14,0.12,0.6,0.88,"['move_mean-look', 'move_flash', 'move_defog', 'move_cut', 'move_rock-smash', 'move_strength']",['land'],epic,grass,,63.0,medium_slow,238
498,"['blaze', 'thick-fat']",뚜꾸리,['candy_50'],['0499'],[],[],5,0.5,0.14,0.12,0.6,0.88,"['move_rock-smash', 'move_strength']",['land'],epic,fire,,9.9,medium_slow,62
499,"['blaze', 'thick-fat']",차오꿀,['candy_100'],['0500'],[],[],5,1.0,0.14,0.12,0.6,0.88,"['move_rock-smash', 'move_strength']",['land'],epic,fire,fighting,55.5,medium_slow,146
500,"['blaze', 'reckless']",염무왕,[],[],[],[],5,1.6,0.14,0.12,0.6,0.88,"['move_rock-smash', 'move_strength']",['land'],epic,fire,fighting,150.0,medium_slow,238
0500-mega,[],염무왕,[],[],[],[],5,1.8,0.14,0.12,0.6,0.88,[],['land'],epic,fire,fighting,180.3,medium_slow,238
501,"['torrent', 'shell-armor']",수댕이,['candy_50'],['0502'],[],[],5,0.5,0.14,0.12,0.6,0.88,"['move_surf', 'move_cut', 'move_rock-smash', 'move_waterfall', 'move_dive']","['land','water']",epic,water,,5.9,medium_slow,62
502,"['torrent', 'shell-armor']",쌍검자비,['candy_100'],['0503'],[],[],5,0.8,0.14,0.12,0.6,0.88,"['move_surf', 'move_cut', 'move_rock-smash', 'move_waterfall', 'move_dive']","['land','water']",epic,water,,24.5,medium_slow,145
503,"['torrent', 'shell-armor']",대검귀,[],[],[],[],5,1.5,0.14,0.12,0.6,0.88,"['move_surf', 'move_cut', 'move_rock-smash', 'move_strength', 'move_waterfall', 'move_dive']","['land','water']",epic,water,,94.6,medium_slow,238
0503_hisui,"['torrent', 'sharpness']",대검귀,[],[],[],[],5,1.5,0.14,0.12,0.6,0.88,"['move_surf', 'move_waterfall']","['land','water']",epic,water,dark,58.2,medium_slow,238
504,"['run-away', 'keen-eye', 'analytic']",보르쥐,['candy_30'],['0505'],[],[],5,0.5,0.8,0.5,0.35,0.5,"['move_mean-look', 'move_cut']",['land'],common,normal,,11.6,medium_fast,51
505,"['illuminate', 'keen-eye', 'analytic']",보르그,[],[],[],[],5,1.1,0.55,0.5,0.45,0.5,"['move_mean-look', 'move_flash', 'move_cut', 'move_rock-smash', 'move_strength']",['land'],rare,normal,,27.0,medium_fast,147
506,"['vital-spirit', 'pickup', 'run-away']",요테리,['candy_30'],['0507'],[],[],5,0.4,0.8,0.5,0.35,0.5,['move_rock-smash'],['land'],common,normal,,4.1,medium_slow,55
507,"['intimidate', 'sand-rush', 'scrappy']",하데리어,['candy_50'],['0508'],[],[],5,0.9,0.38,0.5,0.45,0.5,"['move_surf', 'move_rock-smash', 'move_strength']",['land'],rare,normal,,14.7,medium_slow,130
508,"['intimidate', 'sand-rush', 'scrappy']",바랜드,[],[],[],[],5,1.2,0.14,0.5,0.6,0.5,"['move_surf', 'move_rock-smash', 'move_strength']",['land'],epic,normal,,61.0,medium_slow,225
509,"['limber', 'unburden', 'ptierster']",쌔비냥,['candy_30'],['0510'],[],[],5,0.4,0.8,0.5,0.35,0.5,['move_cut'],['land'],common,dark,,10.1,medium_fast,56
510,"['limber', 'unburden', 'ptierster']",레파르다스,[],[],[],[],5,1.1,0.28,0.5,0.45,0.5,"['move_cut', 'move_rock-smash']",['land'],rare,dark,,37.5,medium_fast,156
511,"['gluttony', 'overgrow']",야나프,['leaf-stone'],['0512'],[],[],5,0.6,0.6,0.12,0.35,0.88,"['move_flash', 'move_cut', 'move_rock-smash']",['land'],common,grass,,10.5,medium_fast,63
512,"['gluttony', 'overgrow']",야나키,[],[],[],[],5,1.1,0.23,0.12,0.45,0.88,"['move_flash', 'move_cut', 'move_rock-smash']",['land'],rare,grass,,30.5,medium_fast,174
513,"['gluttony', 'blaze']",바오프,['fire-stone'],['0514'],[],[],5,0.6,0.6,0.12,0.35,0.88,"['move_cut', 'move_rock-smash']",['land'],common,fire,,11.0,medium_fast,63
514,"['gluttony', 'blaze']",바오키,[],[],[],[],5,1.0,0.23,0.12,0.45,0.88,"['move_cut', 'move_rock-smash']",['land'],rare,fire,,28.0,medium_fast,174
515,"['gluttony', 'torrent']",앗차프,['water-stone'],['0516'],[],[],5,0.6,0.6,0.12,0.35,0.88,"['move_surf', 'move_cut', 'move_rock-smash', 'move_waterfall', 'move_dive']","['land','water']",common,water,,13.5,medium_fast,63
516,"['gluttony', 'torrent']",앗차키,[],[],[],[],5,1.0,0.23,0.12,0.45,0.88,"['move_surf', 'move_cut', 'move_rock-smash', 'move_waterfall', 'move_dive']","['land','water']",rare,water,,29.0,medium_fast,174
517,"['forewarn', 'synchronize', 'telepathy']",몽나,['moon-stone'],['0518'],[],[],5,0.6,0.6,0.5,0.35,0.5,['move_flash'],"['land','water']",common,psychic,,23.3,fast,58
518,"['forewarn', 'synchronize', 'telepathy']",몽얌나,[],[],[],[],5,1.1,0.23,0.5,0.45,0.5,['move_flash'],"['land','water']",rare,psychic,,60.5,fast,170
519,"['big-pecks', 'super-luck', 'rivalry']",콩둘기,['candy_30'],['0520'],[],[],5,0.3,0.8,0.5,0.35,0.5,"['move_defog', 'move_fly']",['land'],common,normal,flying,2.1,medium_slow,53
520,"['big-pecks', 'super-luck', 'rivalry']",유토브,['candy_50'],['0521'],[],[],5,0.6,0.38,0.5,0.45,0.5,"['move_defog', 'move_fly']","['land','water']",rare,normal,flying,15.0,medium_slow,125
521,"['big-pecks', 'super-luck', 'rivalry']",켄호로우,[],[],[],[],5,1.2,0.14,0.5,0.6,0.5,"['move_defog', 'move_fly']","['land','water']",epic,normal,flying,29.0,medium_slow,220
522,"['lightning-rod', 'motor-drive', 'sap-sipper']",줄뮤마,['candy_40'],['0523'],[],[],5,0.8,0.6,0.5,0.35,0.5,['move_flash'],['land'],common,electric,,29.8,medium_fast,59
523,"['lightning-rod', 'motor-drive', 'sap-sipper']",제브라이카,[],[],[],[],5,1.6,0.23,0.5,0.45,0.5,"['move_flash', 'move_rock-smash']",['land'],rare,electric,,79.5,medium_fast,174
524,"['sturdy', 'weak-armor', 'sand-force']",단굴,['candy_50'],['0525'],[],[],5,0.4,0.8,0.5,0.35,0.5,"['move_rock-smash', 'move_strength']",['land'],common,rock,,18.0,medium_slow,56
525,"['sturdy', 'weak-armor', 'sand-force']",암트르,['trade'],['0526'],[],[],5,0.9,0.38,0.5,0.45,0.5,"['move_rock-smash', 'move_strength']",['land'],rare,rock,,102.0,medium_slow,137
526,"['sturdy', 'sand-stream', 'sand-force']",기가이어스,[],[],[],[],5,1.7,0.14,0.5,0.6,0.5,"['move_rock-smash', 'move_strength']",['land'],epic,rock,,260.0,medium_slow,232
527,"['unaware', 'klutz', 'simple']",또르박쥐,['friendship_220'],['0528'],[],[],5,0.4,0.6,0.5,0.35,0.5,"['move_flash', 'move_defog', 'move_fly']","['land','water']",common,psychic,flying,2.1,medium_fast,65
528,"['unaware', 'klutz', 'simple']",맘박쥐,[],[],[],[],5,0.9,0.14,0.5,0.45,0.5,"['move_flash', 'move_defog', 'move_fly']","['land','water']",rare,psychic,flying,10.5,medium_fast,149
529,"['sand-rush', 'sand-force', 'mold-breaker']",두더류,['candy_60'],['0530'],[],[],5,0.3,0.38,0.5,0.45,0.5,"['move_cut', 'move_rock-smash', 'move_strength']",['land'],rare,ground,,8.5,medium_fast,66
530,"['sand-rush', 'sand-force', 'mold-breaker']",몰드류,[],[],[],[],5,0.7,0.19,0.5,0.6,0.5,"['move_cut', 'move_rock-smash', 'move_strength']",['land'],epic,ground,steel,40.4,medium_fast,178
0530-mega,[],몰드류,[],[],[],[],5,0.9,0.19,0.5,0.6,0.5,[],['land'],epic,ground,steel,60.0,medium_fast,178
531,"['healer', 'regenerator', 'klutz']",다부니,[],[],[],[],5,1.1,0.55,0.5,0.45,0.5,"['move_surf', 'move_flash']",['land'],rare,normal,,31.0,fast,390
0531-mega,['healer'],다부니,[],[],[],[],5,1.5,0.55,0.5,0.45,0.5,"['move_surf', 'move_flash']",['land'],rare,normal,fairy,32.0,fast,390
532,"['guts', 'sheer-force', 'iron-fist']",으랏차,['candy_50'],['0533'],[],[],5,0.6,0.57,0.25,0.35,0.75,"['move_defog', 'move_rock-smash', 'move_strength']",['land'],common,fighting,,12.5,medium_slow,61
533,"['guts', 'sheer-force', 'iron-fist']",토쇠골,['trade'],['0534'],[],[],5,1.2,0.28,0.25,0.45,0.75,"['move_defog', 'move_rock-smash', 'move_strength']",['land'],rare,fighting,,40.0,medium_slow,142
534,"['guts', 'sheer-force', 'iron-fist']",노보청,[],[],[],[],5,1.4,0.14,0.25,0.6,0.75,"['move_defog', 'move_rock-smash', 'move_strength']",['land'],epic,fighting,,87.0,medium_slow,227
535,"['swift-swim', 'hydration', 'water-absorb']",동챙이,['candy_35'],['0536'],[],[],5,0.5,0.8,0.5,0.35,0.5,['move_surf'],['water'],common,water,,4.5,medium_slow,59
536,"['swift-swim', 'hydration', 'water-absorb']",두까비,['candy_70'],['0537'],[],[],5,0.8,0.38,0.5,0.45,0.5,"['move_surf', 'move_rock-smash']","['land','water']",rare,water,ground,17.0,medium_slow,134
537,"['swift-swim', 'poison-touch', 'water-absorb']",두빅굴,[],[],[],[],5,1.5,0.14,0.5,0.6,0.5,"['move_surf', 'move_rock-smash', 'move_strength', 'move_dive']","['land','water']",epic,water,ground,62.0,medium_slow,229
538,"['guts', 'inner-focus', 'mold-breaker']",던지미,[],[],[],[],5,1.3,0.14,0.0,0.45,1.0,"['move_rock-smash', 'move_strength']",['land'],rare,fighting,,55.5,medium_fast,163
539,"['sturdy', 'inner-focus', 'mold-breaker']",타격귀,[],[],[],[],5,1.4,0.14,0.0,0.45,1.0,"['move_rock-smash', 'move_strength']",['land'],rare,fighting,,51.0,medium_fast,163
540,"['swarm', 'chlorophyll', 'overcoat']",두르보,['candy_25'],['0541'],[],[],5,0.3,0.8,0.5,0.35,0.5,"['move_flash', 'move_cut']",['land'],common,bug,grass,2.5,medium_slow,62
541,"['leaf-guard', 'chlorophyll', 'overcoat']",두르쿤,['friendship_220'],['0542'],[],[],5,0.5,0.38,0.5,0.45,0.5,"['move_flash', 'move_cut']",['land'],rare,bug,grass,7.3,medium_slow,133
542,"['swarm', 'chlorophyll', 'overcoat']",모아머,[],[],[],[],5,1.2,0.14,0.5,0.6,0.5,"['move_flash', 'move_cut']",['land'],epic,bug,grass,20.5,medium_slow,225
543,"['poison-point', 'swarm', 'speed-boost']",마디네,['candy_30'],['0544'],[],[],5,0.4,0.8,0.5,0.35,0.5,['move_rock-smash'],['land'],common,bug,poison,5.3,medium_slow,52
544,"['poison-point', 'swarm', 'speed-boost']",휠구,['candy_50'],['0545'],[],[],5,1.2,0.38,0.5,0.45,0.5,['move_rock-smash'],['land'],rare,bug,poison,58.5,medium_slow,126
545,"['poison-point', 'swarm', 'speed-boost']",펜드라,[],[],[],[],5,2.5,0.14,0.5,0.6,0.5,"['move_cut', 'move_rock-smash', 'move_strength']",['land'],epic,bug,poison,200.5,medium_slow,218
0545-mega,[],펜드라,[],[],[],[],5,3.2,0.14,0.5,0.6,0.5,[],['land'],epic,bug,poison,230.5,medium_slow,218
546,"['ptierster', 'infiltrator', 'chlorophyll']",소미안,['sun-stone'],['0547'],[],[],5,0.3,0.6,0.5,0.35,0.5,"['move_flash', 'move_defog']",['land'],common,grass,fairy,0.6,medium_fast,56
547,"['ptierster', 'infiltrator', 'chlorophyll']",엘풍,[],[],[],[],5,0.7,0.23,0.5,0.45,0.5,"['move_flash', 'move_defog']",['land'],rare,grass,fairy,6.6,medium_fast,168
548,"['chlorophyll', 'own-tempo', 'leaf-guard']",치릴리,['sun-stone'],['0549'],[],[],5,0.5,0.6,1.0,0.35,0.0,"['move_flash', 'move_cut']",['land'],common,grass,,6.6,medium_fast,56
549,"['chlorophyll', 'own-tempo', 'leaf-guard']",드레디어,[],[],[],[],5,1.1,0.23,1.0,0.45,0.0,"['move_flash', 'move_cut']",['land'],rare,grass,,16.3,medium_fast,168
0549_hisui,"['chlorophyll', 'hustle', 'leaf-guard']",드레디어,[],[],[],[],5,1.2,0.23,1.0,0.45,0.0,"['move_defog', 'move_rock-smash']",['land'],rare,grass,fighting,19.2,medium_fast,168
550,"['reckless', 'adaptability', 'mold-breaker']",배쓰나이,[],[],[],[],5,,0.08,0.5,0.45,0.5,"['move_surf', 'move_cut', 'move_waterfall', 'move_dive']",['water'],rare,water,,,medium_fast,161
0550-blue-striped,"['rock-head', 'adaptability', 'mold-breaker']",배쓰나이,[],[],[],[],5,1.0,0.08,0.5,0.45,0.5,"['move_surf', 'move_cut', 'move_waterfall', 'move_dive']",['water'],rare,water,,18.0,medium_fast,161
0550-white-striped,"['rattled', 'adaptability', 'mold-breaker']",배쓰나이,['move_double-edge'],['0902'],[],[],5,1.0,0.08,0.5,0.45,0.5,"['move_surf', 'move_waterfall']",['water'],rare,water,,18.0,medium_fast,161
551,"['intimidate', 'moxie', 'anger-point']",깜눈크,['candy_50'],['0552'],[],[],5,0.7,0.57,0.5,0.35,0.5,"['move_mean-look', 'move_cut']",['land'],common,ground,dark,15.2,medium_slow,58
552,"['intimidate', 'moxie', 'anger-point']",악비르,['candy_80'],['0553'],[],[],5,1.0,0.28,0.5,0.45,0.5,"['move_cut', 'move_rock-smash', 'move_strength']",['land'],rare,ground,dark,33.4,medium_slow,123
553,"['intimidate', 'moxie', 'anger-point']",악비아르,[],[],[],[],5,1.5,0.14,0.5,0.6,0.5,"['move_cut', 'move_rock-smash', 'move_strength']",['land'],epic,ground,dark,96.3,medium_slow,234
554,"['hustle', 'inner-focus']",달막화,['candy_50'],['0555'],[],[],5,0.6,0.38,0.5,0.45,0.5,"['move_rock-smash', 'move_strength']",['land'],rare,fire,,37.5,medium_slow,63
0554_galar,"['hustle', 'inner-focus']",달막화,['candy_50'],['0555_galar'],[],[],5,0.7,0.38,0.5,0.45,0.5,[],['land'],rare,ice,,40.0,medium_slow,63
555,"['sheer-force', 'zen_mode']",불비달마,[],[],[],[],5,,0.19,0.5,0.6,0.5,"['move_rock-smash', 'move_strength']",['land'],epic,fire,,,medium_slow,168
0555-zen,"['sheer-force', 'zen_mode']",불비달마,[],[],[],[],5,1.3,0.19,0.5,0.6,0.5,"['move_rock-smash', 'move_strength']",['land'],epic,fire,psychic,92.9,medium_slow,168
0555_galar,"['gorilla-tactics', 'zen_mode']",불비달마,[],[],[],[],5,,0.19,0.5,0.6,0.5,[],['land'],epic,ice,,,medium_slow,168
0555_galar-zen,"['gorilla-tactics', 'zen_mode']",불비달마,[],[],[],[],5,1.7,0.19,0.5,0.6,0.5,[],['land'],epic,ice,fire,120.0,medium_slow,168
556,"['water-absorb', 'chlorophyll', 'storm-drain']",마라카치,[],[],[],[],5,1.0,0.8,0.5,0.35,0.5,[],['land'],common,grass,,28.0,medium_fast,161
557,"['sturdy', 'shell-armor', 'weak-armor']",돌살이,['candy_50'],['0558'],[],[],5,0.3,0.6,0.5,0.35,0.5,"['move_cut', 'move_rock-smash', 'move_strength']",['land'],common,bug,rock,14.5,medium_fast,65
558,"['sturdy', 'shell-armor', 'weak-armor']",암팰리스,[],[],[],[],5,1.4,0.23,0.5,0.45,0.5,"['move_cut', 'move_rock-smash', 'move_strength']",['land'],rare,bug,rock,200.0,medium_fast,170
559,"['shed-skin', 'moxie', 'intimidate']",곤율랭,['candy_50'],['0560'],[],[],5,0.6,0.57,0.5,0.35,0.5,"['move_rock-smash', 'move_strength']",['land'],common,dark,fighting,11.8,medium_fast,70
560,"['shed-skin', 'moxie', 'intimidate']",곤율거니,[],[],[],[],5,1.1,0.28,0.5,0.45,0.5,"['move_rock-smash', 'move_strength']",['land'],rare,dark,fighting,30.0,medium_fast,171
0560-mega,[],곤율거니,[],[],[],[],5,1.1,0.28,0.5,0.45,0.5,[],['land'],rare,dark,fighting,31.0,medium_fast,171
561,"['wonder-skin', 'magic-guard', 'tinted-lens']",심보러,[],[],[],[],5,1.4,0.14,0.5,0.45,0.5,"['move_flash', 'move_defog', 'move_fly']","['land','water']",rare,psychic,flying,14.0,medium_fast,172
562,['mummy'],데스마스,['candy_50'],['0563'],[],[],5,0.5,0.55,0.5,0.45,0.5,"['move_mean-look', 'move_flash']",['land'],rare,ghost,,1.5,medium_fast,61
0562_galar,['wandering-spirit'],데스마스,['candy_50'],['0867'],[],[],5,0.5,0.55,0.5,0.45,0.5,['move_mean-look'],['land'],rare,ground,ghost,1.5,medium_fast,61
563,['mummy'],데스니칸,[],[],[],[],5,1.7,0.2,0.5,0.6,0.5,"['move_mean-look', 'move_flash']",['land'],epic,ghost,,76.5,medium_fast,169
564,"['solid-rock', 'sturdy', 'swift-swim']",프로토가,['candy_40'],['0565'],[],[],5,0.7,0.14,0.12,0.35,0.88,"['move_surf', 'move_rock-smash', 'move_strength', 'move_waterfall', 'move_dive']","['land','water']",common,water,rock,16.5,medium_fast,71
565,"['solid-rock', 'sturdy', 'swift-swim']",늑골라,[],[],[],[],5,1.2,0.14,0.12,0.45,0.88,"['move_surf', 'move_rock-smash', 'move_strength', 'move_waterfall', 'move_dive']","['land','water']",rare,water,rock,81.0,medium_fast,173
566,['defeatist'],아켄,['candy_40'],['0567'],[],[],5,0.5,0.14,0.12,0.35,0.88,"['move_defog', 'move_cut', 'move_rock-smash']",['land'],common,rock,flying,9.5,medium_fast,71
567,['defeatist'],아케오스,[],[],[],[],5,1.4,0.14,0.12,0.45,0.88,"['move_defog', 'move_cut', 'move_rock-smash', 'move_fly']","['land','water']",rare,rock,flying,32.0,medium_fast,177
568,"['stench', 'sticky-hold', 'aftermath']",깨봉이,['candy_50'],['0569'],[],[],5,0.6,0.6,0.5,0.35,0.5,[],['land'],common,poison,,31.0,medium_fast,66
569,"['stench', 'weak-armor', 'aftermath']",더스트나,[],[],[],[],5,1.9,0.19,0.5,0.45,0.5,[],['land'],rare,poison,,107.3,medium_fast,166
0569-gmax,"['stench', 'weak-armor', 'aftermath']",더스트나,[],[],[],[],5,21.0,0.19,0.5,0.45,0.5,[],['land'],rare,poison,,1000.0,medium_fast,166
570,['illusion'],조로아,['candy_40'],['0571'],[],[],5,0.7,0.23,0.12,0.45,0.88,['move_cut'],['land'],rare,dark,,12.5,medium_slow,66
0570_hisui,['illusion'],조로아,['candy_40'],['0571_hisui'],[],[],5,0.7,0.23,0.12,0.45,0.88,[],['land'],rare,normal,ghost,12.5,medium_slow,66
571,['illusion'],조로아크,[],[],[],[],5,1.6,0.14,0.12,0.6,0.88,"['move_cut', 'move_rock-smash']",['land'],epic,dark,,81.1,medium_slow,179
0571_hisui,['illusion'],조로아크,[],[],[],[],5,1.6,0.14,0.12,0.6,0.88,['move_rock-smash'],['land'],epic,normal,ghost,73.0,medium_slow,179
572,"['cute-charm', 'technician', 'skill-link']",치라미,['shiny-stone'],['0573'],[],[],5,0.4,0.8,0.75,0.35,0.25,[],['land'],common,normal,,5.8,fast,60
573,"['cute-charm', 'technician', 'skill-link']",치라치노,[],[],[],[],5,0.5,0.19,0.75,0.45,0.25,[],['land'],rare,normal,,7.5,fast,165
574,"['frisk', 'competitive', 'shadow-tag']",고디탱,['candy_35'],['0575'],[],[],5,0.4,0.62,0.75,0.35,0.25,"['move_mean-look', 'move_flash']",['land'],common,psychic,,5.8,medium_slow,58
575,"['frisk', 'competitive', 'shadow-tag']",고디보미,['candy_70'],['0576'],[],[],5,0.7,0.31,0.75,0.45,0.25,['move_flash'],['land'],rare,psychic,,18.0,medium_slow,137
576,"['frisk', 'competitive', 'shadow-tag']",고디모아젤,[],[],[],[],5,1.5,0.16,0.75,0.6,0.25,['move_flash'],['land'],epic,psychic,,44.0,medium_slow,221
577,"['overcoat', 'magic-guard', 'regenerator']",유니란,['candy_35'],['0578'],[],[],5,0.3,0.62,0.5,0.35,0.5,['move_flash'],"['land','water']",common,psychic,,1.0,medium_slow,58
578,"['overcoat', 'magic-guard', 'regenerator']",듀란,['candy_70'],['0579'],[],[],5,0.6,0.31,0.5,0.45,0.5,['move_flash'],"['land','water']",rare,psychic,,8.0,medium_slow,130
579,"['overcoat', 'magic-guard', 'regenerator']",란쿨루스,[],[],[],[],5,1.0,0.16,0.5,0.6,0.5,"['move_flash', 'move_rock-smash', 'move_strength']","['land','water']",epic,psychic,,20.1,medium_slow,221
580,"['keen-eye', 'big-pecks', 'hydration']",꼬지보리,['candy_50'],['0581'],[],[],5,0.5,0.6,0.5,0.35,0.5,"['move_surf', 'move_defog', 'move_dive', 'move_fly']","['land','water']",common,water,flying,5.5,medium_fast,61
581,"['keen-eye', 'big-pecks', 'hydration']",스완나,[],[],[],[],5,1.3,0.14,0.5,0.45,0.5,"['move_surf', 'move_defog', 'move_dive', 'move_fly']","['land','water']",rare,water,flying,24.2,medium_fast,166
582,"['ice-body', 'snow-cloak', 'weak-armor']",바닐프티,['candy_50'],['0583'],[],[],5,0.4,0.8,0.5,0.35,0.5,[],"['land','water']",common,ice,,5.7,slow,61
583,"['ice-body', 'snow-cloak', 'weak-armor']",바닐리치,['candy_75'],['0584'],[],[],5,1.1,0.38,0.5,0.45,0.5,[],"['land','water']",rare,ice,,41.0,slow,138
584,"['ice-body', 'snow-warning', 'weak-armor']",배바닐라,[],[],[],[],5,1.3,0.14,0.5,0.6,0.5,[],"['land','water']",epic,ice,,57.5,slow,241
0585-spring,"['chlorophyll', 'sap-sipper', 'serene-grace']",사철록,['candy_50'],['0586'],[],[],5,,0.6,0.5,0.35,0.5,['move_flash'],['land'],common,normal,grass,,medium_fast,67
0585-summer,"['chlorophyll', 'sap-sipper', 'serene-grace']",사철록,['candy_50'],['0586'],[],[],5,,0.6,0.5,0.35,0.5,['move_flash'],['land'],common,normal,grass,,medium_fast,67
0585-autumn,"['chlorophyll', 'sap-sipper', 'serene-grace']",사철록,['candy_50'],['0586'],[],[],5,,0.6,0.5,0.35,0.5,['move_flash'],['land'],common,normal,grass,,medium_fast,67
0585-winter,"['chlorophyll', 'sap-sipper', 'serene-grace']",사철록,['candy_50'],['0586'],[],[],5,,0.6,0.5,0.35,0.5,['move_flash'],['land'],common,normal,grass,,medium_fast,67
0586-spring,"['chlorophyll', 'sap-sipper', 'serene-grace']",바라철록,[],[],[],[],5,,0.23,0.5,0.45,0.5,"['move_flash', 'move_cut', 'move_rock-smash']",['land'],rare,normal,grass,,medium_fast,166
0586-summer,"['chlorophyll', 'sap-sipper', 'serene-grace']",바라철록,[],[],[],[],5,,0.23,0.5,0.45,0.5,"['move_flash', 'move_cut', 'move_rock-smash']",['land'],rare,normal,grass,,medium_fast,166
0586-autumn,"['chlorophyll', 'sap-sipper', 'serene-grace']",바라철록,[],[],[],[],5,,0.23,0.5,0.45,0.5,"['move_flash', 'move_cut', 'move_rock-smash']",['land'],rare,normal,grass,,medium_fast,166
0586-winter,"['chlorophyll', 'sap-sipper', 'serene-grace']",바라철록,[],[],[],[],5,,0.23,0.5,0.45,0.5,"['move_flash', 'move_cut', 'move_rock-smash']",['land'],rare,normal,grass,,medium_fast,166
587,"['static', 'motor-drive']",에몽가,[],[],[],[],5,0.4,0.62,0.5,0.35,0.5,"['move_flash', 'move_defog', 'move_cut']","['land','water']",common,electric,flying,5.0,medium_fast,150
588,"['swarm', 'shed-skin', 'no-guard']",딱정곤,['trade'],['0589'],[],[],5,0.5,0.62,0.5,0.35,0.5,['move_cut'],['land'],common,bug,,5.9,medium_fast,63
589,"['swarm', 'shell-armor', 'overcoat']",슈바르고,[],[],[],[],5,1.0,0.23,0.5,0.45,0.5,"['move_cut', 'move_rock-smash']","['land','water']",rare,bug,steel,33.0,medium_fast,173
590,"['effect-spore', 'regenerator']",깜놀버슬,['candy_50'],['0591'],[],[],5,0.2,0.6,0.5,0.35,0.5,['move_flash'],['land'],common,grass,poison,1.0,medium_fast,59
591,"['effect-spore', 'regenerator']",뽀록나,[],[],[],[],5,0.6,0.23,0.5,0.45,0.5,['move_flash'],['land'],rare,grass,poison,10.5,medium_fast,162
592,"['water-absorb', 'cursed-body', 'damp']",탱그릴,['candy_50'],['0593'],[],[],5,1.2,0.6,0.5,0.35,0.5,"['move_surf', 'move_flash', 'move_waterfall', 'move_dive']",['water'],common,water,ghost,33.0,medium_fast,67
593,"['water-absorb', 'cursed-body', 'damp']",탱탱겔,[],[],[],[],5,2.2,0.19,0.5,0.45,0.5,"['move_surf', 'move_flash', 'move_waterfall', 'move_dive']",['water'],rare,water,ghost,135.0,medium_fast,168
594,"['healer', 'hydration', 'regenerator']",맘복치,[],[],[],[],5,1.2,0.23,0.5,0.35,0.5,"['move_surf', 'move_waterfall', 'move_dive']",['water'],common,water,,31.6,fast,165
595,"['compound-eyes', 'unnerve', 'swarm']",파쪼옥,['candy_48'],['0596'],[],[],5,0.1,0.6,0.5,0.35,0.5,"['move_flash', 'move_cut']",['land'],common,bug,electric,0.6,medium_fast,64
596,"['compound-eyes', 'unnerve', 'swarm']",전툴라,[],[],[],[],5,0.8,0.23,0.5,0.45,0.5,"['move_flash', 'move_cut']",['land'],rare,bug,electric,14.3,medium_fast,165
597,['iron-barbs'],철시드,['candy_50'],['0598'],[],[],5,0.6,0.8,0.5,0.35,0.5,"['move_flash', 'move_rock-smash']",['land'],common,grass,steel,18.8,medium_fast,61
598,"['iron-barbs', 'anticipation']",너트령,[],[],[],[],5,1.0,0.28,0.5,0.45,0.5,"['move_flash', 'move_cut', 'move_rock-smash', 'move_strength']",['land'],rare,grass,steel,110.0,medium_fast,171
599,"['plus', 'minus', 'clear-body']",기어르,['candy_38'],['0600'],[],[],5,0.3,0.41,0.0,0.35,0.0,['move_rock-smash'],['land'],common,steel,,21.0,medium_slow,60
600,"['plus', 'minus', 'clear-body']",기기어르,['candy_49'],['0601'],[],[],5,0.6,0.19,0.0,0.45,0.0,['move_rock-smash'],['land'],rare,steel,,51.0,medium_slow,154
601,"['plus', 'minus', 'clear-body']",기기기어르,[],[],[],[],5,0.6,0.1,0.0,0.6,0.0,['move_rock-smash'],['land'],epic,steel,,81.0,medium_slow,234
602,['levitate'],저리어,['candy_75'],['0603'],[],[],5,0.2,0.6,0.5,0.35,0.5,[],['water'],common,electric,,0.3,slow,55
603,['levitate'],저리릴,['thunder-stone'],['0604'],[],[],5,1.2,0.19,0.5,0.45,0.5,['move_flash'],['water'],rare,electric,,22.0,slow,142
604,['levitate'],저리더프,[],[],[],[],5,2.1,0.1,0.5,0.6,0.5,"['move_flash', 'move_cut', 'move_rock-smash', 'move_strength']","['land','water']",epic,electric,,80.5,slow,232
0604-mega,[],저리더프,[],[],[],[],5,3.0,0.1,0.5,0.6,0.5,[],"['land','water']",epic,electric,,180.0,slow,232
605,"['telepathy', 'synchronize', 'analytic']",리그레,['candy_42'],['0606'],[],[],5,0.5,0.8,0.5,0.35,0.5,['move_flash'],['land'],common,psychic,,9.0,medium_fast,67
606,"['telepathy', 'synchronize', 'analytic']",벰크,[],[],[],[],5,1.0,0.28,0.5,0.45,0.5,['move_flash'],['land'],rare,psychic,,34.5,medium_fast,170
607,"['flash-fire', 'flame-body', 'infiltrator']",불켜미,['candy_50'],['0608'],[],[],5,0.3,0.6,0.5,0.35,0.5,['move_flash'],['land'],common,ghost,fire,3.1,medium_slow,55
608,"['flash-fire', 'flame-body', 'infiltrator']",램프라,['dusk-stone'],['0609'],[],[],5,0.6,0.28,0.5,0.45,0.5,['move_flash'],"['land','water']",rare,ghost,fire,13.0,medium_slow,130
609,"['flash-fire', 'flame-body', 'infiltrator']",샹델라,[],[],[],[],5,1.0,0.14,0.5,0.6,0.5,['move_flash'],"['land','water']",epic,ghost,fire,34.3,medium_slow,234
0609-mega,[],샹델라,[],[],[],[],5,2.5,0.14,0.5,0.6,0.5,[],"['land','water']",epic,ghost,fire,69.6,medium_slow,234
610,"['rivalry', 'mold-breaker', 'unnerve']",터검니,['candy_38'],['0611'],[],[],5,0.6,0.23,0.5,0.45,0.5,"['move_surf', 'move_cut', 'move_rock-smash', 'move_strength']",['land'],rare,dragon,,18.0,slow,64
611,"['rivalry', 'mold-breaker', 'unnerve']",액슨도,['candy_80'],['0612'],[],[],5,1.0,0.19,0.5,0.45,0.5,"['move_surf', 'move_cut', 'move_rock-smash', 'move_strength']",['land'],rare,dragon,,36.0,slow,144
612,"['rivalry', 'mold-breaker', 'unnerve']",액스라이즈,[],[],[],[],5,1.8,0.14,0.5,0.6,0.5,"['move_surf', 'move_cut', 'move_rock-smash', 'move_strength']",['land'],epic,dragon,,105.5,slow,243
613,"['snow-cloak', 'slush-rush', 'rattled']",코고미,['candy_40'],['0614'],[],[],5,0.5,0.38,0.5,0.35,0.5,"['move_surf', 'move_cut', 'move_rock-smash', 'move_strength']",['land'],common,ice,,8.5,medium_fast,61
614,"['snow-cloak', 'slush-rush', 'swift-swim']",툰베어,[],[],[],[],5,2.6,0.19,0.5,0.45,0.5,"['move_surf', 'move_cut', 'move_rock-smash', 'move_strength', 'move_dive']",['land'],rare,ice,,260.0,medium_fast,177
615,['levitate'],프리지오,[],[],[],[],5,1.1,0.08,0.0,0.6,0.0,['move_defog'],"['land','water']",epic,ice,,148.0,medium_fast,180
616,"['hydration', 'shell-armor', 'overcoat']",쪼마리,['trade'],['0617'],[],[],5,0.4,0.62,0.5,0.35,0.5,[],['land'],common,bug,,7.7,medium_fast,61
617,"['hydration', 'sticky-hold', 'unburden']",어지리더,[],[],[],[],5,0.8,0.23,0.5,0.45,0.5,[],['land'],rare,bug,,25.3,medium_fast,173
618,"['static', 'limber', 'sand-veil']",메더,[],[],[],[],5,0.7,0.23,0.5,0.35,0.5,"['move_surf', 'move_flash']",['land'],common,ground,electric,11.0,medium_fast,165
0618_galar,['mimicry'],메더,[],[],[],[],5,0.7,0.23,0.5,0.35,0.5,['move_surf'],['land'],common,ground,steel,20.5,medium_fast,165
619,"['inner-focus', 'regenerator', 'reckless']",비조푸,['candy_50'],['0620'],[],[],5,0.9,0.57,0.5,0.35,0.5,"['move_rock-smash', 'move_strength']",['land'],common,fighting,,20.0,medium_slow,70
620,"['inner-focus', 'regenerator', 'reckless']",비조도,[],[],[],[],5,1.4,0.14,0.5,0.45,0.5,"['move_rock-smash', 'move_strength']",['land'],rare,fighting,,35.5,medium_slow,179
621,"['rough-skin', 'sheer-force', 'mold-breaker']",크리만,[],[],[],[],5,1.6,0.14,0.5,0.6,0.5,"['move_surf', 'move_cut', 'move_rock-smash', 'move_strength']",['land'],epic,dragon,,139.0,medium_fast,170
622,"['iron-fist', 'klutz', 'no-guard']",골비람,['candy_70'],['0623'],[],[],5,1.0,0.55,0.0,0.45,0.0,"['move_flash', 'move_rock-smash', 'move_strength']",['land'],rare,ground,ghost,92.0,medium_fast,61
623,"['iron-fist', 'klutz', 'no-guard']",골루그,[],[],[],[],5,2.8,0.2,0.0,0.6,0.0,"['move_flash', 'move_rock-smash', 'move_strength', 'move_fly']",['land'],epic,ground,ghost,330.0,medium_fast,169
0623-mega,[],골루그,[],[],[],[],5,4.0,0.2,0.0,0.6,0.0,[],['land'],epic,ground,ghost,330.0,medium_fast,169
624,"['defiant', 'inner-focus', 'pressure']",자망칼,['candy_70'],['0625'],[],[],5,0.5,0.38,0.5,0.45,0.5,"['move_mean-look', 'move_cut', 'move_rock-smash']",['land'],rare,dark,steel,10.2,medium_fast,68
625,"['defiant', 'inner-focus', 'pressure']",절각참,['leaders-crest'],['0983'],[],[],5,1.6,0.14,0.5,0.6,0.5,"['move_cut', 'move_rock-smash']",['land'],epic,dark,steel,70.0,medium_fast,172
626,"['reckless', 'sap-sipper', 'soundproof']",버프론,[],[],[],[],5,1.6,0.14,0.5,0.35,0.5,"['move_surf', 'move_cut', 'move_rock-smash', 'move_strength']",['land'],common,normal,,94.6,medium_fast,172
627,"['keen-eye', 'sheer-force', 'hustle']",수리둥보,"['candy_54', 'candy_54']","['0628', '0628_hisui']",[],[],5,0.5,0.55,0.0,0.45,1.0,"['move_defog', 'move_cut', 'move_rock-smash', 'move_strength', 'move_fly']",['land'],rare,normal,flying,10.5,slow,70
628,"['keen-eye', 'sheer-force', 'defiant']",워글,[],[],[],[],5,1.5,0.19,0.0,0.6,1.0,"['move_defog', 'move_cut', 'move_rock-smash', 'move_strength', 'move_fly']","['land','water']",epic,normal,flying,41.0,slow,179
0628_hisui,"['keen-eye', 'sheer-force', 'tinted-lens']",워글,[],[],[],[],5,1.7,0.19,0.0,0.6,1.0,"['move_defog', 'move_rock-smash', 'move_fly']","['land','water']",epic,psychic,flying,43.4,slow,179
629,"['big-pecks', 'overcoat', 'weak-armor']",벌차이,['candy_54'],['0630'],[],[],5,0.5,0.55,1.0,0.45,0.0,"['move_mean-look', 'move_defog', 'move_cut', 'move_rock-smash', 'move_fly']",['land'],rare,dark,flying,9.0,slow,74
630,"['big-pecks', 'overcoat', 'weak-armor']",버랜지나,[],[],[],[],5,1.2,0.19,1.0,0.6,0.0,"['move_mean-look', 'move_defog', 'move_cut', 'move_rock-smash', 'move_fly']","['land','water']",epic,dark,flying,39.5,slow,179
631,"['gluttony', 'flash-fire', 'white-smoke']",앤티골,[],[],[],[],5,1.4,0.28,0.5,0.45,0.5,"['move_cut', 'move_rock-smash']",['land'],rare,fire,,58.0,medium_fast,169
632,"['swarm', 'hustle', 'truant']",아이앤트,[],[],[],[],5,0.3,0.28,0.5,0.45,0.5,"['move_cut', 'move_rock-smash', 'move_strength']",['land'],rare,bug,steel,33.0,medium_fast,169
633,['hustle'],모노두,['candy_50'],['0634'],[],[],5,0.8,0.14,0.5,0.45,0.5,"['move_rock-smash', 'move_strength']",['land'],rare,dark,dragon,17.3,slow,60
634,['hustle'],디헤드,['candy_80'],['0635'],[],[],5,1.4,0.14,0.5,0.45,0.5,"['move_rock-smash', 'move_strength']",['land'],rare,dark,dragon,50.0,slow,147
635,['levitate'],삼삼드래,[],[],[],[],5,1.8,0.14,0.5,0.6,0.5,"['move_surf', 'move_defog', 'move_rock-smash', 'move_strength', 'move_fly']","['land','water']",epic,dark,dragon,160.0,slow,270
636,"['flame-body', 'swarm']",활화르바,['candy_59'],['0637'],[],[],5,1.1,0.14,0.5,0.6,0.5,[],['land'],epic,bug,fire,28.8,slow,72
637,"['flame-body', 'swarm']",불카모스,[],[],[],[],5,1.6,0.05,0.5,0.6,0.5,"['move_defog', 'move_fly']","['land','water']",epic,bug,fire,46.0,slow,248
638,['justified'],코바르온,[],[],[],[],5,2.1,0.01,0.0,0.75,0.0,"['move_cut', 'move_rock-smash', 'move_strength']",['land'],legendary,steel,fighting,250.0,slow,261
639,['justified'],테라키온,[],[],[],[],5,1.9,0.01,0.0,0.75,0.0,"['move_cut', 'move_rock-smash', 'move_strength']",['land'],legendary,rock,fighting,260.0,slow,261
640,['justified'],비리디온,[],[],[],[],5,2.0,0.01,0.0,0.75,0.0,"['move_flash', 'move_cut', 'move_rock-smash', 'move_strength']",['land'],legendary,grass,fighting,200.0,slow,261
641,"['ptierster', 'defiant']",토네로스,[],[],[],[],5,,0.01,0.0,0.75,1.0,"['move_defog', 'move_rock-smash', 'move_strength', 'move_fly']","['land','water']",legendary,flying,,,slow,261
0641-therian,['regenerator'],토네로스,[],[],[],[],5,1.4,0.01,0.0,0.75,1.0,"['move_defog', 'move_rock-smash', 'move_strength', 'move_fly']","['land','water']",legendary,flying,,63.0,slow,261
642,"['ptierster', 'defiant']",볼트로스,[],[],[],[],5,,0.01,0.0,0.75,1.0,"['move_defog', 'move_rock-smash', 'move_strength', 'move_fly']","['land','water']",legendary,electric,flying,,slow,261
0642-therian,['volt-absorb'],볼트로스,[],[],[],[],5,3.0,0.01,0.0,0.75,1.0,"['move_defog', 'move_rock-smash', 'move_strength', 'move_fly']","['land','water']",legendary,electric,flying,61.0,slow,261
643,['turboblaze'],레시라무,[],[],[],[],5,3.2,0.01,0.0,0.75,0.0,"['move_defog', 'move_cut', 'move_rock-smash', 'move_strength', 'move_fly']","['land','water']",legendary,dragon,fire,330.0,slow,306
644,['teravolt'],제크로무,[],[],[],[],5,2.9,0.01,0.0,0.75,0.0,"['move_flash', 'move_defog', 'move_cut', 'move_rock-smash', 'move_strength', 'move_fly']","['land','water']",legendary,dragon,electric,345.0,slow,306
645,"['sand-force', 'sheer-force']",랜드로스,[],[],[],[],5,,0.01,0.0,0.75,1.0,"['move_defog', 'move_rock-smash', 'move_strength', 'move_fly']","['land','water']",legendary,ground,flying,,slow,270
0645-therian,['intimidate'],랜드로스,[],[],[],[],5,1.3,0.01,0.0,0.75,1.0,"['move_defog', 'move_rock-smash', 'move_strength', 'move_fly']","['land','water']",legendary,ground,flying,68.0,slow,270
646,['pressure'],큐레무,[],[],[],[],5,3.0,0.01,0.0,0.75,0.0,"['move_cut', 'move_rock-smash', 'move_strength', 'move_fly']",['land'],legendary,dragon,ice,325.0,slow,297
0646-white,['teravolt'],큐레무,[],[],[],[],5,3.6,0.01,0.0,0.75,0.0,"['move_cut', 'move_rock-smash', 'move_strength', 'move_fly']",['land'],legendary,dragon,ice,325.0,slow,297
0646-black,['turboblaze'],큐레무,[],[],[],[],5,3.3,0.01,0.0,0.75,0.0,"['move_cut', 'move_rock-smash', 'move_strength', 'move_fly']",['land'],legendary,dragon,ice,325.0,slow,297
647,['justified'],케르디오,[],[],[],[],5,,0.01,0.0,0.75,0.0,"['move_surf', 'move_cut', 'move_rock-smash', 'move_strength']",['water'],legendary,water,fighting,,slow,261
0647-resolute,['justified'],케르디오,[],[],[],[],5,1.4,0.01,0.0,0.75,0.0,"['move_surf', 'move_cut', 'move_rock-smash', 'move_strength']",['water'],legendary,water,fighting,48.5,slow,261
648,['serene-grace'],메로엣타,[],[],[],[],5,,0.01,0.0,0.75,0.0,"['move_flash', 'move_rock-smash', 'move_strength']","['land','water']",legendary,normal,psychic,,slow,270
0648-pirouette,['serene-grace'],메로엣타,[],[],[],[],5,0.6,0.01,0.0,0.75,0.0,"['move_flash', 'move_rock-smash', 'move_strength']","['land','water']",legendary,normal,fighting,6.5,slow,270
649,['download'],게노세크트,[],[],[],[],5,1.5,0.01,0.0,0.75,0.0,"['move_flash', 'move_fly']",['land'],legendary,bug,steel,82.5,slow,270
650,"['overgrow', 'bulletproof']",도치마론,['candy_50'],['0651'],[],[],6,0.4,0.14,0.12,0.6,0.88,"['move_flash', 'move_cut', 'move_rock-smash', 'move_strength']",['land'],epic,grass,,9.0,medium_slow,63
651,"['overgrow', 'bulletproof']",도치보구,['candy_100'],['0652'],[],[],6,0.7,0.14,0.12,0.6,0.88,"['move_flash', 'move_cut', 'move_rock-smash', 'move_strength']",['land'],epic,grass,,29.0,medium_slow,142
652,"['overgrow', 'bulletproof']",브리가론,[],[],[],[],6,1.6,0.14,0.12,0.6,0.88,"['move_flash', 'move_cut', 'move_rock-smash', 'move_strength']",['land'],epic,grass,fighting,90.0,medium_slow,239
0652-mega,[],브리가론,[],[],[],[],6,1.6,0.14,0.12,0.6,0.88,[],['land'],epic,grass,fighting,90.0,medium_slow,239
653,"['blaze', 'magician']",푸호꼬,['candy_50'],['0654'],[],[],6,0.4,0.14,0.12,0.6,0.88,['move_cut'],['land'],epic,fire,,9.4,medium_slow,61
654,"['blaze', 'magician']",테르나,['candy_100'],['0655'],[],[],6,1.0,0.14,0.12,0.6,0.88,['move_cut'],['land'],epic,fire,,14.5,medium_slow,143
655,"['blaze', 'magician']",마폭시,[],[],[],[],6,1.5,0.14,0.12,0.6,0.88,['move_cut'],['land'],epic,fire,psychic,39.0,medium_slow,240
0655-mega,[],마폭시,[],[],[],[],6,1.5,0.14,0.12,0.6,0.88,[],['land'],epic,fire,psychic,39.0,medium_slow,240
656,"['torrent', 'protean']",개구마르,['candy_50'],['0657'],[],[],6,0.3,0.14,0.12,0.6,0.88,"['move_surf', 'move_cut', 'move_rock-smash', 'move_strength', 'move_waterfall', 'move_dive']","['land','water']",epic,water,,7.0,medium_slow,63
657,"['torrent', 'protean']",개굴반장,['candy_100'],['0658'],[],[],6,0.6,0.14,0.12,0.6,0.88,"['move_surf', 'move_cut', 'move_rock-smash', 'move_strength', 'move_waterfall', 'move_dive']","['land','water']",epic,water,,10.9,medium_slow,142
658,"['torrent', 'protean']",개굴닌자,[],[],[],[],6,1.5,0.14,0.12,0.6,0.88,"['move_surf', 'move_cut', 'move_rock-smash', 'move_strength', 'move_waterfall', 'move_dive']","['land','water']",epic,water,dark,40.0,medium_slow,239
0658-battle-bond,['battle-bond'],개굴닌자,[],[],[],[],6,1.5,0.14,0.12,0.6,0.88,"['move_surf', 'move_waterfall']","['land','water']",epic,water,dark,40.0,medium_slow,239
0658-ash,['battle-bond'],개굴닌자,[],[],[],[],6,1.5,0.14,0.12,0.6,0.88,"['move_surf', 'move_waterfall']","['land','water']",epic,water,dark,40.0,medium_slow,239
0658-mega,[],개굴닌자,[],[],[],[],6,1.5,0.14,0.12,0.6,0.88,[],"['land','water']",epic,water,dark,40.0,medium_slow,239
659,"['pickup', 'cheek-pouch', 'huge-power']",파르빗,['candy_40'],['0660'],[],[],6,0.4,0.8,0.5,0.35,0.5,"['move_surf', 'move_cut', 'move_rock-smash', 'move_strength']",['land'],common,normal,,5.0,medium_fast,47
660,"['pickup', 'cheek-pouch', 'huge-power']",파르토,[],[],[],[],6,1.0,0.4,0.5,0.45,0.5,"['move_surf', 'move_cut', 'move_rock-smash', 'move_strength']",['land'],rare,normal,ground,42.4,medium_fast,148
661,"['big-pecks', 'gale-wings']",화살꼬빈,['candy_30'],['0662'],[],[],6,0.3,0.8,0.5,0.35,0.5,"['move_defog', 'move_fly']",['land'],common,normal,flying,1.7,medium_slow,56
662,"['flame-body', 'gale-wings']",불화살빈,['candy_60'],['0663'],[],[],6,0.7,0.38,0.5,0.45,0.5,"['move_defog', 'move_fly']","['land','water']",rare,fire,flying,16.0,medium_slow,134
663,"['flame-body', 'gale-wings']",파이어로,[],[],[],[],6,1.2,0.14,0.5,0.6,0.5,"['move_defog', 'move_fly']","['land','water']",epic,fire,flying,24.5,medium_slow,175
664,"['shield-dust', 'compound-eyes', 'friend-guard']",분이벌레,['candy_25'],['0665'],[],[],6,0.3,0.8,0.5,0.35,0.5,[],['land'],common,bug,,2.5,medium_fast,40
665,"['shed-skin', 'friend-guard']",분떠도리,['candy_50'],['0666'],[],[],6,0.3,0.38,0.5,0.45,0.5,[],['land'],rare,bug,,8.4,medium_fast,75
666,"['shield-dust', 'compound-eyes', 'friend-guard']",비비용,[],[],[],[],6,1.2,0.14,0.5,0.6,0.5,"['move_flash', 'move_defog']","['land','water']",epic,bug,flying,17.0,medium_fast,185
667,"['rivalry', 'unnerve', 'moxie']",레오꼬,['candy_40'],['0668'],[],[],6,0.6,0.69,0.88,0.35,0.12,"['move_rock-smash', 'move_strength']",['land'],common,fire,normal,13.5,medium_slow,74
668,"['rivalry', 'unnerve', 'moxie']",화염레오,[],[],[],[],6,1.5,0.2,0.88,0.45,0.12,"['move_rock-smash', 'move_strength']",['land'],rare,fire,normal,81.5,medium_slow,177
0668-mega,[],화염레오,[],[],[],[],6,1.5,0.2,0.88,0.45,0.12,[],['land'],rare,fire,normal,93.3,medium_slow,177
0669-red,"['flower-veil', 'symbiosis']",플라베베,['candy_38'],['0670'],[],[],6,,0.7,1.0,0.35,0.0,['move_flash'],"['land','water']",common,fairy,,,medium_fast,61
0669-yellow,"['flower-veil', 'symbiosis']",플라베베,['candy_38'],['0670'],[],[],6,,0.7,1.0,0.35,0.0,['move_flash'],"['land','water']",common,fairy,,,medium_fast,61
0669-orange,"['flower-veil', 'symbiosis']",플라베베,['candy_38'],['0670'],[],[],6,,0.7,1.0,0.35,0.0,['move_flash'],"['land','water']",common,fairy,,,medium_fast,61
0669-blue,"['flower-veil', 'symbiosis']",플라베베,['candy_38'],['0670'],[],[],6,,0.7,1.0,0.35,0.0,['move_flash'],"['land','water']",common,fairy,,,medium_fast,61
0669-white,"['flower-veil', 'symbiosis']",플라베베,['candy_38'],['0670'],[],[],6,,0.7,1.0,0.35,0.0,['move_flash'],"['land','water']",common,fairy,,,medium_fast,61
0670-red,"['flower-veil', 'symbiosis']",플라엣테,['shiny-stone'],['0671'],[],[],6,,0.38,1.0,0.45,0.0,['move_flash'],"['land','water']",rare,fairy,,,medium_fast,130
0670-yellow,"['flower-veil', 'symbiosis']",플라엣테,['shiny-stone'],['0671'],[],[],6,,0.38,1.0,0.45,0.0,['move_flash'],"['land','water']",rare,fairy,,,medium_fast,130
0670-orange,"['flower-veil', 'symbiosis']",플라엣테,['shiny-stone'],['0671'],[],[],6,,0.38,1.0,0.45,0.0,['move_flash'],"['land','water']",rare,fairy,,,medium_fast,130
0670-blue,"['flower-veil', 'symbiosis']",플라엣테,['shiny-stone'],['0671'],[],[],6,,0.38,1.0,0.45,0.0,['move_flash'],"['land','water']",rare,fairy,,,medium_fast,130
0670-white,"['flower-veil', 'symbiosis']",플라엣테,['shiny-stone'],['0671'],[],[],6,,0.38,1.0,0.45,0.0,['move_flash'],"['land','water']",rare,fairy,,,medium_fast,130
0670-eternal,"['flower-veil', 'symbiosis']",플라엣테,['shiny-stone'],['0671'],[],[],6,0.2,0.38,1.0,0.45,0.0,['move_flash'],"['land','water']",rare,fairy,,0.9,medium_fast,130
0670-mega,[],플라엣테,['shiny-stone'],['0671'],[],[],6,0.2,0.38,1.0,0.45,0.0,[],"['land','water']",rare,fairy,,100.8,medium_fast,130
0671-red,"['flower-veil', 'symbiosis']",플라제스,[],[],[],[],6,,0.14,1.0,0.6,0.0,"['move_flash', 'move_defog']","['land','water']",epic,fairy,,,medium_fast,248
0671-yellow,"['flower-veil', 'symbiosis']",플라제스,[],[],[],[],6,,0.14,1.0,0.6,0.0,"['move_flash', 'move_defog']","['land','water']",epic,fairy,,,medium_fast,248
0671-orange,"['flower-veil', 'symbiosis']",플라제스,[],[],[],[],6,,0.14,1.0,0.6,0.0,"['move_flash', 'move_defog']","['land','water']",epic,fairy,,,medium_fast,248
0671-blue,"['flower-veil', 'symbiosis']",플라제스,[],[],[],[],6,,0.14,1.0,0.6,0.0,"['move_flash', 'move_defog']","['land','water']",epic,fairy,,,medium_fast,248
0671-white,"['flower-veil', 'symbiosis']",플라제스,[],[],[],[],6,,0.14,1.0,0.6,0.0,"['move_flash', 'move_defog']","['land','water']",epic,fairy,,,medium_fast,248
672,"['sap-sipper', 'grass-pelt']",메이클,['candy_40'],['0673'],[],[],6,0.9,0.62,0.5,0.35,0.5,"['move_surf', 'move_rock-smash', 'move_strength']",['land'],common,grass,,31.0,medium_fast,70
673,"['sap-sipper', 'grass-pelt']",고고트,[],[],[],[],6,1.7,0.14,0.5,0.45,0.5,"['move_surf', 'move_rock-smash', 'move_strength']",['land'],rare,grass,,91.0,medium_fast,186
674,"['iron-fist', 'mold-breaker', 'scrappy']",판짱,['candy_36'],['0675'],[],[],6,0.6,0.69,0.5,0.35,0.5,"['move_surf', 'move_cut', 'move_rock-smash', 'move_strength']",['land'],common,fighting,,8.0,medium_fast,70
675,"['iron-fist', 'mold-breaker', 'scrappy']",부란다,[],[],[],[],6,2.1,0.2,0.5,0.45,0.5,"['move_surf', 'move_cut', 'move_rock-smash', 'move_strength']",['land'],rare,fighting,dark,136.0,medium_fast,173
676,['fur-coat'],트리미앙,[],[],[],[],6,1.2,0.5,0.5,0.35,0.5,"['move_surf', 'move_flash', 'move_rock-smash']",['land'],common,normal,,28.0,medium_fast,165
0676-heart,['fur-coat'],트리미앙,[],[],[],[],6,,0.5,0.5,0.35,0.5,"['move_surf', 'move_flash', 'move_rock-smash']",['land'],common,normal,,,medium_fast,165
0676-star,['fur-coat'],트리미앙,[],[],[],[],6,,0.5,0.5,0.35,0.5,"['move_surf', 'move_flash', 'move_rock-smash']",['land'],common,normal,,,medium_fast,165
0676-diamond,['fur-coat'],트리미앙,[],[],[],[],6,,0.5,0.5,0.35,0.5,"['move_surf', 'move_flash', 'move_rock-smash']",['land'],common,normal,,,medium_fast,165
0676-debutante,['fur-coat'],트리미앙,[],[],[],[],6,,0.5,0.5,0.35,0.5,"['move_surf', 'move_flash', 'move_rock-smash']",['land'],common,normal,,,medium_fast,165
0676-matron,['fur-coat'],트리미앙,[],[],[],[],6,,0.5,0.5,0.35,0.5,"['move_surf', 'move_flash', 'move_rock-smash']",['land'],common,normal,,,medium_fast,165
0676-dandy,['fur-coat'],트리미앙,[],[],[],[],6,,0.5,0.5,0.35,0.5,"['move_surf', 'move_flash', 'move_rock-smash']",['land'],common,normal,,,medium_fast,165
0676-la-reine,['fur-coat'],트리미앙,[],[],[],[],6,,0.5,0.5,0.35,0.5,"['move_surf', 'move_flash', 'move_rock-smash']",['land'],common,normal,,,medium_fast,165
0676-kabuki,['fur-coat'],트리미앙,[],[],[],[],6,,0.5,0.5,0.35,0.5,"['move_surf', 'move_flash', 'move_rock-smash']",['land'],common,normal,,,medium_fast,165
0676-pharaoh,['fur-coat'],트리미앙,[],[],[],[],6,,0.5,0.5,0.35,0.5,"['move_surf', 'move_flash', 'move_rock-smash']",['land'],common,normal,,,medium_fast,165
677,"['keen-eye', 'infiltrator', 'own-tempo']",냐스퍼,['candy_38'],['0678'],[],[],6,0.3,0.6,0.5,0.35,0.5,"['move_flash', 'move_cut']",['land'],common,psychic,,3.5,medium_fast,71
678,"['keen-eye', 'infiltrator', 'ptierster']",냐오닉스,[],[],[],[],6,,0.23,0.5,0.45,0.5,"['move_mean-look', 'move_flash', 'move_cut']",['land'],rare,psychic,,,medium_fast,163
0678-mega,[],냐오닉스,[],[],[],[],6,0.8,0.23,0.5,0.45,0.5,[],['land'],rare,psychic,,10.1,medium_fast,163
679,['no-guard'],단칼빙,['candy_50'],['0680'],[],[],6,0.8,0.57,0.5,0.35,0.5,"['move_cut', 'move_rock-smash']",['land'],common,steel,ghost,2.0,medium_fast,65
680,['no-guard'],쌍검킬,['dusk-stone'],['0681'],[],[],6,0.8,0.28,0.5,0.45,0.5,"['move_cut', 'move_rock-smash']",['land'],rare,steel,ghost,4.5,medium_fast,157
681,['stance-change'],킬가르도,[],[],[],[],6,,0.14,0.5,0.6,0.5,"['move_cut', 'move_rock-smash']",['land'],epic,steel,ghost,,medium_fast,234
0681-blade,['stance-change'],킬가르도,[],[],[],[],6,,0.14,0.5,0.6,0.5,"['move_cut', 'move_rock-smash']",['land'],epic,steel,ghost,,medium_fast,234
682,"['healer', 'aroma-veil']",슈쁘,['sachet'],['0683'],[],[],6,0.2,0.62,0.5,0.35,0.5,['move_flash'],['land'],common,fairy,,0.5,medium_fast,68
683,"['healer', 'aroma-veil']",프레프티르,[],[],[],[],6,0.8,0.44,0.5,0.45,0.5,['move_flash'],['land'],rare,fairy,,15.5,medium_fast,162
684,"['sweet-veil', 'unburden']",나룸퍼프,['whipped-dream'],['0685'],[],[],6,0.4,0.62,0.5,0.35,0.5,"['move_surf', 'move_flash']",['land'],common,fairy,,3.5,medium_fast,68
685,"['sweet-veil', 'unburden']",나루림,[],[],[],[],6,0.8,0.44,0.5,0.45,0.5,"['move_surf', 'move_flash']",['land'],rare,fairy,,5.0,medium_fast,168
686,"['contrary', 'suction-cups', 'infiltrator']",오케이징,['candy_50'],['0687'],[],[],6,0.4,0.6,0.5,0.35,0.5,"['move_flash', 'move_cut']","['land','water']",common,dark,psychic,3.5,medium_fast,58
687,"['contrary', 'suction-cups', 'infiltrator']",칼라마네로,[],[],[],[],6,1.5,0.25,0.5,0.45,0.5,"['move_flash', 'move_cut']","['land','water']",rare,dark,psychic,47.0,medium_fast,169
0687-mega,[],칼라마네로,[],[],[],[],6,2.9,0.25,0.5,0.45,0.5,[],"['land','water']",rare,dark,psychic,69.8,medium_fast,169
688,"['tough-claws', 'sniper', 'pickpocket']",거북손손,['candy_39'],['0689'],[],[],6,0.5,0.38,0.5,0.35,0.5,"['move_surf', 'move_cut', 'move_rock-smash', 'move_strength']",['land'],common,rock,water,31.0,medium_fast,61
689,"['tough-claws', 'sniper', 'pickpocket']",거북손데스,[],[],[],[],6,1.3,0.14,0.5,0.45,0.5,"['move_surf', 'move_cut', 'move_rock-smash', 'move_strength', 'move_dive']",['land'],rare,rock,water,96.0,medium_fast,175
0689-mega,[],거북손데스,[],[],[],[],6,2.2,0.14,0.5,0.45,0.5,[],['land'],rare,rock,fighting,100.0,medium_fast,175
690,"['poison-point', 'poison-touch', 'adaptability']",수레기,['candy_48'],['0691'],[],[],6,0.5,0.7,0.5,0.35,0.5,"['move_surf', 'move_waterfall', 'move_dive']",['water'],common,poison,water,7.3,medium_fast,64
691,"['poison-point', 'poison-touch', 'adaptability']",드래캄,[],[],[],[],6,1.8,0.18,0.5,0.45,0.5,"['move_surf', 'move_waterfall', 'move_dive']",['water'],rare,poison,dragon,81.5,medium_fast,173
0691-mega,[],드래캄,[],[],[],[],6,2.1,0.18,0.5,0.45,0.5,[],['land'],rare,poison,dragon,100.3,medium_fast,173
692,['mega-launcher'],완철포,['candy_40'],['0693'],[],[],6,0.5,0.7,0.5,0.35,0.5,"['move_surf', 'move_cut', 'move_waterfall', 'move_dive']",['water'],common,water,,8.3,slow,66
693,['mega-launcher'],블로스터,[],[],[],[],6,1.3,0.18,0.5,0.45,0.5,"['move_surf', 'move_cut', 'move_waterfall', 'move_dive']",['water'],rare,water,,35.3,slow,100
694,"['dry-skin', 'sand-veil', 'solar-power']",목도리키텔,['sun-stone'],['0695'],[],[],6,0.5,0.6,0.5,0.35,0.5,"['move_surf', 'move_flash', 'move_cut']",['land'],common,electric,normal,6.0,medium_fast,58
695,"['dry-skin', 'sand-veil', 'solar-power']",일레도리자드,[],[],[],[],6,1.0,0.23,0.5,0.45,0.5,"['move_surf', 'move_flash', 'move_cut']",['land'],rare,electric,normal,21.0,medium_fast,168
696,"['strong-jaw', 'sturdy']",티고라스,['candy_40+time_day'],['0697'],[],[],6,0.8,0.14,0.12,0.35,0.88,"['move_rock-smash', 'move_strength']",['land'],common,rock,dragon,26.0,medium_fast,72
697,"['strong-jaw', 'rock-head']",견고라스,[],[],[],[],6,2.5,0.14,0.12,0.45,0.88,"['move_rock-smash', 'move_strength']",['land'],rare,rock,dragon,270.0,medium_fast,182
698,"['refrigerate', 'snow-warning']",아마루스,['candy_40+time_night'],['0699'],[],[],6,1.3,0.14,0.12,0.35,0.88,"['move_flash', 'move_rock-smash']",['land'],common,rock,ice,25.2,medium_fast,72
699,"['refrigerate', 'snow-warning']",아마루르가,[],[],[],[],6,2.7,0.14,0.12,0.45,0.88,"['move_flash', 'move_rock-smash']",['land'],rare,rock,ice,225.0,medium_fast,104
700,"['cute-charm', 'pixilate']",님피아,[],[],[],[],6,1.0,0.14,0.12,0.45,0.88,"['move_flash', 'move_cut']",['land'],rare,fairy,,23.5,medium_fast,184
701,"['limber', 'unburden', 'mold-breaker']",루차불,[],[],[],[],6,0.8,0.31,0.5,0.35,0.5,"['move_mean-look', 'move_defog', 'move_cut', 'move_rock-smash', 'move_strength', 'move_fly']",['land'],common,fighting,flying,21.5,medium_fast,175
0701-mega,[],루차불,[],[],[],[],6,1.0,0.31,0.5,0.35,0.5,[],['land'],common,fighting,flying,25.0,medium_fast,175
702,"['cheek-pouch', 'pickup', 'plus']",데덴네,[],[],[],[],6,0.2,0.57,0.5,0.35,0.5,"['move_flash', 'move_cut']",['land'],common,electric,fairy,2.2,medium_fast,151
703,"['clear-body', 'sturdy']",멜리시,[],[],[],[],6,0.3,0.19,0.0,0.35,0.0,['move_flash'],['land'],common,rock,fairy,5.7,slow,100
704,"['sap-sipper', 'hydration', 'gooey']",미끄메라,['candy_40'],['0705'],[],[],6,0.3,0.14,0.5,0.35,0.5,[],['land'],common,dragon,,2.8,slow,60
705,"['sap-sipper', 'hydration', 'gooey']",미끄네일,['candy_50'],['0706'],[],[],6,0.8,0.14,0.5,0.45,0.5,[],['land'],rare,dragon,,17.5,slow,158
0705_hisui,"['sap-sipper', 'shell-armor', 'gooey']",미끄네일,['candy_50'],['0706_hisui'],[],[],6,0.7,0.14,0.5,0.45,0.5,[],['land'],rare,steel,dragon,68.5,slow,158
706,"['sap-sipper', 'hydration', 'gooey']",미끄래곤,[],[],[],[],6,2.0,0.14,0.5,0.6,0.5,"['move_surf', 'move_rock-smash', 'move_strength']",['land'],epic,dragon,,150.5,slow,270
0706_hisui,"['sap-sipper', 'shell-armor', 'gooey']",미끄래곤,[],[],[],[],6,1.7,0.14,0.5,0.6,0.5,"['move_surf', 'move_rock-smash']",['land'],epic,steel,dragon,334.1,slow,270
707,"['ptierster', 'magician']",클레피,[],[],[],[],6,0.2,0.23,0.5,0.35,0.5,"['move_defog', 'move_cut']",['land'],common,steel,fairy,3.0,fast,165
708,"['natural-cure', 'frisk', 'harvest']",나목령,['trade'],['0709'],[],[],6,0.4,0.38,0.5,0.35,0.5,"['move_cut', 'move_rock-smash', 'move_strength']",['land'],common,ghost,grass,7.0,medium_fast,62
709,"['natural-cure', 'frisk', 'harvest']",대로트,[],[],[],[],6,1.5,0.19,0.5,0.45,0.5,"['move_cut', 'move_rock-smash', 'move_strength']",['land'],rare,ghost,grass,71.0,medium_fast,166
710,"['pickup', 'frisk', 'insomnia']",호바귀,['trade'],['0711'],[],[],6,,0.38,0.5,0.35,0.5,"['move_flash', 'move_rock-smash']",['land'],common,ghost,grass,,medium_fast,67
0710-small,"['pickup', 'frisk', 'insomnia']",호바귀,['trade'],['0711'],[],[],6,0.3,0.38,0.5,0.35,0.5,"['move_flash', 'move_rock-smash']",['land'],common,ghost,grass,3.5,medium_fast,67
0710-large,"['pickup', 'frisk', 'insomnia']",호바귀,['trade'],['0711'],[],[],6,0.5,0.38,0.5,0.35,0.5,"['move_flash', 'move_rock-smash']",['land'],common,ghost,grass,7.5,medium_fast,67
0710-super,"['pickup', 'frisk', 'insomnia']",호바귀,['trade'],['0711'],[],[],6,0.8,0.38,0.5,0.35,0.5,"['move_flash', 'move_rock-smash']",['land'],common,ghost,grass,15.0,medium_fast,67
711,"['pickup', 'frisk', 'insomnia']",펌킨인,[],[],[],[],6,,0.19,0.5,0.45,0.5,"['move_flash', 'move_rock-smash']",['land'],rare,ghost,grass,,medium_fast,173
0711-small,"['pickup', 'frisk', 'insomnia']",펌킨인,[],[],[],[],6,0.7,0.19,0.5,0.45,0.5,"['move_flash', 'move_rock-smash']",['land'],rare,ghost,grass,9.5,medium_fast,173
0711-large,"['pickup', 'frisk', 'insomnia']",펌킨인,[],[],[],[],6,1.1,0.19,0.5,0.45,0.5,"['move_flash', 'move_rock-smash']",['land'],rare,ghost,grass,14.0,medium_fast,173
0711-super,"['pickup', 'frisk', 'insomnia']",펌킨인,[],[],[],[],6,1.7,0.19,0.5,0.45,0.5,"['move_flash', 'move_rock-smash']",['land'],rare,ghost,grass,39.0,medium_fast,173
712,"['own-tempo', 'ice-body', 'sturdy']",꽁어름,"['candy_40', 'candy_40']","['0713', '0713_hisui']",[],[],6,1.0,0.55,0.5,0.45,0.5,"['move_surf', 'move_flash', 'move_rock-smash', 'move_strength']",['land'],rare,ice,,99.5,medium_fast,61
713,"['own-tempo', 'ice-body', 'sturdy']",크레베이스,[],[],[],[],6,2.0,0.18,0.5,0.6,0.5,"['move_surf', 'move_flash', 'move_rock-smash', 'move_strength']",['land'],epic,ice,,505.0,medium_fast,180
0713_hisui,"['strong-jaw', 'ice-body', 'sturdy']",크레베이스,[],[],[],[],6,1.4,0.18,0.5,0.6,0.5,['move_rock-smash'],['land'],epic,ice,rock,262.4,medium_fast,180
714,"['frisk', 'infiltrator', 'telepathy']",음뱃,['candy_48'],['0715'],[],[],6,0.5,0.2,0.5,0.6,0.5,"['move_defog', 'move_cut', 'move_fly']","['land','water']",epic,flying,dragon,8.0,medium_fast,49
715,"['frisk', 'infiltrator', 'telepathy']",음번,[],[],[],[],6,1.5,0.14,0.5,0.6,0.5,"['move_defog', 'move_cut', 'move_fly']","['land','water']",epic,flying,dragon,85.0,medium_fast,187
716,['fairy-aura'],제르네아스,[],[],[],[],6,3.0,0.03,0.0,0.75,0.0,"['move_flash', 'move_defog', 'move_cut']",['land'],legendary,fairy,,215.0,slow,306
0716-active,['fairy-aura'],제르네아스,[],[],[],[],6,,0.03,0.0,0.75,0.0,"['move_flash', 'move_defog', 'move_cut']",['land'],legendary,fairy,,,slow,306
717,['dark-aura'],이벨타르,[],[],[],[],6,5.8,0.03,0.0,0.75,0.0,"['move_defog', 'move_cut', 'move_fly']","['land','water']",legendary,dark,flying,203.0,slow,306
718,['aura-break'],지가르데,[],[],[],[],6,,0.01,0.0,0.75,0.0,"['move_rock-smash', 'move_strength']",['land'],legendary,dragon,ground,,slow,270
0718-10-power,['power-construct'],지가르데,[],[],[],[],6,,0.01,0.0,0.75,0.0,[],['land'],legendary,dragon,ground,,slow,270
0718-complete,['power-construct'],지가르데,[],[],[],[],6,4.5,0.01,0.0,0.75,0.0,[],['land'],legendary,dragon,ground,610.0,slow,270
0718-mega,[],지가르데,[],[],[],[],6,7.7,0.01,0.0,0.75,0.0,[],['land'],legendary,dragon,ground,610.0,slow,270
719,['clear-body'],디안시,[],[],[],[],6,0.7,0.01,0.0,0.75,0.0,['move_flash'],['land'],legendary,rock,fairy,8.8,slow,270
0719-mega,['magic-bounce'],디안시,[],[],[],[],6,1.1,0.01,0.0,0.75,0.0,['move_flash'],['land'],legendary,rock,fairy,27.8,slow,270
720,['magician'],후파,[],[],[],[],6,0.5,0.01,0.0,0.75,0.0,['move_flash'],"['land','water']",legendary,psychic,ghost,9.0,slow,270
0720-unbound,['magician'],후파,[],[],[],[],6,6.5,0.01,0.0,0.75,0.0,['move_flash'],"['land','water']",legendary,psychic,dark,490.0,slow,270
721,['water-absorb'],볼케니온,[],[],[],[],6,1.7,0.01,0.0,0.75,0.0,"['move_defog', 'move_cut', 'move_rock-smash', 'move_strength']",['water'],legendary,fire,water,195.0,slow,270
722,"['overgrow', 'long-reach']",나몰빼미,['candy_48'],['0723'],[],[],7,0.3,0.14,0.12,0.6,0.88,['move_defog'],['land'],epic,grass,flying,1.5,medium_slow,64
723,"['overgrow', 'long-reach']",빼미스로우,['candy_100'],['0724'],[],[],7,0.7,0.14,0.12,0.6,0.88,['move_defog'],['land'],epic,grass,flying,16.0,medium_slow,147
724,"['overgrow', 'long-reach']",모크나이퍼,[],[],[],[],7,1.6,0.14,0.12,0.6,0.88,['move_defog'],['land'],epic,grass,ghost,36.6,medium_slow,239
0724_hisui,"['overgrow', 'scrappy']",모크나이퍼,[],[],[],[],7,1.6,0.14,0.12,0.6,0.88,['move_rock-smash'],['land'],epic,grass,fighting,37.0,medium_slow,239
725,"['blaze', 'intimidate']",냐오불,['candy_48'],['0726'],[],[],7,0.4,0.14,0.12,0.6,0.88,[],['land'],epic,fire,,4.3,medium_slow,64
726,"['blaze', 'intimidate']",냐오히트,['candy_100'],['0727'],[],[],7,0.7,0.14,0.12,0.6,0.88,[],['land'],epic,fire,,25.0,medium_slow,147
727,"['blaze', 'intimidate']",어흥염,[],[],[],[],7,1.8,0.14,0.12,0.6,0.88,[],['land'],epic,fire,dark,83.0,medium_slow,239
728,"['torrent', 'liquid-voice']",누리공,['candy_48'],['0729'],[],[],7,0.4,0.14,0.12,0.6,0.88,"['move_surf', 'move_waterfall', 'move_dive']","['land','water']",epic,water,,7.5,medium_slow,64
729,"['torrent', 'liquid-voice']",키요공,['candy_100'],['0730'],[],[],7,0.6,0.14,0.12,0.6,0.88,"['move_surf', 'move_waterfall', 'move_dive']","['land','water']",epic,water,,17.5,medium_slow,147
730,"['torrent', 'liquid-voice']",누리레느,[],[],[],[],7,1.8,0.14,0.12,0.6,0.88,"['move_surf', 'move_waterfall', 'move_dive']","['land','water']",epic,water,fairy,44.0,medium_slow,239
731,"['keen-eye', 'skill-link', 'pickup']",콕코구리,['candy_30'],['0732'],[],[],7,0.3,0.8,0.5,0.35,0.5,"['move_defog', 'move_rock-smash', 'move_fly']",['land'],common,normal,flying,1.2,medium_fast,53
732,"['keen-eye', 'skill-link', 'pickup']",크라파,['candy_60'],['0733'],[],[],7,0.6,0.38,0.5,0.45,0.5,"['move_defog', 'move_rock-smash', 'move_fly']",['land'],rare,normal,flying,14.8,medium_fast,124
733,"['keen-eye', 'skill-link', 'sheer-force']",왕큰부리,[],[],[],[],7,1.1,0.14,0.5,0.6,0.5,"['move_defog', 'move_rock-smash', 'move_fly']","['land','water']",epic,normal,flying,26.0,medium_fast,218
734,"['stakeout', 'strong-jaw', 'adaptability']",영구스,['candy_30+time_day'],['0735'],[],[],7,0.4,0.8,0.5,0.35,0.5,[],['land'],common,normal,,6.0,medium_fast,51
735,"['stakeout', 'strong-jaw', 'adaptability']",형사구스,[],[],[],[],7,0.7,0.4,0.5,0.45,0.5,[],['land'],rare,normal,,14.2,medium_fast,146
736,['swarm'],턱지충이,['candy_20'],['0737'],[],[],7,0.4,0.8,0.5,0.35,0.5,[],['land'],common,bug,,4.4,medium_fast,60
737,['battery'],전지충이,['thunder-stone'],['0738'],[],[],7,0.5,0.38,0.5,0.45,0.5,[],['land'],rare,bug,electric,10.5,medium_fast,140
738,['levitate'],투구뿌논,[],[],[],[],7,1.5,0.14,0.5,0.6,0.5,['move_fly'],"['land','water']",epic,bug,electric,45.0,medium_fast,225
739,"['hyper-cutter', 'iron-fist', 'anger-point']",오기지게,['ice-stone'],['0740'],[],[],7,0.6,0.7,0.5,0.35,0.5,['move_rock-smash'],['land'],common,fighting,,7.0,medium_fast,68
740,"['hyper-cutter', 'iron-fist', 'anger-point']",모단단게,[],[],[],[],7,1.7,0.19,0.5,0.45,0.5,['move_rock-smash'],['land'],rare,fighting,ice,180.0,medium_fast,167
741,['dancer'],춤추새,[],[],[],[],7,,0.14,0.75,0.35,0.25,"['move_defog', 'move_fly']",['land'],common,fire,flying,,medium_fast,167
0741-pom-pom,['dancer'],춤추새,[],[],[],[],7,0.6,0.14,0.75,0.35,0.25,"['move_defog', 'move_fly']",['land'],common,electric,flying,3.4,medium_fast,167
0741-pau,['dancer'],춤추새,[],[],[],[],7,0.6,0.14,0.75,0.35,0.25,"['move_defog', 'move_fly']",['land'],common,psychic,flying,3.4,medium_fast,167
0741-sensu,['dancer'],춤추새,[],[],[],[],7,0.6,0.14,0.75,0.35,0.25,"['move_defog', 'move_fly']",['land'],common,ghost,flying,3.4,medium_fast,167
742,"['honey-gather', 'shield-dust', 'sweet-veil']",에블리,['candy_25'],['0743'],[],[],7,0.1,0.6,0.5,0.35,0.5,['move_defog'],['land'],common,bug,fairy,0.2,medium_fast,61
743,"['honey-gather', 'shield-dust', 'sweet-veil']",에리본,[],[],[],[],7,0.2,0.23,0.5,0.45,0.5,['move_defog'],['land'],rare,bug,fairy,0.5,medium_fast,162
744,"['keen-eye', 'vital-spirit', 'steadfast']",암멍이,"['candy_50+time_day', 'candy_50+time_night']","['0745', '0745-midnight']",[],[],7,0.5,0.6,0.5,0.35,0.5,[],['land'],common,rock,,9.2,medium_fast,56
745,"['keen-eye', 'sand-rush', 'steadfast']",루가루암,[],[],[],[],7,,0.28,0.5,0.45,0.5,[],['land'],rare,rock,,,medium_fast,170
0745-midnight,"['keen-eye', 'vital-spirit', 'no-guard']",루가루암,[],[],[],[],7,1.1,0.28,0.5,0.45,0.5,[],['land'],rare,rock,,25.0,medium_fast,170
0745-dusk,['tough-claws'],루가루암,[],[],[],[],7,0.8,0.28,0.5,0.45,0.5,[],['land'],rare,rock,,25.0,medium_fast,170
746,['schooling'],약어리,[],[],[],[],7,,0.19,0.5,0.35,0.5,"['move_surf', 'move_waterfall', 'move_dive']",['water'],common,water,,,fast,61
0746-school,['schooling'],약어리,[],[],[],[],7,8.2,0.19,0.5,0.35,0.5,"['move_surf', 'move_waterfall', 'move_dive']",['water'],common,water,,78.6,fast,61
747,"['merciless', 'limber', 'regenerator']",시마사리,['candy_50'],['0748'],[],[],7,0.4,0.6,0.5,0.35,0.5,['move_surf'],"['land','water']",common,poison,water,8.0,medium_fast,61
748,"['merciless', 'limber', 'regenerator']",더시마사리,[],[],[],[],7,0.7,0.23,0.5,0.45,0.5,['move_surf'],"['land','water']",rare,poison,water,14.5,medium_fast,173
749,"['own-tempo', 'stamina', 'inner-focus']",머드나기,['candy_50'],['0750'],[],[],7,1.0,0.6,0.5,0.35,0.5,"['move_rock-smash', 'move_strength']",['land'],common,ground,,110.0,medium_fast,77
750,"['own-tempo', 'stamina', 'inner-focus']",만마드,[],[],[],[],7,2.5,0.19,0.5,0.45,0.5,"['move_rock-smash', 'move_strength']",['land'],rare,ground,,920.0,medium_fast,175
751,"['water-bubble', 'water-absorb']",물거미,['candy_30'],['0752'],[],[],7,0.3,0.62,0.5,0.35,0.5,"['move_surf', 'move_waterfall']","['land','water']",common,water,bug,4.0,medium_fast,54
752,"['water-bubble', 'water-absorb']",깨비물거미,[],[],[],[],7,1.8,0.31,0.5,0.45,0.5,"['move_surf', 'move_waterfall', 'move_dive']","['land','water']",rare,water,bug,82.0,medium_fast,159
753,"['leaf-guard', 'contrary']",짜랑랑,['candy_40+time_day'],['0754'],[],[],7,0.3,0.6,0.5,0.35,0.5,['move_defog'],['land'],common,grass,,1.5,medium_fast,50
754,"['leaf-guard', 'contrary']",라란티스,[],[],[],[],7,0.9,0.23,0.5,0.45,0.5,['move_defog'],['land'],rare,grass,,18.5,medium_fast,168
755,"['illuminate', 'effect-spore', 'rain-dish']",자마슈,['candy_40'],['0756'],[],[],7,0.2,0.6,0.5,0.35,0.5,['move_flash'],['land'],common,grass,fairy,1.5,medium_fast,57
756,"['illuminate', 'effect-spore', 'rain-dish']",마셰이드,[],[],[],[],7,1.0,0.23,0.5,0.45,0.5,['move_flash'],['land'],rare,grass,fairy,11.5,medium_fast,142
757,"['corrosion', 'oblivious']",야도뇽,['candy_45+female'],['0758'],[],[],7,0.6,0.38,0.12,0.35,0.88,[],['land'],common,poison,fire,4.8,medium_fast,64
758,"['corrosion', 'oblivious']",염뉴트,[],[],[],[],7,1.2,0.14,1.0,0.45,0.0,[],['land'],rare,poison,fire,22.2,medium_fast,168
759,"['fluffy', 'klutz', 'cute-charm']",포곰곰,['candy_70'],['0760'],[],[],7,0.5,0.44,0.5,0.35,0.5,['move_strength'],['land'],common,normal,fighting,6.8,medium_fast,68
760,"['fluffy', 'klutz', 'unnerve']",이븐곰,[],[],[],[],7,2.1,0.22,0.5,0.45,0.5,['move_strength'],['land'],rare,normal,fighting,135.0,medium_fast,175
761,"['leaf-guard', 'oblivious', 'sweet-veil']",달콤아,['candy_40'],['0762'],[],[],7,0.3,0.74,1.0,0.35,0.0,[],['land'],common,grass,,3.2,medium_slow,42
762,"['leaf-guard', 'oblivious', 'sweet-veil']",달무리나,['move_stomp'],['0763'],[],[],7,0.7,0.38,1.0,0.45,0.0,[],['land'],rare,grass,,8.2,medium_slow,102
763,"['leaf-guard', 'queenly_majesty', 'sweet-veil']",달코퀸,[],[],[],[],7,1.2,0.14,1.0,0.6,0.0,[],['land'],epic,grass,,21.4,medium_slow,230
764,"['flower-veil', 'triage', 'natural-cure']",큐아링,[],[],[],[],7,0.1,0.19,0.75,0.35,0.25,['move_defog'],"['land','water']",common,fairy,,0.3,fast,170
765,"['inner-focus', 'telepathy', 'symbiosis']",하랑우탄,[],[],[],[],7,1.5,0.14,0.5,0.35,0.5,[],['land'],common,normal,psychic,76.0,slow,172
766,"['receiver', 'defiant']",내던숭이,[],[],[],[],7,2.0,0.14,0.5,0.35,0.5,['move_rock-smash'],['land'],common,fighting,,82.8,slow,172
767,['wimp-out'],꼬시레,['candy_80'],['0768'],[],[],7,0.5,0.28,0.5,0.35,0.5,"['move_surf', 'move_waterfall']",['water'],common,bug,water,12.0,medium_fast,46
768,['emergency-exit'],갑주무사,[],[],[],[],7,2.0,0.14,0.5,0.45,0.5,"['move_surf', 'move_rock-smash', 'move_waterfall', 'move_dive']","['land','water']",rare,bug,water,108.0,medium_fast,186
0768-mega,[],갑주무사,[],[],[],[],7,2.3,0.14,0.5,0.45,0.5,[],['land'],rare,bug,steel,148.0,medium_fast,186
769,"['water-compaction', 'sand-veil']",모래꿍,['candy_60'],['0770'],[],[],7,0.5,0.44,0.5,0.35,0.5,[],['land'],common,ghost,ground,70.0,medium_fast,64
770,"['water-compaction', 'sand-veil']",모래성이당,[],[],[],[],7,1.3,0.19,0.5,0.45,0.5,[],['land'],rare,ghost,ground,250.0,medium_fast,168
771,"['innards-out', 'unaware']",해무기,[],[],[],[],7,0.3,0.19,0.5,0.35,0.5,[],"['land','water']",common,water,,1.2,fast,144
772,['battle-armor'],타입:널,['friendship_160'],['0773'],[],[],7,1.9,0.01,0.0,0.75,0.0,[],['land'],legendary,normal,,120.5,slow,107
773,['rks-system'],실버디,[],[],[],[],7,2.3,0.01,0.0,0.75,0.0,"['move_surf', 'move_defog']",['land'],legendary,normal,,100.5,slow,257
774,['shields-down'],메테노,[],[],[],[],7,,0.1,0.0,0.45,0.0,[],['land'],rare,rock,flying,,medium_slow,154
0774-orange,['shields-down'],메테노,[],[],[],[],7,0.3,0.1,0.0,0.45,0.0,[],['land'],rare,rock,flying,0.3,medium_slow,154
0774-yellow,['shields-down'],메테노,[],[],[],[],7,0.3,0.1,0.0,0.45,0.0,[],['land'],rare,rock,flying,0.3,medium_slow,154
0774-green,['shields-down'],메테노,[],[],[],[],7,0.3,0.1,0.0,0.45,0.0,[],['land'],rare,rock,flying,0.3,medium_slow,154
0774-blue,['shields-down'],메테노,[],[],[],[],7,0.3,0.1,0.0,0.45,0.0,[],['land'],rare,rock,flying,0.3,medium_slow,154
0774-indigo,['shields-down'],메테노,[],[],[],[],7,0.3,0.1,0.0,0.45,0.0,[],['land'],rare,rock,flying,0.3,medium_slow,154
0774-violet,['shields-down'],메테노,[],[],[],[],7,0.3,0.1,0.0,0.45,0.0,[],['land'],rare,rock,flying,0.3,medium_slow,154
775,['comatose'],자말라,[],[],[],[],7,0.4,0.14,0.5,0.35,0.5,[],['land'],common,normal,,19.9,slow,168
776,['shell-armor'],폭거북스,[],[],[],[],7,2.0,0.22,0.5,0.45,0.5,[],['land'],rare,fire,dragon,212.0,medium_fast,170
777,"['iron-barbs', 'lightning-rod', 'sturdy']",토게데마루,[],[],[],[],7,0.3,0.57,0.5,0.35,0.5,[],['land'],common,electric,steel,3.3,medium_fast,152
778,['disguise'],따라큐,[],[],[],[],7,,0.14,0.5,0.6,0.5,[],['land'],epic,ghost,fairy,,medium_fast,167
779,"['dazzling', 'strong-jaw', 'wonder-skin']",치갈기,[],[],[],[],7,0.9,0.25,0.5,0.35,0.5,"['move_surf', 'move_waterfall']",['water'],common,water,psychic,19.0,medium_fast,166
780,"['berserk', 'sap-sipper', 'cloud-nine']",할비롱,[],[],[],[],7,3.0,0.2,0.5,0.6,0.5,"['move_surf', 'move_defog', 'move_fly']",['land'],epic,normal,dragon,185.0,medium_fast,170
0780-mega,[],할비롱,[],[],[],[],7,3.0,0.2,0.5,0.6,0.5,[],['land'],epic,normal,dragon,240.5,medium_fast,170
781,['steelworker'],타타륜,[],[],[],[],7,3.9,0.08,0.0,0.45,0.0,['move_surf'],['water'],rare,ghost,grass,210.0,medium_fast,181
782,"['bulletproof', 'soundproof', 'overcoat']",짜랑꼬,['candy_50'],['0783'],[],[],7,0.6,0.14,0.5,0.45,0.5,[],['land'],rare,dragon,,29.7,slow,60
783,"['bulletproof', 'soundproof', 'overcoat']",짜랑고우,['candy_75'],['0784'],[],[],7,1.2,0.14,0.5,0.45,0.5,[],['land'],rare,dragon,fighting,47.0,slow,147
784,"['bulletproof', 'soundproof', 'overcoat']",짜랑고우거,[],[],[],[],7,1.6,0.14,0.5,0.6,0.5,[],['land'],epic,dragon,fighting,78.2,slow,270
785,"['electric-surge', 'telepathy']",카푸꼬꼬꼭,[],[],[],[],7,1.8,0.01,0.0,0.75,0.0,"['move_mean-look', 'move_defog', 'move_fly']","['land','water']",legendary,electric,fairy,20.5,slow,257
786,"['psychic-surge', 'telepathy']",카푸나비나,[],[],[],[],7,1.2,0.01,0.0,0.75,0.0,['move_mean-look'],"['land','water']",legendary,psychic,fairy,18.6,slow,257
787,"['grassy-surge', 'telepathy']",카푸브루루,[],[],[],[],7,1.9,0.01,0.0,0.75,0.0,"['move_mean-look', 'move_rock-smash']","['land','water']",legendary,grass,fairy,45.5,slow,257
788,"['misty-surge', 'telepathy']",카푸느지느,[],[],[],[],7,1.3,0.01,0.0,0.75,0.0,"['move_surf', 'move_mean-look', 'move_defog', 'move_waterfall', 'move_dive']","['land','water']",legendary,water,fairy,21.2,slow,257
789,['unaware'],코스모그,['candy_70'],['0790'],[],[],7,0.2,0.03,0.0,0.75,0.0,[],"['land','water']",legendary,psychic,,0.1,slow,40
790,['sturdy'],코스모움,"['candy_140', 'candy_140']","['0791', '0792']",[],[],7,0.1,0.03,0.0,0.75,0.0,[],"['land','water']",legendary,psychic,,999.9,slow,140
791,['full_metal-body'],솔가레오,[],[],[],[],7,3.4,0.03,0.0,0.75,0.0,[],['land'],legendary,psychic,steel,230.0,slow,306
792,['shadow-shield'],루나아라,[],[],[],[],7,4.0,0.03,0.0,0.75,0.0,"['move_defog', 'move_fly']","['land','water']",legendary,psychic,ghost,120.0,slow,306
793,['beast-boost'],텅비드,[],[],[],[],7,1.2,0.14,0.0,0.6,0.0,[],"['land','water']",epic,rock,poison,55.5,slow,257
794,['beast-boost'],매시붕,[],[],[],[],7,2.4,0.14,0.0,0.6,0.0,[],['land'],epic,bug,fighting,333.6,slow,257
795,['beast-boost'],페로코체,[],[],[],[],7,1.8,0.14,0.0,0.6,0.0,[],['land'],epic,bug,fighting,25.0,slow,257
796,['beast-boost'],전수목,[],[],[],[],7,3.8,0.14,0.0,0.6,0.0,[],['land'],epic,electric,,100.0,slow,257
797,['beast-boost'],철화구야,[],[],[],[],7,9.2,0.14,0.0,0.6,0.0,['move_fly'],['land'],epic,steel,flying,999.9,slow,257
798,['beast-boost'],종이신도,[],[],[],[],7,0.3,0.14,0.0,0.6,0.0,"['move_defog', 'move_cut']","['land','water']",epic,grass,steel,0.1,slow,257
799,['beast-boost'],악식킹,[],[],[],[],7,5.5,0.14,0.0,0.6,0.0,[],['land'],epic,dark,dragon,888.0,slow,257
800,['prism-armor'],네크로즈마,[],[],[],[],7,2.4,0.03,0.0,0.75,0.0,[],['land'],legendary,psychic,,230.0,slow,270
0800-dusk,['prism-armor'],네크로즈마,[],[],[],[],7,3.8,0.03,0.0,0.75,0.0,[],"['land','water']",legendary,psychic,steel,460.0,slow,270
0800-dawn,['prism-armor'],네크로즈마,[],[],[],[],7,,0.03,0.0,0.75,0.0,[],"['land','water']",legendary,psychic,ghost,,slow,270
0800-ultra,['neuroforce'],네크로즈마,[],[],[],[],7,7.5,0.03,0.0,0.75,0.0,[],['land'],legendary,psychic,dragon,230.0,slow,270
801,['soul-heart'],마기아나,[],[],[],[],7,1.0,0.01,0.0,0.75,0.0,[],['land'],legendary,steel,fairy,80.5,slow,270
0801-original,['soul-heart'],마기아나,[],[],[],[],7,,0.01,0.0,0.75,0.0,[],['land'],legendary,steel,fairy,,slow,270
802,['technician'],마샤도,[],[],[],[],7,0.7,0.01,0.0,0.75,0.0,[],['land'],legendary,fighting,ghost,22.2,slow,270
803,['beast-boost'],베베놈,['move_dragon-pulse'],['0804'],[],[],7,0.6,0.14,0.0,0.6,0.0,[],['land'],epic,poison,,1.8,slow,189
804,['beast-boost'],아고용,[],[],[],[],7,3.6,0.14,0.0,0.6,0.0,['move_fly'],['land'],epic,poison,dragon,150.0,slow,243
805,['beast-boost'],차곡차곡,[],[],[],[],7,5.5,0.1,0.0,0.6,0.0,[],['land'],epic,rock,steel,820.0,slow,257
806,['beast-boost'],두파팡,[],[],[],[],7,1.8,0.1,0.0,0.6,0.0,[],['land'],epic,fire,ghost,13.0,slow,257
807,['volt-absorb'],제라오라,[],[],[],[],7,1.5,0.01,0.0,0.75,0.0,[],['land'],legendary,electric,,44.5,slow,270
0807-mega,[],제라오라,[],[],[],[],7,1.5,0.01,0.0,0.75,0.0,[],['land'],legendary,electric,,44.5,slow,270
808,['magnet-pull'],멜탄,[],[],[],[],7,0.2,0.01,0.0,0.75,0.0,[],['land'],legendary,steel,,8.0,slow,135
809,['iron-fist'],멜메탈,[],[],[],[],7,2.5,0.01,0.0,0.75,0.0,[],['land'],legendary,steel,,800.0,slow,270
0809-gmax,['iron-fist'],멜메탈,[],[],[],[],7,25.0,0.01,0.0,0.75,0.0,[],['land'],legendary,steel,,1000.0,slow,270
810,"['overgrow', 'grassy-surge']",흥나숭,['candy_50'],['0811'],[],[],8,0.3,0.14,0.12,0.6,0.88,['move_strength'],['land'],epic,grass,,5.0,medium_slow,62
811,"['overgrow', 'grassy-surge']",채키몽,['candy_100'],['0812'],[],[],8,0.7,0.14,0.12,0.6,0.88,['move_strength'],['land'],epic,grass,,14.0,medium_slow,147
812,"['overgrow', 'grassy-surge']",고릴타,[],[],[],[],8,2.1,0.14,0.12,0.6,0.88,['move_strength'],['land'],epic,grass,,90.0,medium_slow,265
0812-gmax,"['overgrow', 'grassy-surge']",고릴타,[],[],[],[],8,28.0,0.14,0.12,0.6,0.88,[],['land'],epic,grass,,1000.0,medium_slow,265
813,"['blaze', 'libero']",염버니,['candy_50'],['0814'],[],[],8,0.3,0.14,0.12,0.6,0.88,[],['land'],epic,fire,,4.5,medium_slow,62
814,"['blaze', 'libero']",래비풋,['candy_100'],['0815'],[],[],8,0.6,0.14,0.12,0.6,0.88,[],['land'],epic,fire,,9.0,medium_slow,147
815,"['blaze', 'libero']",에이스번,[],[],[],[],8,1.4,0.14,0.12,0.6,0.88,[],['land'],epic,fire,,33.0,medium_slow,265
0815-gmax,"['blaze', 'libero']",에이스번,[],[],[],[],8,27.0,0.14,0.12,0.6,0.88,[],['land'],epic,fire,,1000.0,medium_slow,265
816,"['torrent', 'sniper']",울머기,['candy_50'],['0817'],[],[],8,0.3,0.14,0.12,0.6,0.88,"['move_surf', 'move_waterfall', 'move_dive']","['land','water']",epic,water,,4.0,medium_slow,62
817,"['torrent', 'sniper']",누겔레온,['candy_100'],['0818'],[],[],8,0.7,0.14,0.12,0.6,0.88,"['move_surf', 'move_waterfall', 'move_dive']","['land','water']",epic,water,,11.5,medium_slow,147
818,"['torrent', 'sniper']",인텔리레온,[],[],[],[],8,1.9,0.14,0.12,0.6,0.88,"['move_surf', 'move_waterfall', 'move_dive']","['land','water']",epic,water,,45.2,medium_slow,265
0818-gmax,"['torrent', 'sniper']",인텔리레온,[],[],[],[],8,40.0,0.14,0.12,0.6,0.88,[],"['land','water']",epic,water,,1000.0,medium_slow,265
819,"['cheek-pouch', 'gluttony']",탐리스,['candy_24'],['0820'],[],[],8,0.3,0.8,0.5,0.35,0.5,[],['land'],common,normal,,2.5,medium_fast,55
820,"['cheek-pouch', 'gluttony']",요씽리스,[],[],[],[],8,0.6,0.28,0.5,0.45,0.5,[],['land'],rare,normal,,6.0,medium_fast,161
821,"['keen-eye', 'unnerve', 'big-pecks']",파라꼬,['candy_35'],['0822'],[],[],8,0.2,0.8,0.5,0.35,0.5,"['move_defog', 'move_rock-smash', 'move_fly']",['land'],common,flying,,1.8,medium_slow,49
822,"['keen-eye', 'unnerve', 'big-pecks']",파크로우,['candy_70'],['0823'],[],[],8,0.8,0.38,0.5,0.45,0.5,['move_fly'],"['land','water']",rare,flying,,16.0,medium_slow,128
823,"['pressure', 'unnerve', 'mirror-armor']",아머까오,[],[],[],[],8,2.2,0.14,0.5,0.6,0.5,"['move_defog', 'move_rock-smash', 'move_fly']","['land','water']",epic,flying,steel,75.0,medium_slow,248
0823-gmax,"['pressure', 'unnerve', 'mirror-armor']",아머까오,[],[],[],[],8,14.0,0.14,0.5,0.6,0.5,[],"['land','water']",epic,flying,steel,1000.0,medium_slow,248
824,"['swarm', 'compound-eyes', 'telepathy']",두루지벌레,['candy_25'],['0825'],[],[],8,0.4,0.8,0.5,0.35,0.5,[],['land'],common,bug,,8.0,medium_fast,36
825,"['swarm', 'compound-eyes', 'telepathy']",레돔벌레,['candy_50'],['0826'],[],[],8,,0.38,0.5,0.45,0.5,[],['land'],rare,bug,psychic,,medium_fast,117
826,"['swarm', 'frisk', 'telepathy']",이올브,[],[],[],[],8,0.4,0.14,0.5,0.6,0.5,[],['land'],epic,bug,psychic,40.8,medium_fast,253
0826-gmax,"['swarm', 'frisk', 'telepathy']",이올브,[],[],[],[],8,14.0,0.14,0.5,0.6,0.5,[],['land'],epic,bug,psychic,1000.0,medium_fast,253
827,"['run-away', 'unburden', 'stakeout']",훔처우,['candy_50'],['0828'],[],[],8,0.6,0.8,0.5,0.35,0.5,[],['land'],common,dark,,8.9,fast,49
828,"['run-away', 'unburden', 'stakeout']",폭슬라이,[],[],[],[],8,1.2,0.4,0.5,0.45,0.5,[],['land'],rare,dark,,19.9,fast,159
829,"['cotton-down', 'regenerator', 'effect-spore']",꼬모카,['candy_50'],['0830'],[],[],8,0.4,0.6,0.5,0.35,0.5,[],['land'],common,grass,,2.2,medium_fast,50
830,"['cotton-down', 'regenerator', 'effect-spore']",백솜모카,[],[],[],[],8,0.5,0.23,0.5,0.45,0.5,[],['land'],rare,grass,,2.5,medium_fast,161
831,"['fluffy', 'run-away', 'bulletproof']",우르,['candy_60'],['0832'],[],[],8,0.6,0.8,0.5,0.35,0.5,[],['land'],common,normal,,6.0,medium_fast,122
832,"['fluffy', 'steadfast', 'bulletproof']",배우르,[],[],[],[],8,1.3,0.4,0.5,0.45,0.5,[],['land'],rare,normal,,43.0,medium_fast,172
833,"['strong-jaw', 'shell-armor', 'swift-swim']",깨물부기,['candy_50'],['0834'],[],[],8,0.3,0.8,0.5,0.35,0.5,"['move_surf', 'move_waterfall', 'move_dive']","['land','water']",common,water,,8.5,medium_fast,57
834,"['strong-jaw', 'shell-armor', 'swift-swim']",갈가부기,[],[],[],[],8,1.0,0.23,0.5,0.45,0.5,"['move_surf', 'move_waterfall', 'move_dive']","['land','water']",rare,water,rock,115.5,medium_fast,170
0834-gmax,"['strong-jaw', 'shell-armor', 'swift-swim']",갈가부기,[],[],[],[],8,24.0,0.23,0.5,0.45,0.5,[],"['land','water']",rare,water,rock,1000.0,medium_fast,170
835,"['ball-fetch', 'rattled']",멍파치,['candy_50'],['0836'],[],[],8,0.3,0.8,0.5,0.35,0.5,[],['land'],common,electric,,13.5,fast,54
836,"['strong-jaw', 'competitive']",펄스멍,[],[],[],[],8,1.0,0.14,0.5,0.45,0.5,[],['land'],rare,electric,,34.0,fast,172
837,"['steam-engine', 'heatproof', 'flash-fire']",탄동,['candy_25'],['0838'],[],[],8,0.3,0.8,0.5,0.35,0.5,[],['land'],common,rock,,12.0,medium_slow,48
838,"['steam-engine', 'flame-body', 'flash-fire']",탄차곤,['candy_60'],['0839'],[],[],8,1.1,0.38,0.5,0.45,0.5,[],['land'],rare,rock,fire,78.0,medium_slow,144
839,"['steam-engine', 'flame-body', 'flash-fire']",석탄산,[],[],[],[],8,2.8,0.14,0.5,0.6,0.5,[],['land'],epic,rock,fire,310.5,medium_slow,255
0839-gmax,"['steam-engine', 'flame-body', 'flash-fire']",석탄산,[],[],[],[],8,42.0,0.14,0.5,0.6,0.5,[],['land'],epic,rock,fire,1000.0,medium_slow,255
840,"['ripen', 'gluttony', 'bulletproof']",과사삭벌레,"['tart-apple', 'sweet-apple', 'syrupy-apple']","['0841', '0842', '1011']",[],[],8,0.2,0.8,0.5,0.35,0.5,[],['land'],common,grass,dragon,0.5,fluctuating,52
841,"['ripen', 'gluttony', 'hustle']",애프룡,[],[],[],[],8,0.3,0.14,0.5,0.45,0.5,['move_fly'],['land'],rare,grass,dragon,1.0,fluctuating,170
0841-gmax,"['ripen', 'gluttony', 'hustle']",애프룡,[],[],[],[],8,24.0,0.14,0.5,0.45,0.5,[],['land'],rare,grass,dragon,1000.0,fluctuating,170
842,"['ripen', 'gluttony', 'thick-fat']",단지래플,[],[],[],[],8,0.4,0.14,0.5,0.45,0.5,[],['land'],rare,grass,dragon,13.0,fluctuating,170
0842-gmax,"['ripen', 'gluttony', 'thick-fat']",단지래플,[],[],[],[],8,24.0,0.14,0.5,0.45,0.5,[],['land'],rare,grass,dragon,1000.0,fluctuating,170
843,"['sand-spit', 'shed-skin', 'sand-veil']",모래뱀,['candy_45'],['0844'],[],[],8,2.2,0.8,0.5,0.35,0.5,[],['land'],common,ground,,7.6,medium_fast,63
844,"['sand-spit', 'shed-skin', 'sand-veil']",사다이사,[],[],[],[],8,3.8,0.38,0.5,0.45,0.5,[],['land'],rare,ground,,65.5,medium_fast,179
0844-gmax,"['sand-spit', 'shed-skin', 'sand-veil']",사다이사,[],[],[],[],8,22.0,0.38,0.5,0.45,0.5,[],['land'],rare,ground,,1000.0,medium_fast,179
845,['gulp_missile'],윽우지,[],[],[],[],8,0.8,0.14,0.5,0.45,0.5,"['move_surf', 'move_defog', 'move_dive', 'move_fly']","['land','water']",rare,flying,water,18.0,medium_fast,166
0845-gulping,['gulp_missile'],윽우지,[],[],[],[],8,0.8,0.14,0.5,0.45,0.5,"['move_surf', 'move_defog', 'move_dive', 'move_fly']","['land','water']",rare,flying,water,18.0,medium_fast,166
0845-gorging,['gulp_missile'],윽우지,[],[],[],[],8,0.8,0.14,0.5,0.45,0.5,"['move_surf', 'move_defog', 'move_dive', 'move_fly']","['land','water']",rare,flying,water,18.0,medium_fast,166
846,"['swift-swim', 'propeller-tail']",찌로꼬치,['candy_50'],['0847'],[],[],8,0.5,0.8,0.5,0.35,0.5,"['move_surf', 'move_waterfall', 'move_dive']",['water'],common,water,,1.0,slow,56
847,"['swift-swim', 'propeller-tail']",꼬치조,[],[],[],[],8,1.3,0.19,0.5,0.45,0.5,"['move_surf', 'move_waterfall', 'move_dive']",['water'],rare,water,,30.0,slow,172
848,"['rattled', 'static', 'klutz']",일레즌,['candy_50'],['0849'],[],[],8,0.4,0.23,0.5,0.45,0.5,[],['land'],rare,electric,poison,11.0,medium_slow,48
849,"['punk-rock', 'plus', 'technician']",스트린더,[],[],[],[],8,,0.14,0.5,0.6,0.5,[],['land'],epic,electric,poison,,medium_slow,176
0849-low-key,"['punk-rock', 'minus', 'technician']",스트린더,[],[],[],[],8,1.6,0.14,0.5,0.6,0.5,[],['land'],epic,electric,poison,40.0,medium_slow,176
0849-amped-gmax,"['punk-rock', 'plus', 'technician']",스트린더,[],[],[],[],8,24.0,0.14,0.5,0.6,0.5,[],['land'],epic,electric,poison,1000.0,medium_slow,176
0849-low-key-gmax,"['punk-rock', 'minus', 'technician']",스트린더,[],[],[],[],8,24.0,0.14,0.5,0.6,0.5,[],['land'],epic,electric,poison,1000.0,medium_slow,176
850,"['flash-fire', 'white-smoke', 'flame-body']",태우지네,['candy_60'],['0851'],[],[],8,0.7,0.55,0.5,0.45,0.5,[],['land'],rare,fire,bug,1.0,medium_fast,61
851,"['flash-fire', 'white-smoke', 'flame-body']",다태우지네,[],[],[],[],8,3.0,0.2,0.5,0.6,0.5,[],['land'],epic,fire,bug,120.0,medium_fast,184
0851-gmax,"['flash-fire', 'white-smoke', 'flame-body']",다태우지네,[],[],[],[],8,75.0,0.2,0.5,0.6,0.5,[],['land'],epic,fire,bug,1000.0,medium_fast,184
852,"['limber', 'technician']",때때무노,['move_taunt'],['0853'],[],[],8,0.6,0.57,0.5,0.35,0.5,"['move_rock-smash', 'move_waterfall', 'move_dive']",['land'],common,fighting,,4.0,medium_slow,62
853,"['limber', 'technician']",케오퍼스,[],[],[],[],8,1.6,0.14,0.5,0.45,0.5,"['move_surf', 'move_rock-smash', 'move_waterfall', 'move_dive']",['land'],rare,fighting,,39.0,medium_slow,168
854,"['weak-armor', 'cursed-body']",데인차,"['cracked-pot', 'chipped-pot']","['0855', '0855']",[],[],8,0.1,0.38,0.0,0.35,0.0,[],['land'],common,ghost,,0.2,medium_fast,62
855,"['weak-armor', 'cursed-body']",포트데스,[],[],[],[],8,0.2,0.19,0.0,0.45,0.0,[],['land'],rare,ghost,,0.4,medium_fast,178
856,"['healer', 'anticipation', 'magic-bounce']",몸지브림,['candy_45'],['0857'],[],[],8,0.4,0.74,1.0,0.35,0.0,[],['land'],common,psychic,,3.4,slow,53
857,"['healer', 'anticipation', 'magic-bounce']",손지브림,['candy_75'],['0858'],[],[],8,0.6,0.38,1.0,0.45,0.0,[],['land'],rare,psychic,,4.8,slow,130
858,"['healer', 'anticipation', 'magic-bounce']",브리무음,[],[],[],[],8,2.1,0.14,1.0,0.6,0.0,[],['land'],epic,psychic,fairy,5.1,slow,255
0858-gmax,"['healer', 'anticipation', 'magic-bounce']",브리무음,[],[],[],[],8,26.0,0.14,1.0,0.6,0.0,[],['land'],epic,psychic,fairy,1000.0,slow,255
859,"['ptierster', 'frisk', 'pickpocket']",메롱꿍,['candy_45'],['0860'],[],[],8,0.4,0.8,0.0,0.35,1.0,[],['land'],common,dark,fairy,5.5,medium_fast,53
860,"['ptierster', 'frisk', 'pickpocket']",쏘겨모,['candy_80'],['0861'],[],[],8,0.8,0.38,0.0,0.45,1.0,[],['land'],rare,dark,fairy,12.5,medium_fast,130
861,"['ptierster', 'frisk', 'pickpocket']",오롱털,[],[],[],[],8,1.5,0.14,0.0,0.6,1.0,[],['land'],epic,dark,fairy,61.0,medium_fast,255
0861-gmax,"['ptierster', 'frisk', 'pickpocket']",오롱털,[],[],[],[],8,32.0,0.14,0.0,0.6,1.0,[],['land'],epic,dark,fairy,1000.0,medium_fast,255
862,"['reckless', 'guts', 'defiant']",가로막구리,[],[],[],[],8,1.6,0.14,0.5,0.6,0.5,['move_surf'],['land'],epic,dark,normal,46.0,medium_fast,260
863,"['battle-armor', 'tough-claws', 'steely-spirit']",나이킹,[],[],[],[],8,0.8,0.28,0.5,0.45,0.5,[],['land'],rare,steel,,28.0,medium_fast,154
864,"['weak-armor', 'perish-body']",산호르곤,[],[],[],[],8,1.0,0.1,0.75,0.6,0.25,['move_surf'],['land'],epic,ghost,,0.4,fast,179
865,"['steadfast', 'scrappy']",창파나이트,[],[],[],[],8,,0.14,0.5,0.6,0.5,"['move_defog', 'move_rock-smash']",['land'],epic,fighting,,,medium_fast,177
866,"['tangled-feet', 'screen-cleaner', 'ice-body']",마임꽁꽁,[],[],[],[],8,1.5,0.14,0.5,0.6,0.5,[],['land'],epic,ice,psychic,58.2,medium_fast,182
867,['wandering-spirit'],데스판,[],[],[],[],8,1.6,0.2,0.5,0.6,0.5,['move_mean-look'],['land'],epic,ground,ghost,66.6,medium_fast,169
868,"['sweet-veil', 'aroma-veil']",마빌크,"['strawberry-sweet', 'berry-sweet', 'love-sweet', 'star-sweet', 'clover-sweet', 'flower-sweet', 'ribbon-sweet']","['0869', '0869', '0869', '0869', '0869', '0869', '0869']",[],[],8,0.2,0.62,1.0,0.35,0.0,[],['land'],common,fairy,,0.3,medium_fast,54
869,"['sweet-veil', 'aroma-veil']",마휘핑,[],[],[],[],8,0.3,0.31,1.0,0.45,0.0,[],['land'],rare,fairy,,0.5,medium_fast,173
0869-gmax,"['sweet-veil', 'aroma-veil']",마휘핑,[],[],[],[],8,30.0,0.31,1.0,0.45,0.0,[],['land'],rare,fairy,,1000.0,medium_fast,173
870,"['battle-armor', 'defiant']",대여르,[],[],[],[],8,3.0,0.14,0.0,0.35,0.0,['move_rock-smash'],['land'],common,fighting,,62.0,medium_fast,165
0870-mega,[],대여르,[],[],[],[],8,1.6,0.14,0.0,0.35,0.0,[],['land'],common,fighting,,99.0,medium_fast,165
871,"['lightning-rod', 'electric-surge']",찌르성게,[],[],[],[],8,0.3,0.23,0.5,0.35,0.5,['move_surf'],"['land','water']",common,electric,,1.0,medium_fast,152
872,"['shield-dust', 'ice-scales']",누니머기,['friendship_220+time_night'],['0873'],[],[],8,0.3,0.6,0.5,0.35,0.5,[],['land'],common,ice,bug,3.8,medium_fast,37
873,"['shield-dust', 'ice-scales']",모스노우,[],[],[],[],8,1.3,0.23,0.5,0.45,0.5,['move_defog'],['land'],rare,ice,bug,42.0,medium_fast,166
874,['power-spot'],돌헨진,[],[],[],[],8,2.5,0.19,0.5,0.45,0.5,[],['land'],rare,rock,,520.0,slow,165
875,['ice-face'],빙큐보,[],[],[],[],8,,0.19,0.5,0.35,0.5,"['move_surf', 'move_waterfall', 'move_dive']",['land'],common,ice,,,slow,165
0875-noice,['ice-face'],빙큐보,[],[],[],[],8,1.4,0.19,0.5,0.35,0.5,"['move_surf', 'move_waterfall', 'move_dive']",['land'],common,ice,,89.0,slow,165
876,"['inner-focus', 'synchronize', 'psychic-surge']",에써르,[],[],[],[],8,,0.1,0.5,0.35,0.5,[],['land'],common,psychic,normal,,fast,166
877,['hunger-switch'],모르페코,[],[],[],[],8,,0.57,0.5,0.35,0.5,[],['land'],common,electric,dark,,medium_fast,153
0877-hangry,['hunger-switch'],모르페코,[],[],[],[],8,0.3,0.57,0.5,0.35,0.5,[],['land'],common,electric,dark,3.0,medium_fast,153
878,"['sheer-force', 'heavy_metal']",끼리동,['candy_100'],['0879'],[],[],8,1.2,0.55,0.5,0.45,0.5,"['move_rock-smash', 'move_strength']",['land'],rare,steel,,100.0,medium_fast,66
879,"['sheer-force', 'heavy_metal']",대왕끼리동,[],[],[],[],8,3.0,0.2,0.5,0.6,0.5,"['move_rock-smash', 'move_strength']",['land'],epic,steel,,650.0,medium_fast,175
0879-gmax,"['sheer-force', 'heavy_metal']",대왕끼리동,[],[],[],[],8,23.0,0.2,0.5,0.6,0.5,[],['land'],epic,steel,,1000.0,medium_fast,175
880,"['volt-absorb', 'hustle', 'sand-rush']",파치래곤,[],[],[],[],8,1.8,0.14,0.0,0.45,0.0,[],['land'],rare,electric,dragon,190.0,slow,177
881,"['volt-absorb', 'static', 'slush-rush']",파치르돈,[],[],[],[],8,2.3,0.14,0.0,0.45,0.0,['move_surf'],['land'],rare,electric,ice,150.0,slow,177
882,"['water-absorb', 'strong-jaw', 'sand-rush']",어래곤,[],[],[],[],8,2.3,0.14,0.0,0.45,0.0,"['move_surf', 'move_waterfall', 'move_dive']","['land','water']",rare,water,dragon,215.0,slow,177
883,"['water-absorb', 'ice-body', 'slush-rush']",어치르돈,[],[],[],[],8,2.0,0.14,0.0,0.45,0.0,"['move_surf', 'move_waterfall', 'move_dive']","['land','water']",rare,water,ice,175.0,slow,177
884,"['light_metal', 'heavy_metal', 'stalwart']",두랄루돈,['metal-alloy'],['1018'],[],[],8,1.8,0.14,0.5,0.45,0.5,['move_rock-smash'],['land'],rare,steel,dragon,40.0,medium_fast,187
0884-gmax,"['light_metal', 'heavy_metal', 'stalwart']",두랄루돈,,['1018'],[],[],8,43.0,0.14,0.5,0.45,0.5,[],['land'],rare,steel,dragon,1000.0,medium_fast,187
885,"['clear-body', 'infiltrator', 'cursed-body']",드라꼰,['candy_50'],['0886'],[],[],8,0.5,0.14,0.5,0.45,0.5,[],"['land','water']",rare,dragon,ghost,2.0,slow,54
886,"['clear-body', 'infiltrator', 'cursed-body']",드래런치,['candy_100'],['0887'],[],[],8,1.4,0.14,0.5,0.45,0.5,"['move_surf', 'move_dive']","['land','water']",rare,dragon,ghost,11.0,slow,144
887,"['clear-body', 'infiltrator', 'cursed-body']",드래펄트,[],[],[],[],8,3.0,0.14,0.5,0.6,0.5,"['move_surf', 'move_dive', 'move_fly']","['land','water']",epic,dragon,ghost,50.0,slow,300
888,['intrepid-sword'],자시안,[],[],[],[],8,2.8,0.03,0.0,0.75,0.0,[],['land'],legendary,fairy,,110.0,slow,335
0888-crowned,['intrepid-sword'],자시안,[],[],[],[],8,2.8,0.03,0.0,0.75,0.0,[],['land'],legendary,fairy,steel,355.0,slow,335
889,['dauntless-shield'],자마젠타,[],[],[],[],8,2.9,0.03,0.0,0.75,0.0,[],['land'],legendary,fighting,,210.0,slow,335
0889-crowned,['dauntless-shield'],자마젠타,[],[],[],[],8,2.9,0.03,0.0,0.75,0.0,[],['land'],legendary,fighting,steel,785.0,slow,335
890,['pressure'],무한다이노,[],[],[],[],8,20.0,0.03,0.0,0.75,0.0,['move_fly'],"['land','water']",legendary,poison,dragon,950.0,slow,345
0890-eternamax,['pressure'],무한다이노,[],[],[],[],8,100.0,0.03,0.0,0.75,0.0,['move_fly'],"['land','water']",legendary,poison,dragon,0.0,slow,345
891,['inner-focus'],치고마,"['scroll-of-darkness', 'scroll-of-waters']","['0892', '0892-rapid-strike']",[],[],8,0.6,0.01,0.12,0.75,0.88,['move_rock-smash'],['land'],legendary,fighting,,12.0,slow,77
892,['unseen-fist'],우라오스,[],[],[],[],8,,0.01,0.12,0.75,0.88,['move_rock-smash'],['land'],legendary,fighting,dark,,slow,275
0892-rapid-strike,['unseen-fist'],우라오스,[],[],[],[],8,1.9,0.01,0.12,0.75,0.88,"['move_rock-smash', 'move_waterfall', 'move_dive']",['water'],legendary,fighting,water,105.0,slow,275
0892-single-strike-gmax,['unseen-fist'],우라오스,[],[],[],[],8,29.0,0.01,0.12,0.75,0.88,[],['land'],legendary,fighting,dark,1000.0,slow,275
0892-rapid-strike-gmax,['unseen-fist'],우라오스,[],[],[],[],8,26.0,0.01,0.12,0.75,0.88,[],['water'],legendary,fighting,water,1000.0,slow,275
893,['leaf-guard'],자루도,[],[],[],[],8,1.8,0.01,0.0,0.75,0.0,[],['land'],legendary,dark,grass,70.0,slow,300
0893-dada,['leaf-guard'],자루도,[],[],[],[],8,1.8,0.01,0.0,0.75,0.0,[],['land'],legendary,dark,grass,70.0,slow,300
894,['transistor'],레지에레키,[],[],[],[],8,1.2,0.01,0.0,0.75,0.0,[],['land'],legendary,electric,,145.0,slow,290
895,['dragons_maw'],레지드래고,[],[],[],[],8,2.1,0.01,0.0,0.75,0.0,[],['land'],legendary,dragon,,200.0,slow,290
896,['chilling-neigh'],블리자포스,[],[],[],[],8,2.2,0.01,0.0,0.75,0.0,[],['land'],legendary,ice,,800.0,slow,290
897,['grim-neigh'],레이스포스,[],[],[],[],8,2.0,0.01,0.0,0.75,0.0,[],['land'],legendary,ghost,,44.5,slow,290
898,['unnerve'],버드렉스,[],[],[],[],8,1.1,0.01,0.0,0.75,0.0,[],['land'],legendary,psychic,grass,7.7,slow,250
0898-ice,['as-one-glastrier'],버드렉스,[],[],[],[],8,2.4,0.01,0.0,0.75,0.0,[],['land'],legendary,psychic,ice,809.1,slow,250
0898-shadow,['as-one-spectrier'],버드렉스,[],[],[],[],8,2.4,0.01,0.0,0.75,0.0,[],['land'],legendary,psychic,ghost,53.6,slow,250
899,"['intimidate', 'frisk', 'sap-sipper']",신비록,[],[],[],[],8,1.8,0.2,0.5,0.6,0.5,[],['land'],epic,normal,psychic,95.1,slow,263
900,"['swarm', 'sheer-force', 'sharpness']",사마자르,[],[],[],[],8,1.8,0.2,0.5,0.6,0.5,[],['land'],epic,bug,rock,89.0,medium_fast,175
901,"['guts', 'bulletproof', 'unnerve']",다투곰,[],[],[],[],8,2.4,0.2,0.5,0.6,0.5,[],['land'],epic,ground,normal,290.0,medium_fast,275
0901-bloodmoon,['minds-eye'],다투곰,[],[],[],[],8,2.4,0.2,0.5,0.6,0.5,[],['land'],epic,ground,normal,290.0,medium_fast,275
902,"['swift-swim', 'adaptability', 'mold-breaker']",대쓰여너,[],[],[],[],8,,0.2,0.5,0.6,0.5,"['move_surf', 'move_waterfall']",['water'],epic,water,ghost,,medium_fast,265
903,"['pressure', 'unburden', 'poison-touch']",포푸니크,[],[],[],[],8,1.3,0.2,0.5,0.6,0.5,['move_rock-smash'],['land'],epic,fighting,poison,43.0,medium_slow,102
904,"['poison-point', 'swift-swim', 'intimidate']",장침바루,[],[],[],[],8,2.5,0.2,0.5,0.6,0.5,"['move_surf', 'move_waterfall']",['water'],epic,dark,poison,60.5,medium_fast,179
905,"['cute-charm', 'contrary']",러브로스,[],[],[],[],8,,0.01,1.0,0.75,0.0,['move_fly'],"['land','water']",legendary,fairy,flying,,slow,116
0905-therian,['overcoat'],러브로스,[],[],[],[],8,1.6,0.01,1.0,0.75,0.0,['move_fly'],"['land','water']",legendary,fairy,flying,48.0,slow,116
906,"['overgrow', 'protean']",나오하,['candy_50'],['0907'],[],[],9,0.4,0.14,0.12,0.6,0.88,[],['land'],epic,grass,,4.1,medium_slow,62
907,"['overgrow', 'protean']",나로테,['candy_100'],['0908'],[],[],9,0.9,0.14,0.12,0.6,0.88,[],['land'],epic,grass,,12.2,medium_slow,144
908,"['overgrow', 'protean']",마스카나,[],[],[],[],9,1.5,0.14,0.12,0.6,0.88,[],['land'],epic,grass,dark,31.2,medium_slow,265
909,"['blaze', 'unaware']",뜨아거,['candy_50'],['0910'],[],[],9,0.4,0.14,0.12,0.6,0.88,[],['land'],epic,fire,,9.8,medium_slow,62
910,"['blaze', 'unaware']",악뜨거,['candy_100'],['0911'],[],[],9,1.0,0.14,0.12,0.6,0.88,[],['land'],epic,fire,,30.7,medium_slow,144
911,"['blaze', 'unaware']",라우드본,[],[],[],[],9,1.6,0.14,0.12,0.6,0.88,[],['land'],epic,fire,ghost,326.5,medium_slow,265
912,"['torrent', 'moxie']",꾸왁스,['candy_50'],['0913'],[],[],9,0.5,0.14,0.12,0.6,0.88,['move_surf'],"['land','water']",epic,water,,6.1,medium_slow,62
913,"['torrent', 'moxie']",아꾸왁,['candy_100'],['0914'],[],[],9,1.2,0.14,0.12,0.6,0.88,['move_surf'],"['land','water']",epic,water,,21.5,medium_slow,144
914,"['torrent', 'moxie']",웨이니발,[],[],[],[],9,1.8,0.14,0.12,0.6,0.88,['move_surf'],"['land','water']",epic,water,fighting,61.9,medium_slow,265
915,"['aroma-veil', 'gluttony', 'thick-fat']",맛보돈,['candy_36'],['0916'],[],[],9,0.5,0.8,0.5,0.35,0.5,[],['land'],common,normal,,10.2,medium_fast,51
916,"['lingering-aroma', 'gluttony', 'thick-fat']",퍼퓨돈,[],[],[],[],9,,0.31,0.0,0.45,1.0,[],['land'],rare,normal,,,medium_fast,171
917,"['insomnia', 'stakeout']",타랜툴라,['candy_25'],['0918'],[],[],9,0.3,0.8,0.5,0.35,0.5,[],['land'],common,bug,,4.0,fluctuating,42
918,"['insomnia', 'stakeout']",트래피더,[],[],[],[],9,1.0,0.38,0.5,0.45,0.5,[],['land'],rare,bug,,16.5,fluctuating,141
919,"['swarm', 'tinted-lens']",콩알뚜기,['candy_25'],['0920'],[],[],9,0.2,0.6,0.5,0.35,0.5,[],['land'],common,bug,,1.0,medium_fast,42
920,"['swarm', 'tinted-lens']",엑스레그,[],[],[],[],9,1.0,0.1,0.5,0.45,0.5,[],['land'],rare,bug,dark,17.5,medium_fast,158
921,"['static', 'natural-cure', 'iron-fist']",빠모,['candy_25'],['0922'],[],[],9,0.3,0.6,0.5,0.35,0.5,[],['land'],common,electric,,2.5,medium_fast,48
922,"['volt-absorb', 'natural-cure', 'iron-fist']",빠모트,['candy_75'],['0923'],[],[],9,0.4,0.25,0.5,0.45,0.5,[],['land'],rare,electric,fighting,6.5,medium_fast,123
923,"['volt-absorb', 'natural-cure', 'iron-fist']",빠르모트,[],[],[],[],9,0.9,0.14,0.5,0.6,0.5,[],['land'],epic,electric,fighting,41.0,medium_fast,245
924,"['run-away', 'pickup', 'own-tempo']",두리쥐,['candy_45'],['0925'],[],[],9,0.3,0.47,0.0,0.35,0.0,[],['land'],common,normal,,1.8,fast,61
925,"['friend-guard', 'cheek-pouch', 'technician']",파밀리쥐,[],[],[],[],9,,0.23,0.0,0.45,0.0,[],['land'],rare,normal,,,fast,165
0925-family-of-three,"['friend-guard', 'cheek-pouch', 'technician']",파밀리쥐,[],[],[],[],9,0.3,0.23,0.0,0.45,0.0,[],['land'],rare,normal,,2.8,fast,165
926,"['own-tempo', 'klutz']",쫀도기,['candy_45'],['0927'],[],[],9,0.3,0.6,0.5,0.35,0.5,[],['land'],common,fairy,,10.9,medium_slow,62
927,"['well-baked-body', 'aroma-veil']",바우첼,[],[],[],[],9,0.5,0.28,0.5,0.45,0.5,[],['land'],rare,fairy,,14.9,medium_slow,167
928,"['early-bird', 'harvest']",미니브,['candy_45'],['0929'],[],[],9,0.3,0.8,0.5,0.35,0.5,[],['land'],common,grass,normal,6.5,medium_slow,52
929,"['early-bird', 'harvest']",올리뇨,['candy_75'],['0930'],[],[],9,0.6,0.38,0.5,0.45,0.5,[],['land'],rare,grass,normal,11.9,medium_slow,124
930,"['seed-sower', 'harvest']",올리르바,[],[],[],[],9,1.4,0.14,0.5,0.6,0.5,[],['land'],epic,grass,normal,48.2,medium_slow,255
931,"['intimidate', 'hustle', 'guts']",시비꼬,[],[],[],[],9,,0.6,0.5,0.35,0.5,['move_fly'],['land'],common,normal,flying,,fluctuating,146
0931-blue,"['intimidate', 'hustle', 'guts']",시비꼬,[],[],[],[],9,,0.6,0.5,0.35,0.5,['move_fly'],['land'],common,normal,flying,,fluctuating,146
0931-yellow,"['intimidate', 'hustle', 'sheer-force']",시비꼬,[],[],[],[],9,,0.6,0.5,0.35,0.5,['move_fly'],['land'],common,normal,flying,,fluctuating,146
0931-white,"['intimidate', 'hustle', 'sheer-force']",시비꼬,[],[],[],[],9,,0.6,0.5,0.35,0.5,['move_fly'],['land'],common,normal,flying,,fluctuating,146
932,"['purifying-salt', 'sturdy', 'clear-body']",베베솔트,['candy_35'],['0933'],[],[],9,0.4,0.8,0.5,0.35,0.5,[],['land'],common,rock,,16.0,medium_slow,56
933,"['purifying-salt', 'sturdy', 'clear-body']",스태솔트,['candy_70'],['0934'],[],[],9,0.6,0.38,0.5,0.45,0.5,[],['land'],rare,rock,,105.0,medium_slow,124
934,"['purifying-salt', 'sturdy', 'clear-body']",콜로솔트,[],[],[],[],9,2.3,0.14,0.5,0.6,0.5,[],['land'],epic,rock,,240.0,medium_slow,250
935,"['flash-fire', 'flame-body']",카르본,"['auspicious-armor', 'malicious-armor']","['0936', '0937']",[],[],9,0.6,0.28,0.5,0.35,0.5,[],['land'],common,fire,,10.5,slow,51
936,"['flash-fire', 'weak-armor']",카디나르마,[],[],[],[],9,1.5,0.08,0.5,0.45,0.5,[],['land'],rare,fire,psychic,85.0,slow,263
937,"['flash-fire', 'weak-armor']",파라블레이즈,[],[],[],[],9,1.6,0.08,0.5,0.45,0.5,[],['land'],rare,fire,ghost,62.0,slow,263
938,"['own-tempo', 'static', 'damp']",빈나두,['thunder-stone'],['0939'],[],[],9,0.3,0.6,0.5,0.35,0.5,[],['land'],common,electric,,0.4,medium_fast,54
939,"['electromorphosis', 'static', 'damp']",찌리배리,[],[],[],[],9,1.2,0.16,0.5,0.45,0.5,[],['land'],rare,electric,,113.0,medium_fast,173
940,"['wind-power', 'volt-absorb', 'competitive']",찌리비,['candy_50'],['0941'],[],[],9,0.4,0.57,0.5,0.35,0.5,['move_fly'],['land'],common,electric,flying,3.6,medium_slow,56
941,"['wind-power', 'volt-absorb', 'competitive']",찌리비크,[],[],[],[],9,1.4,0.28,0.5,0.45,0.5,['move_fly'],['land'],rare,electric,flying,38.6,medium_slow,172
942,"['intimidate', 'run-away', 'stakeout']",오라티프,['candy_50'],['0943'],[],[],9,0.5,0.47,0.5,0.35,0.5,[],['land'],common,dark,,16.0,medium_slow,68
943,"['intimidate', 'guard-dog', 'stakeout']",마피티프,[],[],[],[],9,1.1,0.23,0.5,0.45,0.5,[],['land'],rare,dark,,61.0,medium_slow,177
944,"['unburden', 'pickpocket', 'ptierster']",땃쭈르,['candy_36'],['0945'],[],[],9,0.2,0.6,0.5,0.35,0.5,[],['land'],common,poison,normal,0.7,medium_slow,58
945,"['unburden', 'poison-touch', 'ptierster']",태깅구르,[],[],[],[],9,0.7,0.28,0.5,0.45,0.5,[],['land'],rare,poison,normal,27.2,medium_slow,170
946,"['wind-rider', 'infiltrator']",그푸리,['candy_50'],['0947'],[],[],9,0.6,0.6,0.5,0.35,0.5,[],['land'],common,grass,ghost,0.6,medium_fast,55
947,"['wind-rider', 'infiltrator']",공푸리,[],[],[],[],9,1.2,0.14,0.5,0.45,0.5,[],['land'],rare,grass,ghost,6.0,medium_fast,168
948,"['mycelium_might', 'mycelium_might']",들눈해,['candy_50'],['0949'],[],[],9,0.9,0.6,0.5,0.35,0.5,[],['land'],common,ground,grass,33.0,medium_slow,67
949,"['mycelium_might', 'mycelium_might']",육파리,[],[],[],[],9,1.9,0.28,0.5,0.45,0.5,[],['land'],rare,ground,grass,58.0,medium_slow,180
950,"['anger-shell', 'shell-armor', 'regenerator']",절벼게,[],[],[],[],9,1.3,0.38,0.5,0.35,0.5,['move_rock-smash'],['land'],common,rock,,79.0,medium_fast,158
951,"['chlorophyll', 'insomnia', 'klutz']",캡싸이,['fire-stone'],['0952'],[],[],9,0.3,0.6,0.5,0.35,0.5,[],['land'],common,grass,,3.0,medium_fast,61
952,"['chlorophyll', 'insomnia', 'moody']",스코빌런,[],[],[],[],9,0.9,0.23,0.5,0.45,0.5,[],['land'],rare,grass,fire,15.0,medium_fast,170
953,"['compound-eyes', 'shed-skin']",구르데,['candy_35'],['0954'],[],[],9,0.2,0.6,0.5,0.35,0.5,[],['land'],common,bug,,1.0,fast,54
954,"['synchronize', 'telepathy']",베라카스,[],[],[],[],9,0.3,0.14,0.5,0.45,0.5,[],['land'],rare,bug,psychic,3.5,fast,165
955,"['anticipation', 'frisk', 'speed-boost']",하느라기,['candy_35'],['0956'],[],[],9,0.2,0.38,0.5,0.35,0.5,[],['land'],common,psychic,,1.5,medium_slow,51
956,"['opportunist', 'frisk', 'speed-boost']",클레스퍼트라,[],[],[],[],9,1.9,0.19,0.5,0.45,0.5,[],['land'],rare,psychic,,90.0,medium_slow,168
957,"['mold-breaker', 'own-tempo', 'pickpocket']",어리짱,['candy_50'],['0958'],[],[],9,0.4,0.6,1.0,0.35,0.0,['move_rock-smash'],['land'],common,fairy,steel,8.9,medium_slow,59
958,"['mold-breaker', 'own-tempo', 'pickpocket']",벼리짱,['candy_75'],['0959'],[],[],9,0.7,0.28,1.0,0.45,0.0,['move_rock-smash'],['land'],rare,fairy,steel,59.1,medium_slow,133
959,"['mold-breaker', 'own-tempo', 'pickpocket']",두드리짱,[],[],[],[],9,0.7,0.14,1.0,0.6,0.0,['move_rock-smash'],['land'],epic,fairy,steel,112.8,medium_slow,253
960,"['gooey', 'rattled', 'sand-veil']",바다그다,['candy_48'],['0961'],[],[],9,1.2,0.8,0.5,0.35,0.5,['move_surf'],['water'],common,water,,1.8,medium_fast,49
961,"['gooey', 'rattled', 'sand-veil']",바닥트리오,[],[],[],[],9,1.2,0.16,0.5,0.45,0.5,['move_surf'],['water'],rare,water,,5.4,medium_fast,149
962,"['big-pecks', 'keen-eye', 'rocky-payload']",떨구새,[],[],[],[],9,1.5,0.08,0.5,0.35,0.5,['move_fly'],['land'],common,flying,dark,42.9,slow,243
963,"['water-veil', 'water-veil']",맨돌핀,['candy_50'],['0964'],[],[],9,1.3,0.62,0.5,0.35,0.5,"['move_surf', 'move_waterfall', 'move_dive']",['water'],common,water,,60.2,slow,63
964,"['zero-to-hero', 'zero-to-hero']",돌핀맨,[],[],[],[],9,,0.14,0.5,0.45,0.5,"['move_surf', 'move_waterfall', 'move_dive']",['water'],rare,water,,,slow,160
0964-hero,"['zero-to-hero', 'zero-to-hero']",돌핀맨,[],[],[],[],9,1.8,0.14,0.5,0.45,0.5,"['move_surf', 'move_waterfall', 'move_dive']",['water'],rare,water,,97.4,slow,160
965,"['overcoat', 'slow-start']",부르롱,['candy_60'],['0966'],[],[],9,1.0,0.6,0.5,0.35,0.5,[],['land'],common,steel,poison,35.0,medium_fast,60
966,"['overcoat', 'filter']",부르르룸,[],[],[],[],9,1.8,0.23,0.5,0.45,0.5,[],['land'],rare,steel,poison,120.0,medium_fast,175
967,"['shed-skin', 'regenerator']",모토마,[],[],[],[],9,1.6,0.6,0.5,0.35,0.5,[],['land'],common,dragon,normal,63.0,medium_slow,175
968,"['earth-eater', 'sand-veil']",꿈트렁,[],[],[],[],9,2.5,0.08,0.5,0.35,0.5,[],['land'],common,steel,,310.0,slow,240
969,"['toxic-debris', 'corrosion']",초롱순,['candy_70'],['0970'],[],[],9,0.7,0.22,0.5,0.35,0.5,[],['land'],common,rock,poison,8.0,medium_slow,70
970,"['toxic-debris', 'corrosion']",킬라플로르,[],[],[],[],9,1.5,0.08,0.5,0.45,0.5,[],['land'],rare,rock,poison,45.0,medium_slow,184
0970-mega,[],킬라플로르,[],[],[],[],9,2.8,0.08,0.5,0.45,0.5,[],['land'],rare,rock,poison,77.0,medium_slow,184
971,"['pickup', 'fluffy']",망망이,['candy_50+time_night'],['0972'],[],[],9,0.6,0.38,0.5,0.35,0.5,[],['land'],common,ghost,,35.0,medium_slow,58
972,"['sand-rush', 'fluffy']",묘두기,[],[],[],[],9,2.0,0.19,0.5,0.45,0.5,[],['land'],rare,ghost,,15.0,medium_slow,171
973,"['scrappy', 'tangled-feet', 'costar']",꼬이밍고,[],[],[],[],9,1.6,0.31,0.5,0.35,0.5,['move_fly'],['land'],common,flying,fighting,37.0,medium_slow,175
974,"['thick-fat', 'snow-cloak', 'sheer-force']",터벅고래,['ice-stone'],['0975'],[],[],9,1.2,0.47,0.5,0.45,0.5,[],['land'],rare,ice,,45.0,medium_slow,67
975,"['thick-fat', 'slush-rush', 'sheer-force']",우락고래,[],[],[],[],9,4.5,0.16,0.5,0.6,0.5,[],['land'],epic,ice,,700.0,medium_slow,182
976,"['mold-breaker', 'sharpness']",가비루사,[],[],[],[],9,2.5,0.31,0.5,0.45,0.5,"['move_surf', 'move_waterfall']",['water'],rare,water,psychic,90.0,fast,167
977,"['unaware', 'oblivious', 'water-veil']",어써러셔,[],[],[],[],9,12.0,0.08,0.5,0.6,0.5,"['move_surf', 'move_waterfall', 'move_dive']",['water'],epic,water,,220.0,slow,265
978,"['commander', 'storm-drain']",싸리용,[],[],[],[],9,,0.2,0.5,0.6,0.5,['move_surf'],['water'],epic,dragon,water,,medium_slow,166
0978-droopy,"['commander', 'storm-drain']",싸리용,[],[],[],[],9,0.3,0.2,0.5,0.6,0.5,['move_surf'],['water'],epic,dragon,water,8.0,medium_slow,166
0978-stretchy,"['commander', 'storm-drain']",싸리용,[],[],[],[],9,0.3,0.2,0.5,0.6,0.5,['move_surf'],['water'],epic,dragon,water,8.0,medium_slow,166
0978-mega-curly,[],싸리용,[],[],[],[],9,,0.2,0.5,0.6,0.5,[],['water'],epic,dragon,water,,medium_slow,166
0978-mega-droopy,[],싸리용,[],[],[],[],9,,0.2,0.5,0.6,0.5,[],['water'],epic,dragon,water,,medium_slow,166
0978-mega-stretchy,[],싸리용,[],[],[],[],9,,0.2,0.5,0.6,0.5,[],['water'],epic,dragon,water,,medium_slow,166
979,"['vital-spirit', 'inner-focus', 'defiant']",저승갓숭,[],[],[],[],9,1.2,0.14,0.5,0.6,0.5,[],['land'],epic,fighting,ghost,56.0,medium_fast,268
980,"['poison-point', 'water-absorb', 'unaware']",토오,[],[],[],[],9,1.8,0.28,0.5,0.45,0.5,"['move_surf', 'move_waterfall']","['land','water']",rare,poison,ground,223.0,medium_fast,151
981,"['cud-chew', 'armor-tail', 'sap-sipper']",키키링,[],[],[],[],9,3.2,0.14,0.5,0.45,0.5,[],['land'],rare,normal,psychic,160.0,medium_fast,260
982,"['serene-grace', 'run-away', 'rattled']",노고고치,[],[],[],[],9,,0.14,0.5,0.45,0.5,[],['land'],rare,normal,,,medium_fast,182
0982-three-segment,"['serene-grace', 'run-away', 'rattled']",노고고치,[],[],[],[],9,4.5,0.14,0.5,0.45,0.5,[],['land'],rare,normal,,47.4,medium_fast,182
983,"['defiant', 'supreme-overlord', 'pressure']",대도각참,[],[],[],[],9,2.0,0.08,0.5,0.6,0.5,[],['land'],epic,dark,steel,120.0,medium_fast,275
984,['protosynthesis'],위대한엄니,[],[],[],[],9,2.2,0.1,0.0,0.6,0.0,[],['land'],epic,ground,fighting,320.0,slow,285
985,['protosynthesis'],우렁찬꼬리,[],[],[],[],9,1.2,0.16,0.0,0.6,0.0,[],['land'],epic,fairy,psychic,8.0,slow,285
986,['protosynthesis'],사나운버섯,[],[],[],[],9,1.2,0.16,0.0,0.6,0.0,[],['land'],epic,grass,dark,21.0,slow,285
987,['protosynthesis'],날개치는머리,[],[],[],[],9,1.4,0.1,0.0,0.6,0.0,['move_mean-look'],"['land','water']",epic,ghost,fairy,4.0,slow,285
988,['protosynthesis'],땅을기는날개,[],[],[],[],9,3.2,0.1,0.0,0.6,0.0,[],['land'],epic,bug,fighting,92.0,slow,285
989,['protosynthesis'],모래털가죽,[],[],[],[],9,2.3,0.1,0.0,0.6,0.0,[],['land'],epic,electric,ground,60.0,slow,285
990,['quark-drive'],무쇠바퀴,[],[],[],[],9,0.9,0.1,0.0,0.6,0.0,[],['land'],epic,ground,steel,240.0,slow,285
991,['quark-drive'],무쇠보따리,[],[],[],[],9,0.6,0.16,0.0,0.6,0.0,[],['water'],epic,ice,water,11.0,slow,285
992,['quark-drive'],무쇠손,[],[],[],[],9,1.8,0.16,0.0,0.6,0.0,[],['land'],epic,fighting,electric,380.7,slow,285
993,['quark-drive'],무쇠머리,[],[],[],[],9,,0.1,0.0,0.6,0.0,['move_fly'],"['land','water']",epic,dark,flying,,slow,285
994,['quark-drive'],무쇠독나방,[],[],[],[],9,1.2,0.1,0.0,0.6,0.0,[],"['land','water']",epic,fire,poison,36.0,slow,285
995,['quark-drive'],무쇠가시,[],[],[],[],9,1.6,0.1,0.0,0.6,0.0,[],['land'],epic,rock,electric,303.0,slow,285
996,"['thermal-exchange', 'ice-body']",드니차,['candy_50'],['0997'],[],[],9,0.5,0.14,0.5,0.35,0.5,[],['land'],common,dragon,ice,17.0,slow,64
997,"['thermal-exchange', 'ice-body']",드니꽁,['candy_100'],['0998'],[],[],9,0.8,0.08,0.5,0.45,0.5,[],['land'],rare,dragon,ice,30.0,slow,148
998,"['thermal-exchange', 'ice-body']",드닐레이브,[],[],[],[],9,2.1,0.03,0.5,0.6,0.5,[],['land'],epic,dragon,ice,210.0,slow,300
999,['rattled'],모으령,['gimmighoul-coin-999'],['1000'],[],[],9,0.3,0.14,0.0,0.45,0.0,[],['land'],rare,ghost,,5.0,slow,60
0999-roaming,"['run-away', 'run-away']",모으령,['other'],['1000'],[],[],9,0.1,0.14,0.0,0.45,0.0,[],['land'],rare,ghost,,1.0,slow,60
1000,['good-as-gold'],타부자고,[],[],[],[],9,1.2,0.14,0.0,0.6,0.0,[],['land'],epic,steel,ghost,30.0,slow,275
1001,['tablets-of-ruin'],총지엔,[],[],[],[],9,1.5,0.02,0.0,0.75,0.0,['move_mean-look'],['land'],legendary,dark,grass,74.2,slow,285
1002,['sword-of-ruin'],파오젠,[],[],[],[],9,1.9,0.02,0.0,0.75,0.0,['move_mean-look'],['land'],legendary,dark,ice,152.2,slow,285
1003,['vessel-of-ruin'],딩루,[],[],[],[],9,2.7,0.02,0.0,0.75,0.0,['move_mean-look'],['land'],legendary,dark,ground,699.7,slow,285
1004,['beads-of-ruin'],위유이,[],[],[],[],9,0.4,0.02,0.0,0.75,0.0,['move_mean-look'],"['land','water']",legendary,dark,fire,4.9,slow,285
1005,['protosynthesis'],고동치는달,[],[],[],[],9,2.0,0.03,0.0,0.6,0.0,['move_fly'],"['land','water']",epic,dragon,dark,380.0,slow,295
1006,['quark-drive'],무쇠무인,[],[],[],[],9,1.4,0.03,0.0,0.6,0.0,[],['land'],epic,fairy,fighting,35.0,slow,295
1007,['orichalcum-pulse'],코라이돈,[],[],[],[],9,2.5,0.01,0.0,0.75,0.0,['move_rock-smash'],['land'],legendary,fighting,dragon,303.0,slow,335
1007-limited-build,"['orichalcum-pulse', 'orichalcum-pulse']",코라이돈,[],[],[],[],9,3.5,0.01,0.0,0.75,0.0,['move_rock-smash'],['land'],legendary,fighting,dragon,303.0,slow,335
1007-sprinting-build,"['orichalcum-pulse', 'orichalcum-pulse']",코라이돈,[],[],[],[],9,3.5,0.01,0.0,0.75,0.0,['move_rock-smash'],['land'],legendary,fighting,dragon,303.0,slow,335
1007-swimming-build,"['orichalcum-pulse', 'orichalcum-pulse']",코라이돈,[],[],[],[],9,3.5,0.01,0.0,0.75,0.0,['move_rock-smash'],['land'],legendary,fighting,dragon,303.0,slow,335
1007-gliding-build,"['orichalcum-pulse', 'orichalcum-pulse']",코라이돈,[],[],[],[],9,3.5,0.01,0.0,0.75,0.0,['move_rock-smash'],['land'],legendary,fighting,dragon,303.0,slow,335
1008,['hadron-engine'],미라이돈,[],[],[],[],9,3.5,0.01,0.0,0.75,0.0,[],"['land','water']",legendary,electric,dragon,240.0,slow,335
1008-low-power-mode,"['hadron-engine', 'hadron-engine']",미라이돈,[],[],[],[],9,2.8,0.01,0.0,0.75,0.0,[],"['land','water']",legendary,electric,dragon,240.0,slow,335
1008-drive-mode,"['hadron-engine', 'hadron-engine']",미라이돈,[],[],[],[],9,2.8,0.01,0.0,0.75,0.0,[],"['land','water']",legendary,electric,dragon,240.0,slow,335
1008-aquatic-mode,"['hadron-engine', 'hadron-engine']",미라이돈,[],[],[],[],9,2.8,0.01,0.0,0.75,0.0,[],"['land','water']",legendary,electric,dragon,240.0,slow,335
1008-glide-mode,"['hadron-engine', 'hadron-engine']",미라이돈,[],[],[],[],9,2.8,0.01,0.0,0.75,0.0,[],"['land','water']",legendary,electric,dragon,240.0,slow,335
1009,['protosynthesis'],굽이치는물결,[],[],[],[],9,3.5,0.02,0.0,0.6,0.0,"['move_surf', 'move_waterfall']","['land','water']",epic,water,dragon,280.0,slow,295
1010,['quark-drive'],무쇠잎새,[],[],[],[],9,1.5,0.02,0.0,0.6,0.0,[],['land'],epic,grass,psychic,125.0,slow,295
1011,"['supersweet-syrup', 'gluttony', 'sticky-hold']",과미르,['move_dragon-cheer'],['1019'],[],[],9,0.4,0.14,0.0,0.6,0.0,[],['land'],epic,grass,dragon,9.7,slow,170
1012,"['hospitality', 'heatproof']",차데스,"['masterpiece-teacup', 'unremarkable-teacup']",['1013'],[],[],9,0.1,0.2,0.0,0.6,0.0,[],['land'],epic,grass,ghost,1.1,slow,62
1013,"['hospitality', 'heatproof']",그우린차,[],[],[],[],9,0.2,0.19,0.0,0.6,0.0,[],['land'],epic,grass,ghost,2.2,slow,178
1014,"['toxic-chain', 'guard-dog']",조타구,[],[],[],[],9,1.8,0.01,0.0,0.75,0.0,[],['land'],legendary,poison,fighting,92.2,slow,278
1015,"['toxic-chain', 'frisk']",이야후,[],[],[],[],9,1.0,0.01,0.0,0.75,0.0,[],['land'],legendary,poison,psychic,12.2,slow,278
1016,"['toxic-chain', 'technician']",기로치,[],[],[],[],9,1.4,0.01,0.0,0.75,0.0,['move_fly'],['land'],legendary,poison,fairy,30.1,slow,278
1017,['defiant'],오거폰,[],[],[],[],9,1.2,0.02,0.0,0.75,0.0,[],['land'],legendary,grass,,39.8,slow,275
1017-wellspring,['water-absorb'],오거폰,[],[],[],[],9,,0.02,0.0,0.75,0.0,[],['water'],legendary,grass,water,,slow,275
1017-hearthflame,['mold-breaker'],오거폰,[],[],[],[],9,,0.02,0.0,0.75,0.0,[],['land'],legendary,grass,fire,,slow,275
1017-cornerstone,['sturdy'],오거폰,[],[],[],[],9,,0.02,0.0,0.75,0.0,[],['land'],legendary,grass,rock,,slow,275
1018,"['stamina', 'sturdy', 'stalwart']",브리두라스,[],[],[],[],9,2.0,0.03,0.5,0.6,0.5,['move_rock-smash'],['land'],epic,steel,dragon,60.0,medium_fast,300
1019,"['supersweet-syrup', 'regenerator', 'sticky-hold']",과미드라,[],[],[],[],9,1.8,0.03,0.5,0.6,0.5,[],['land'],epic,grass,dragon,93.0,fluctuating,270
1020,['protosynthesis'],꿰뚫는화염,[],[],[],[],9,3.5,0.03,0.0,0.6,0.0,[],['land'],epic,fire,dragon,590.0,slow,295
1021,['protosynthesis'],날뛰는우레,[],[],[],[],9,5.2,0.03,0.0,0.6,0.0,[],['land'],epic,electric,dragon,480.0,slow,295
1022,['quark-drive'],무쇠암석,[],[],[],[],9,1.5,0.03,0.0,0.6,0.0,[],['land'],epic,rock,psychic,162.5,slow,295
1023,['quark-drive'],무쇠감투,[],[],[],[],9,1.6,0.03,0.0,0.6,0.0,[],['land'],epic,steel,psychic,156.0,slow,295
1024,['tera-shift'],테라파고스,[],[],[],[],9,0.2,0.03,0.0,0.75,0.0,['move_surf'],['land'],legendary,normal,,6.5,slow,90
1024-terastal,['tera-shell'],테라파고스,[],[],[],[],9,0.3,0.03,0.0,0.75,0.0,['move_surf'],['land'],legendary,normal,,16.0,slow,90
1024-stellar,['teraform-zero'],테라파고스,[],[],[],[],9,1.7,0.03,0.0,0.75,0.0,['move_surf'],['land'],legendary,normal,,77.0,slow,90
1025,['poison-puppeteer'],복숭악동,[],[],[],[],9,0.3,0.01,0.0,0.75,0.0,['move_mean-look'],"['land','water']",legendary,poison,ghost,0.3,slow,300
