id,ability,comment,evol_cost,evol_next,form_cost,form_next,generation,height_m,rate_capture,rate_female,rate_flee,rate_male,rate_spawn,skills,spawn,tier,type1,type2,weight_kg
0001,"['overgrow', 'chlorophyll']",이상해씨,['candy_50'],['0002'],[],[],1,0.7,0.18,0.12,0.3,0.88,50,"['move_flash', 'move_cut', 'move_rock-smash', 'move_strength']",['land'],epic,grass,poison,6.9
0002,"['overgrow', 'chlorophyll']",이상해풀,['candy_100'],['0003'],[],[],1,1.0,0.18,0.12,0.3,0.88,50,"['move_flash', 'move_cut', 'move_rock-smash', 'move_strength']",['land'],epic,grass,poison,13.0
0003,"['overgrow', 'chlorophyll']",이상해꽃,[],[],[],[],1,2.0,0.18,0.12,0.3,0.88,50,"['move_flash', 'move_cut', 'move_rock-smash', 'move_strength']",['land'],epic,grass,poison,100.0
0003-mega,['thick-fat'],이상해꽃,[],[],[],[],1,2.4,0.18,0.12,0.3,0.88,50,"['move_flash', 'move_cut', 'move_rock-smash', 'move_strength']",['land'],epic,grass,poison,155.5
0003-gmax,"['overgrow', 'chlorophyll']",이상해꽃,[],[],[],[],1,24.0,0.18,0.12,0.3,0.88,50,[],['land'],epic,grass,poison,1000.0
0004,"['blaze', 'solar-power']",파이리,['candy_50'],['0005'],[],[],1,0.6,0.18,0.12,0.3,0.88,50,"['move_cut', 'move_rock-smash', 'move_strength']",['land'],epic,fire,,8.5
0005,"['blaze', 'solar-power']",리자드,['candy_100'],['0006'],[],[],1,1.1,0.18,0.12,0.3,0.88,50,"['move_cut', 'move_rock-smash', 'move_strength']",['land'],epic,fire,,19.0
0006,"['blaze', 'solar-power']",리자몽,[],[],[],[],1,1.7,0.18,0.12,0.3,0.88,50,"['move_defog', 'move_cut', 'move_rock-smash', 'move_strength', 'move_fly']",['land'],epic,fire,flying,90.5
0006-mega-x,['tough-claws'],리자몽,[],[],[],[],1,1.7,0.18,0.12,0.3,0.88,50,"['move_defog', 'move_cut', 'move_rock-smash', 'move_strength', 'move_fly']",['land'],epic,fire,dragon,110.5
0006-mega-y,['drought'],리자몽,[],[],[],[],1,1.7,0.18,0.12,0.3,0.88,50,"['move_defog', 'move_cut', 'move_rock-smash', 'move_strength', 'move_fly']",['land'],epic,fire,flying,100.5
0006-gmax,"['blaze', 'solar-power']",리자몽,[],[],[],[],1,28.0,0.18,0.12,0.3,0.88,50,[],['land'],epic,fire,flying,1000.0
0007,"['torrent', 'rain-dish']",꼬부기,['candy_50'],['0008'],[],[],1,0.5,0.18,0.12,0.3,0.88,50,"['move_surf', 'move_rock-smash', 'move_strength', 'move_waterfall', 'move_dive']",['water'],epic,water,,9.0
0008,"['torrent', 'rain-dish']",어니부기,['candy_100'],['0009'],[],[],1,1.0,0.18,0.12,0.3,0.88,50,"['move_surf', 'move_rock-smash', 'move_strength', 'move_waterfall', 'move_dive']",['water'],epic,water,,22.5
0009,"['torrent', 'rain-dish']",거북왕,[],[],[],[],1,1.6,0.18,0.12,0.3,0.88,50,"['move_surf', 'move_rock-smash', 'move_strength', 'move_waterfall', 'move_dive']",['water'],epic,water,,85.5
0009-mega,['mega-launcher'],거북왕,[],[],[],[],1,1.6,0.18,0.12,0.3,0.88,50,"['move_surf', 'move_rock-smash', 'move_strength', 'move_waterfall', 'move_dive']",['water'],epic,water,,101.1
0009-gmax,"['torrent', 'rain-dish']",거북왕,[],[],[],[],1,25.0,0.18,0.12,0.3,0.88,50,[],['water'],epic,water,,1000.0
0010,"['shield-dust', 'run-away']",캐터피,['candy_25'],['0011'],[],[],1,0.3,1.0,0.5,0.3,0.5,50,[],['land'],common,bug,,2.9
0011,['shed-skin'],단데기,['candy_50'],['0012'],[],[],1,0.7,0.47,0.5,0.3,0.5,50,[],['land'],rare,bug,,9.9
0012,"['compound-eyes', 'tinted-lens']",버터플,[],[],[],[],1,1.1,0.18,0.5,0.3,0.5,50,"['move_flash', 'move_defog']",['land'],epic,bug,flying,32.0
0012-gmax,"['compound-eyes', 'tinted-lens']",버터플,[],[],[],[],1,17.0,0.18,0.5,0.3,0.5,50,[],['land'],epic,bug,flying,1000.0
0013,"['shield-dust', 'run-away']",뿔충이,['candy_25'],['0014'],[],[],1,0.3,1.0,0.5,0.3,0.5,50,[],['land'],common,bug,poison,3.2
0014,['shed-skin'],딱충이,['candy_50'],['0015'],[],[],1,0.6,0.47,0.5,0.3,0.5,50,[],['land'],rare,bug,poison,10.0
0015,"['swarm', 'sniper']",독침붕,[],[],[],[],1,1.0,0.18,0.5,0.3,0.5,50,"['move_flash', 'move_defog', 'move_cut', 'move_rock-smash']",['land'],epic,bug,poison,29.5
0015-mega,['adaptability'],독침붕,[],[],[],[],1,1.4,0.18,0.5,0.3,0.5,50,"['move_flash', 'move_defog', 'move_cut', 'move_rock-smash']",['land'],epic,bug,poison,40.5
0016,"['keen-eye', 'tangled-feet', 'big-pecks']",구구,['candy_35'],['0017'],[],[],1,0.3,1.0,0.5,0.3,0.5,50,"['move_defog', 'move_fly']",['land'],common,normal,flying,1.8
0017,"['keen-eye', 'tangled-feet', 'big-pecks']",피죤,['candy_60'],['0018'],[],[],1,1.1,0.47,0.5,0.3,0.5,50,"['move_defog', 'move_fly']",['land'],rare,normal,flying,30.0
0018,"['keen-eye', 'tangled-feet', 'big-pecks']",피죤투,[],[],[],[],1,1.5,0.18,0.5,0.3,0.5,50,"['move_defog', 'move_fly']",['land'],epic,normal,flying,39.5
0018-mega,['no-guard'],피죤투,[],[],[],[],1,2.2,0.18,0.5,0.3,0.5,50,"['move_defog', 'move_fly']",['land'],epic,normal,flying,50.5
0019,"['run-away', 'guts', 'hustle']",꼬렛,['candy_35'],['0020'],[],[],1,0.3,1.0,0.5,0.3,0.5,50,"['move_cut', 'move_rock-smash']",['land'],common,normal,,3.5
0019_alola,"['gluttony', 'hustle', 'thick-fat']",꼬렛,['candy_35'],['0020_alola'],[],[],1,0.3,1.0,0.5,0.3,0.5,50,[],['land'],common,dark,normal,3.8
0020,"['run-away', 'guts', 'hustle']",레트라,[],[],[],[],1,0.7,0.5,0.5,0.3,0.5,50,"['move_cut', 'move_rock-smash', 'move_strength']",['land'],rare,normal,,18.5
0020_alola,"['gluttony', 'hustle', 'thick-fat']",레트라,[],[],[],[],1,0.7,0.5,0.5,0.3,0.5,50,[],['land'],rare,dark,normal,25.5
0021,"['keen-eye', 'sniper']",깨비참,['candy_40'],['0022'],[],[],1,0.3,1.0,0.5,0.3,0.5,50,"['move_defog', 'move_fly']",['land'],common,normal,flying,2.0
0022,"['keen-eye', 'sniper']",깨비드릴조,[],[],[],[],1,1.2,0.35,0.5,0.3,0.5,50,"['move_defog', 'move_fly']",['land'],rare,normal,flying,38.0
0023,"['intimidate', 'shed-skin', 'unnerve']",아보,['candy_50'],['0024'],[],[],1,2.0,1.0,0.5,0.3,0.5,50,['move_strength'],['land'],common,poison,,6.9
0024,"['intimidate', 'shed-skin', 'unnerve']",아보크,[],[],[],[],1,3.5,0.35,0.5,0.3,0.5,50,['move_strength'],['land'],rare,poison,,65.0
0025,"['static', 'lightning-rod']",피카츄,['thunder-stone'],['0026'],[],[],1,0.4,0.75,0.5,0.3,0.5,50,"['move_surf', 'move_flash', 'move_rock-smash', 'move_strength']",['land'],rare,electric,,6.0
0025-rock-star,"['static', 'lightning-rod']",피카츄,['thunder-stone'],['0026'],[],[],1,0.4,0.75,0.5,0.3,0.5,50,"['move_flash', 'move_rock-smash', 'move_strength']",['land'],rare,electric,,6.0
0025-belle,"['static', 'lightning-rod']",피카츄,['thunder-stone'],['0026'],[],[],1,0.4,0.75,0.5,0.3,0.5,50,"['move_flash', 'move_rock-smash', 'move_strength']",['land'],rare,electric,,6.0
0025-pop-star,"['static', 'lightning-rod']",피카츄,['thunder-stone'],['0026'],[],[],1,0.4,0.75,0.5,0.3,0.5,50,"['move_flash', 'move_rock-smash', 'move_strength']",['land'],rare,electric,,6.0
0025-phd,"['static', 'lightning-rod']",피카츄,['thunder-stone'],['0026'],[],[],1,0.4,0.75,0.5,0.3,0.5,50,"['move_flash', 'move_rock-smash', 'move_strength']",['land'],rare,electric,,6.0
0025-libre,"['static', 'lightning-rod']",피카츄,['thunder-stone'],['0026'],[],[],1,0.4,0.75,0.5,0.3,0.5,50,"['move_flash', 'move_rock-smash', 'move_strength']",['land'],rare,electric,,6.0
0025-cosplay,"['static', 'lightning-rod']",피카츄,['thunder-stone'],['0026'],[],[],1,0.4,0.75,0.5,0.3,0.5,50,"['move_flash', 'move_rock-smash', 'move_strength']",['land'],rare,electric,,6.0
0025-original-cap,"['static', 'lightning-rod']",피카츄,['thunder-stone'],['0026'],[],[],1,0.4,0.75,0.5,0.3,0.5,50,['move_surf'],['land'],rare,electric,,6.0
0025-hoenn-cap,"['static', 'lightning-rod']",피카츄,['thunder-stone'],['0026'],[],[],1,0.4,0.75,0.5,0.3,0.5,50,['move_surf'],['land'],rare,electric,,6.0
0025-sinnoh-cap,"['static', 'lightning-rod']",피카츄,['thunder-stone'],['0026'],[],[],1,0.4,0.75,0.5,0.3,0.5,50,['move_surf'],['land'],rare,electric,,6.0
0025-unova-cap,"['static', 'lightning-rod']",피카츄,['thunder-stone'],['0026'],[],[],1,0.4,0.75,0.5,0.3,0.5,50,['move_surf'],['land'],rare,electric,,6.0
0025-kalos-cap,"['static', 'lightning-rod']",피카츄,['thunder-stone'],['0026'],[],[],1,0.4,0.75,0.5,0.3,0.5,50,['move_surf'],['land'],rare,electric,,6.0
0025_alola-cap,"['static', 'lightning-rod']",피카츄,['thunder-stone'],['0026'],[],[],1,0.4,0.75,0.5,0.3,0.5,50,['move_surf'],['land'],rare,electric,,6.0
0025-partner-cap,"['static', 'lightning-rod']",피카츄,['thunder-stone'],['0026'],[],[],1,0.4,0.75,0.5,0.3,0.5,50,['move_surf'],['land'],rare,electric,,6.0
0025-starter,"['static', 'lightning-rod']",피카츄,['thunder-stone'],['0026'],[],[],1,0.4,0.75,0.5,0.3,0.5,50,[],['land'],rare,electric,,6.0
0025-world-cap,"['static', 'lightning-rod']",피카츄,['thunder-stone'],['0026'],[],[],1,0.4,0.75,0.5,0.3,0.5,50,['move_surf'],['land'],rare,electric,,6.0
0025-gmax,"['static', 'lightning-rod']",피카츄,['thunder-stone'],['0026'],[],[],1,21.0,0.75,0.5,0.3,0.5,50,[],['land'],rare,electric,,1000.0
0026,"['static', 'lightning-rod']",라이츄,[],[],[],[],1,0.8,0.29,0.5,0.3,0.5,50,"['move_surf', 'move_flash', 'move_rock-smash', 'move_strength']",['land'],epic,electric,,30.0
0026_alola,['surge-surfer'],라이츄,[],[],[],[],1,0.7,0.29,0.5,0.3,0.5,50,['move_surf'],['land'],epic,electric,psychic,21.0
0026-mega-x,[],라이츄,[],[],[],[],1,1.2,0.29,0.5,0.3,0.5,50,[],['land'],epic,electric,,38.0
0026-mega-y,[],라이츄,[],[],[],[],1,1.0,0.29,0.5,0.3,0.5,50,[],['land'],epic,electric,,26.0
0027,"['sand-veil', 'sand-rush']",모래두지,['candy_50'],['0028'],[],[],1,0.6,1.0,0.5,0.3,0.5,50,"['move_cut', 'move_rock-smash', 'move_strength']",['land'],common,ground,,12.0
0027_alola,"['snow-cloak', 'slush-rush']",모래두지,['ice-stone'],['0028_alola'],[],[],1,0.7,1.0,0.5,0.3,0.5,50,[],['land'],common,ice,steel,40.0
0028,"['sand-veil', 'sand-rush']",고지,[],[],[],[],1,1.0,0.35,0.5,0.3,0.5,50,"['move_cut', 'move_rock-smash', 'move_strength']",['land'],rare,ground,,29.5
0028_alola,"['snow-cloak', 'slush-rush']",고지,[],[],[],[],1,1.2,0.35,0.5,0.3,0.5,50,[],['land'],rare,ice,steel,55.0
0029,"['poison-point', 'rivalry', 'hustle']",니드런♀,['candy_50'],['0030'],[],[],1,0.4,0.92,1.0,0.3,0.0,50,"['move_cut', 'move_rock-smash', 'move_strength']",['land'],common,poison,,7.0
0030,"['poison-point', 'rivalry', 'hustle']",니드리나,['moon-stone'],['0031'],[],[],1,0.8,0.47,1.0,0.3,0.0,50,"['move_cut', 'move_rock-smash', 'move_strength']",['land'],rare,poison,,20.0
0031,"['poison-point', 'rivalry', 'sheer-force']",니드퀸,[],[],[],[],1,1.3,0.18,1.0,0.3,0.0,50,"['move_surf', 'move_cut', 'move_rock-smash', 'move_strength']",['land'],epic,poison,ground,60.0
0032,"['poison-point', 'rivalry', 'hustle']",니드런♂,['candy_50'],['0033'],[],[],1,0.5,0.92,0.0,0.3,1.0,50,"['move_cut', 'move_rock-smash', 'move_strength']",['land'],common,poison,,9.0
0033,"['poison-point', 'rivalry', 'hustle']",니드리노,['moon-stone'],['0034'],[],[],1,0.9,0.47,0.0,0.3,1.0,50,"['move_cut', 'move_rock-smash', 'move_strength']",['land'],rare,poison,,19.5
0034,"['poison-point', 'rivalry', 'sheer-force']",니드킹,[],[],[],[],1,1.4,0.18,0.0,0.3,1.0,50,"['move_surf', 'move_cut', 'move_rock-smash', 'move_strength']",['land'],epic,poison,ground,62.0
0035,"['cute-charm', 'magic-guard', 'friend-guard']",삐삐,['moon-stone'],['0036'],[],[],1,0.6,0.59,0.75,0.3,0.25,50,"['move_flash', 'move_rock-smash', 'move_strength']",['land'],rare,fairy,,7.5
0036,"['cute-charm', 'magic-guard', 'unaware']",픽시,[],[],[],[],1,1.3,0.1,0.75,0.3,0.25,50,"['move_flash', 'move_rock-smash', 'move_strength']",['land'],epic,fairy,,40.0
0036-mega,[],픽시,[],[],[],[],1,1.7,0.1,0.75,0.3,0.25,50,[],['land'],epic,fairy,flying,42.3
0037,"['flash-fire', 'drought']",식스테일,['fire-stone'],['0038'],[],[],1,0.6,0.75,0.75,0.3,0.25,50,[],['land'],rare,fire,,9.9
0037_alola,"['snow-cloak', 'snow-warning']",식스테일,['ice-stone'],['0038_alola'],[],[],1,0.6,0.75,0.75,0.3,0.25,50,[],['land'],rare,ice,,9.9
0038,"['flash-fire', 'drought']",나인테일,[],[],[],[],1,1.1,0.29,0.75,0.3,0.25,50,[],['land'],epic,fire,,19.9
0038_alola,"['snow-cloak', 'snow-warning']",나인테일,[],[],[],[],1,1.1,0.29,0.75,0.3,0.25,50,[],['land'],epic,ice,fairy,19.9
0039,"['cute-charm', 'competitive', 'friend-guard']",푸린,['moon-stone'],['0040'],[],[],1,0.5,0.67,0.75,0.3,0.25,50,"['move_flash', 'move_strength']",['land'],rare,normal,fairy,5.5
0040,"['cute-charm', 'competitive', 'frisk']",푸크린,[],[],[],[],1,1.0,0.2,0.75,0.3,0.25,50,"['move_flash', 'move_strength']",['land'],epic,normal,fairy,12.0
0041,"['inner-focus', 'infiltrator']",주뱃,['candy_50'],['0042'],[],[],1,0.8,1.0,0.5,0.3,0.5,50,"['move_mean-look', 'move_defog', 'move_fly']",['land'],common,poison,flying,7.5
0042,"['inner-focus', 'infiltrator']",골뱃,['friendship_220'],['0169'],[],[],1,1.6,0.35,0.5,0.3,0.5,50,"['move_mean-look', 'move_defog', 'move_fly']",['land'],rare,poison,flying,55.0
0043,"['chlorophyll', 'run-away']",뚜벅쵸,['candy_50'],['0044'],[],[],1,0.5,1.0,0.5,0.3,0.5,50,"['move_flash', 'move_cut']",['land'],common,grass,poison,5.4
0044,"['chlorophyll', 'stench']",냄새꼬,"['leaf-stone', 'sun-stone']","['0045', '0182']",[],[],1,0.8,0.47,0.5,0.3,0.5,50,"['move_flash', 'move_cut']",['land'],rare,grass,poison,8.6
0045,"['chlorophyll', 'effect-spore']",라플레시아,[],[],[],[],1,1.2,0.18,0.5,0.3,0.5,50,"['move_flash', 'move_cut']",['land'],epic,grass,poison,18.6
0046,"['effect-spore', 'dry-skin', 'damp']",파라스,['candy_35'],['0047'],[],[],1,0.3,0.75,0.5,0.3,0.5,50,"['move_flash', 'move_cut', 'move_rock-smash']",['land'],common,bug,grass,5.4
0047,"['effect-spore', 'dry-skin', 'damp']",파라섹트,[],[],[],[],1,1.0,0.29,0.5,0.3,0.5,50,"['move_flash', 'move_cut', 'move_rock-smash']",['land'],rare,bug,grass,29.5
0048,"['compound-eyes', 'tinted-lens', 'run-away']",콘팡,['candy_35'],['0049'],[],[],1,1.0,0.75,0.5,0.3,0.5,50,['move_flash'],['land'],common,bug,poison,30.0
0049,"['shield-dust', 'tinted-lens', 'wonder-skin']",도나리,[],[],[],[],1,1.5,0.29,0.5,0.3,0.5,50,"['move_flash', 'move_defog']",['land'],rare,bug,poison,12.5
0050,"['sand-veil', 'arena-trap', 'sand-force']",디그다,['candy_35'],['0051'],[],[],1,0.2,1.0,0.5,0.3,0.5,50,"['move_cut', 'move_rock-smash']",['land'],common,ground,,0.8
0050_alola,"['sand-veil', 'tangling-hair', 'sand-force']",디그다,['candy_35'],['0051_alola'],[],[],1,0.2,1.0,0.5,0.3,0.5,50,[],['land'],common,ground,steel,1.0
0051,"['sand-veil', 'arena-trap', 'sand-force']",닥트리오,[],[],[],[],1,0.7,0.2,0.5,0.3,0.5,50,"['move_cut', 'move_rock-smash']",['land'],rare,ground,,33.3
0051_alola,"['sand-veil', 'tangling-hair', 'sand-force']",닥트리오,[],[],[],[],1,0.7,0.2,0.5,0.3,0.5,50,[],['land'],rare,ground,steel,66.6
0052,"['pickup', 'technician', 'unnerve']",나옹,['candy_50'],['0053'],[],[],1,0.4,1.0,0.5,0.3,0.5,50,"['move_flash', 'move_cut']",['land'],common,normal,,4.2
0052_alola,"['pickup', 'technician', 'rattled']",나옹,['candy_50'],['0053_alola'],[],[],1,0.4,1.0,0.5,0.3,0.5,50,[],['land'],common,dark,,4.2
0052_galar,"['pickup', 'tough-claws', 'unnerve']",나옹,['candy_50'],['0863'],[],[],1,0.4,1.0,0.5,0.3,0.5,50,[],['land'],common,steel,,7.5
0052-gmax,"['pickup', 'technician', 'unnerve']",나옹,,,[],[],1,33.0,1.0,0.5,0.3,0.5,50,[],['land'],common,normal,,1000.0
0053,"['limber', 'technician', 'unnerve']",페르시온,[],[],[],[],1,1.0,0.35,0.5,0.3,0.5,50,"['move_flash', 'move_cut']",['land'],rare,normal,,32.0
0053_alola,"['fur-coat', 'technician', 'rattled']",페르시온,[],[],[],[],1,1.1,0.35,0.5,0.3,0.5,50,[],['land'],rare,dark,,33.0
0054,"['damp', 'cloud-nine', 'swift-swim']",고라파덕,['candy_50'],['0055'],[],[],1,0.8,0.75,0.5,0.3,0.5,50,"['move_surf', 'move_flash', 'move_rock-smash', 'move_strength', 'move_waterfall', 'move_dive']",['water'],common,water,,19.6
0055,"['damp', 'cloud-nine', 'swift-swim']",골덕,[],[],[],[],1,1.7,0.29,0.5,0.3,0.5,50,"['move_surf', 'move_flash', 'move_rock-smash', 'move_strength', 'move_waterfall', 'move_dive']",['water'],rare,water,,76.6
0056,"['vital-spirit', 'anger-point', 'defiant']",망키,['candy_50'],['0057'],[],[],1,0.5,0.75,0.5,0.3,0.5,50,"['move_rock-smash', 'move_strength']",['land'],common,fighting,,28.0
0057,"['vital-spirit', 'anger-point', 'defiant']",성원숭,['move_rage-fist'],['0979'],[],[],1,1.0,0.29,0.5,0.3,0.5,50,"['move_rock-smash', 'move_strength']",['land'],rare,fighting,,32.0
0058,"['intimidate', 'flash-fire', 'justified']",가디,['fire-stone'],['0059'],[],[],1,0.7,0.75,0.25,0.3,0.75,50,"['move_rock-smash', 'move_strength']",['land'],rare,fire,,19.0
0058_hisui,"['intimidate', 'flash-fire', 'rock-head']",가디,['fire-stone'],['0059_hisui'],[],[],1,0.8,0.75,0.25,0.3,0.75,50,['move_rock-smash'],['land'],rare,fire,rock,22.7
0059,"['intimidate', 'flash-fire', 'justified']",윈디,[],[],[],[],1,1.9,0.29,0.25,0.3,0.75,50,"['move_rock-smash', 'move_strength']",['land'],epic,fire,,155.0
0059_hisui,"['intimidate', 'flash-fire', 'rock-head']",윈디,[],[],[],[],1,2.0,0.29,0.25,0.3,0.75,50,['move_rock-smash'],['land'],epic,fire,rock,168.0
0060,"['water-absorb', 'damp', 'swift-swim']",발챙이,['candy_50'],['0061'],[],[],1,0.6,1.0,0.5,0.3,0.5,50,"['move_surf', 'move_waterfall', 'move_dive']",['water'],common,water,,12.4
0061,"['water-absorb', 'damp', 'swift-swim']",슈륙챙이,"['water-stone', 'kings-rock']","['0062', '0186']",[],[],1,1.0,0.47,0.5,0.3,0.5,50,"['move_surf', 'move_rock-smash', 'move_strength', 'move_waterfall', 'move_dive']",['water'],rare,water,,20.0
0062,"['water-absorb', 'damp', 'swift-swim']",강챙이,[],[],[],[],1,1.3,0.18,0.5,0.3,0.5,50,"['move_surf', 'move_rock-smash', 'move_strength', 'move_waterfall', 'move_dive']",['water'],epic,water,fighting,54.0
0063,"['synchronize', 'inner-focus', 'magic-guard']",캐이시,['candy_50'],['0064'],[],[],1,0.9,0.78,0.25,0.3,0.75,50,['move_flash'],['land'],common,psychic,,19.5
0064,"['synchronize', 'inner-focus', 'magic-guard']",윤겔라,['trade'],['0065'],[],[],1,1.3,0.39,0.25,0.3,0.75,50,['move_flash'],['land'],rare,psychic,,56.5
0065,"['synchronize', 'inner-focus', 'magic-guard']",후딘,[],[],[],[],1,1.5,0.2,0.25,0.3,0.75,50,['move_flash'],['land'],epic,psychic,,48.0
0065-mega,['trace'],후딘,[],[],[],[],1,1.2,0.2,0.25,0.3,0.75,50,['move_flash'],['land'],epic,psychic,,48.0
0066,"['guts', 'no-guard', 'steadfast']",알통몬,['candy_50'],['0067'],[],[],1,0.8,0.71,0.25,0.3,0.75,50,"['move_rock-smash', 'move_strength']",['land'],common,fighting,,19.5
0067,"['guts', 'no-guard', 'steadfast']",근육몬,['trade'],['0068'],[],[],1,1.5,0.35,0.25,0.3,0.75,50,"['move_rock-smash', 'move_strength']",['land'],rare,fighting,,70.5
0068,"['guts', 'no-guard', 'steadfast']",괴력몬,[],[],[],[],1,1.6,0.18,0.25,0.3,0.75,50,"['move_rock-smash', 'move_strength']",['land'],epic,fighting,,130.0
0068-gmax,"['guts', 'no-guard', 'steadfast']",괴력몬,[],[],[],[],1,25.0,0.18,0.25,0.3,0.75,50,[],['land'],epic,fighting,,1000.0
0069,"['chlorophyll', 'gluttony']",모다피,['candy_50'],['0070'],[],[],1,0.7,1.0,0.5,0.3,0.5,50,"['move_flash', 'move_cut']",['land'],common,grass,poison,4.0
0070,"['chlorophyll', 'gluttony']",우츠동,['leaf-stone'],['0071'],[],[],1,1.0,0.47,0.5,0.3,0.5,50,"['move_flash', 'move_cut']",['land'],rare,grass,poison,6.4
0071,"['chlorophyll', 'gluttony']",우츠보트,[],[],[],[],1,1.7,0.18,0.5,0.3,0.5,50,"['move_flash', 'move_cut']",['land'],epic,grass,poison,15.5
0071-mega,[],우츠보트,[],[],[],[],1,4.5,0.18,0.5,0.3,0.5,50,[],['land'],epic,grass,poison,125.5
0072,"['clear-body', 'liquid-ooze', 'rain-dish']",왕눈해,['candy_50'],['0073'],[],[],1,0.9,0.75,0.5,0.3,0.5,50,"['move_surf', 'move_cut', 'move_waterfall', 'move_dive']",['water'],common,water,poison,45.5
0073,"['clear-body', 'liquid-ooze', 'rain-dish']",독파리,[],[],[],[],1,1.6,0.24,0.5,0.3,0.5,50,"['move_surf', 'move_cut', 'move_waterfall', 'move_dive']",['water'],rare,water,poison,55.0
0074,"['rock-head', 'sturdy', 'sand-veil']",꼬마돌,['candy_50'],['0075'],[],[],1,0.4,1.0,0.5,0.3,0.5,50,"['move_rock-smash', 'move_strength']",['land'],common,rock,ground,20.0
0074_alola,"['magnet-pull', 'sturdy', 'galvanize']",꼬마돌,['candy_50'],['0075_alola'],[],[],1,0.4,1.0,0.5,0.3,0.5,50,[],['land'],common,rock,electric,20.3
0075,"['rock-head', 'sturdy', 'sand-veil']",데구리,['trade'],['0076'],[],[],1,1.0,0.47,0.5,0.3,0.5,50,"['move_rock-smash', 'move_strength']",['land'],rare,rock,ground,105.0
0075_alola,"['magnet-pull', 'sturdy', 'galvanize']",데구리,['trade'],['0076_alola'],[],[],1,1.0,0.47,0.5,0.3,0.5,50,[],['land'],rare,rock,electric,110.0
0076,"['rock-head', 'sturdy', 'sand-veil']",딱구리,[],[],[],[],1,1.4,0.18,0.5,0.3,0.5,50,"['move_rock-smash', 'move_strength']",['land'],epic,rock,ground,300.0
0076_alola,"['magnet-pull', 'sturdy', 'galvanize']",딱구리,[],[],[],[],1,1.7,0.18,0.5,0.3,0.5,50,[],['land'],epic,rock,electric,316.0
0077,"['run-away', 'flash-fire', 'flame-body']",포니타,['candy_40'],['0078'],[],[],1,1.0,0.75,0.5,0.3,0.5,50,['move_strength'],['land'],common,fire,,30.0
0077_galar,"['run-away', 'pastel-veil', 'anticipation']",포니타,['candy_40'],['0078_galar'],[],[],1,0.8,0.75,0.5,0.3,0.5,50,[],['land'],common,psychic,,24.0
0078,"['run-away', 'flash-fire', 'flame-body']",날쌩마,[],[],[],[],1,1.7,0.24,0.5,0.3,0.5,50,['move_strength'],['land'],rare,fire,,95.0
0078_galar,"['run-away', 'pastel-veil', 'anticipation']",날쌩마,[],[],[],[],1,1.7,0.24,0.5,0.3,0.5,50,[],['land'],rare,psychic,fairy,80.0
0079,"['oblivious', 'own-tempo', 'regenerator']",야돈,"['candy_50', 'kings-rock']","['0080', '0199']",[],[],1,1.2,0.75,0.5,0.3,0.5,50,"['move_surf', 'move_flash', 'move_strength', 'move_waterfall', 'move_dive']",['water'],common,water,psychic,36.0
0079_galar,"['gluttony', 'own-tempo', 'regenerator']",야돈,"['galarica-cuff', 'galarica-wreath']","['0080_galar', '0199_galar']",[],[],1,1.2,0.75,0.5,0.3,0.5,50,"['move_surf', 'move_waterfall', 'move_dive']",['land'],common,psychic,,36.0
0080,"['oblivious', 'own-tempo', 'regenerator']",야도란,[],[],[],[],1,1.6,0.29,0.5,0.3,0.5,50,"['move_surf', 'move_flash', 'move_rock-smash', 'move_strength', 'move_waterfall', 'move_dive']",['water'],rare,water,psychic,78.5
0080-mega,['shell-armor'],야도란,[],[],[],[],1,2.0,0.29,0.5,0.3,0.5,50,"['move_surf', 'move_flash', 'move_rock-smash', 'move_strength', 'move_dive']",['water'],rare,water,psychic,120.0
0080_galar,"['quick-draw', 'own-tempo', 'regenerator']",야도란,[],[],[],[],1,1.6,0.29,0.5,0.3,0.5,50,"['move_surf', 'move_waterfall', 'move_dive']",['land'],rare,poison,psychic,70.5
0081,"['magnet-pull', 'sturdy', 'analytic']",코일,['candy_50'],['0082'],[],[],1,0.3,0.75,0.0,0.3,0.0,50,['move_flash'],['land'],common,electric,steel,6.0
0082,"['magnet-pull', 'sturdy', 'analytic']",레어코일,['thunder-stone'],['0462'],[],[],1,1.0,0.24,0.0,0.3,0.0,50,['move_flash'],['land'],rare,electric,steel,60.0
0083,"['keen-eye', 'inner-focus', 'defiant']",파오리,[],['0865'],[],[],1,,0.18,0.5,0.3,0.5,50,"['move_defog', 'move_cut', 'move_fly']",['land'],common,normal,flying,
0083_galar,"['steadfast', 'scrappy']",파오리,['leak'],['0865'],[],[],1,,0.18,0.5,0.3,0.5,50,"['move_defog', 'move_rock-smash']",['land'],common,fighting,,
0084,"['run-away', 'early-bird', 'tangled-feet']",두두,['candy_50'],['0085'],[],[],1,1.4,0.75,0.5,0.3,0.5,50,['move_fly'],['land'],common,normal,flying,39.2
0085,"['run-away', 'early-bird', 'tangled-feet']",두트리오,[],[],[],[],1,1.8,0.18,0.5,0.3,0.5,50,['move_fly'],['land'],rare,normal,flying,85.2
0086,"['thick-fat', 'hydration', 'ice-body']",쥬쥬,['candy_50'],['0087'],[],[],1,1.1,0.75,0.5,0.3,0.5,50,"['move_surf', 'move_strength', 'move_waterfall', 'move_dive']",['water'],common,water,,90.0
0087,"['thick-fat', 'hydration', 'ice-body']",쥬레곤,[],[],[],[],1,1.7,0.29,0.5,0.3,0.5,50,"['move_surf', 'move_strength', 'move_waterfall', 'move_dive']",['water'],rare,water,ice,120.0
0088,"['stench', 'sticky-hold', 'poison-touch']",질퍽이,['candy_50'],['0089'],[],[],1,0.9,0.75,0.5,0.3,0.5,50,"['move_mean-look', 'move_strength']",['land'],common,poison,,30.0
0088_alola,"['poison-touch', 'gluttony', 'power-of-alchemy']",질퍽이,['candy_50'],['0089_alola'],[],[],1,0.7,0.75,0.5,0.3,0.5,50,['move_mean-look'],['land'],common,poison,dark,42.0
0089,"['stench', 'sticky-hold', 'poison-touch']",질뻐기,[],[],[],[],1,1.2,0.29,0.5,0.3,0.5,50,"['move_rock-smash', 'move_strength']",['land'],rare,poison,,30.0
0089_alola,"['poison-touch', 'gluttony', 'power-of-alchemy']",질뻐기,[],[],[],[],1,1.0,0.29,0.5,0.3,0.5,50,[],['land'],rare,poison,dark,52.0
0090,"['shell-armor', 'skill-link', 'overcoat']",셀러,['water-stone'],['0091'],[],[],1,0.3,0.75,0.5,0.3,0.5,50,"['move_surf', 'move_waterfall', 'move_dive']",['water'],common,water,,4.0
0091,"['shell-armor', 'skill-link', 'overcoat']",파르셀,[],[],[],[],1,1.5,0.24,0.5,0.3,0.5,50,"['move_surf', 'move_waterfall', 'move_dive']",['water'],rare,water,ice,132.5
0092,['levitate'],고오스,['candy_50'],['0093'],[],[],1,1.3,0.75,0.5,0.3,0.5,50,['move_mean-look'],['land'],common,ghost,poison,0.1
0093,['levitate'],고우스트,['trade'],['0094'],[],[],1,1.6,0.35,0.5,0.3,0.5,50,['move_mean-look'],['land'],rare,ghost,poison,0.1
0094,['cursed-body'],팬텀,[],[],[],[],1,1.5,0.18,0.5,0.3,0.5,50,"['move_mean-look', 'move_rock-smash', 'move_strength']",['land'],epic,ghost,poison,40.5
0094-mega,['shadow-tag'],팬텀,[],[],[],[],1,1.4,0.18,0.5,0.3,0.5,50,"['move_mean-look', 'move_rock-smash', 'move_strength']",['land'],epic,ghost,poison,40.5
0094-gmax,['cursed-body'],팬텀,[],[],[],[],1,20.0,0.18,0.5,0.3,0.5,50,[],['land'],epic,ghost,poison,1000.0
0095,"['rock-head', 'sturdy', 'weak-armor']",롱스톤,['metal-coat'],['0208'],[],[],1,8.8,0.18,0.5,0.3,0.5,50,"['move_rock-smash', 'move_strength']",['land'],common,rock,ground,210.0
0096,"['insomnia', 'forewarn', 'inner-focus']",슬리프,['candy_50'],['0097'],[],[],1,1.0,0.75,0.5,0.3,0.5,50,['move_flash'],['land'],common,psychic,,32.4
0097,"['insomnia', 'forewarn', 'inner-focus']",슬리퍼,[],[],[],[],1,1.6,0.29,0.5,0.3,0.5,50,['move_flash'],['land'],rare,psychic,,75.6
0098,"['hyper-cutter', 'shell-armor', 'sheer-force']",크랩,['candy_50'],['0099'],[],[],1,0.4,0.88,0.5,0.3,0.5,50,"['move_surf', 'move_cut', 'move_rock-smash', 'move_strength', 'move_dive']",['water'],common,water,,6.5
0099,"['hyper-cutter', 'shell-armor', 'sheer-force']",킹크랩,[],[],[],[],1,1.3,0.24,0.5,0.3,0.5,50,"['move_surf', 'move_cut', 'move_rock-smash', 'move_strength', 'move_dive']",['water'],rare,water,,60.0
0099-gmax,"['hyper-cutter', 'shell-armor', 'sheer-force']",킹크랩,[],[],[],[],1,19.0,0.24,0.5,0.3,0.5,50,[],['water'],rare,water,,1000.0
0100,"['soundproof', 'static', 'aftermath']",찌리리공,['candy_30'],['0101'],[],[],1,0.5,0.75,0.0,0.3,0.0,50,['move_flash'],['land'],common,electric,,10.4
0100_hisui,"['soundproof', 'static', 'aftermath']",찌리리공,['candy_30'],['0101_hisui'],[],[],1,0.5,0.75,0.0,0.3,0.0,50,[],['land'],common,electric,grass,13.0
0101,"['soundproof', 'static', 'aftermath']",붐볼,[],[],[],[],1,1.2,0.24,0.0,0.3,0.0,50,['move_flash'],['land'],rare,electric,,66.6
0101_hisui,"['soundproof', 'static', 'aftermath']",붐볼,[],[],[],[],1,1.2,0.24,0.0,0.3,0.0,50,[],['land'],rare,electric,grass,71.0
0102,"['chlorophyll', 'harvest']",아라리,['leaf-stone'],['0103'],[],[],1,0.4,0.35,0.5,0.3,0.5,50,"['move_flash', 'move_strength']",['land'],common,grass,psychic,2.5
0103,"['chlorophyll', 'harvest']",나시,[],[],[],[],1,2.0,0.18,0.5,0.3,0.5,50,"['move_flash', 'move_strength']",['land'],rare,grass,psychic,120.0
0103_alola,"['frisk', 'harvest']",나시,[],[],[],[],1,10.9,0.18,0.5,0.3,0.5,50,[],['land'],rare,grass,dragon,415.6
0104,"['rock-head', 'lightning-rod', 'battle-armor']",탕구리,"['candy_50', 'candy_50+time_night']","['0105', '0105_alola']",[],[],1,0.4,0.75,0.5,0.3,0.5,50,"['move_rock-smash', 'move_strength']",['land'],common,ground,,6.5
0105,"['rock-head', 'lightning-rod', 'battle-armor']",텅구리,[],[],[],[],1,1.0,0.29,0.5,0.3,0.5,50,"['move_rock-smash', 'move_strength']",['land'],rare,ground,,45.0
0105_alola,"['cursed-body', 'lightning-rod', 'rock-head']",텅구리,[],[],[],[],1,1.0,0.29,0.5,0.3,0.5,50,[],['land'],rare,fire,ghost,34.0
0106,"['limber', 'reckless', 'unburden']",시라소몬,[],[],[],[],1,1.5,0.18,0.0,0.3,1.0,50,"['move_rock-smash', 'move_strength']",['land'],rare,fighting,,49.8
0107,"['keen-eye', 'iron-fist', 'inner-focus']",홍수몬,[],[],[],[],1,1.4,0.18,0.0,0.3,1.0,50,"['move_rock-smash', 'move_strength']",['land'],rare,fighting,,50.2
0108,"['own-tempo', 'oblivious', 'cloud-nine']",내루미,['move_rollout'],['0463'],[],[],1,1.2,0.18,0.5,0.3,0.5,50,"['move_surf', 'move_cut', 'move_rock-smash', 'move_strength']",['land'],common,normal,,65.5
0109,"['levitate', 'neutralizing-gas', 'stench']",또가스,"['candy_50', 'candy_50']","['0110', '0110_galar']",[],[],1,0.6,0.75,0.5,0.3,0.5,50,['move_flash'],['land'],common,poison,,1.0
0110,"['levitate', 'neutralizing-gas', 'stench']",또도가스,[],[],[],[],1,1.2,0.24,0.5,0.3,0.5,50,['move_flash'],['land'],rare,poison,,9.5
0110_galar,"['levitate', 'neutralizing-gas', 'misty-surge']",또도가스,[],[],[],[],1,3.0,0.24,0.5,0.3,0.5,50,['move_defog'],['land'],rare,poison,fairy,16.0
0111,"['lightning-rod', 'rock-head', 'reckless']",뿔카노,['candy_50'],['0112'],[],[],1,1.0,0.47,0.5,0.3,0.5,50,"['move_rock-smash', 'move_strength']",['land'],common,ground,rock,115.0
0112,"['lightning-rod', 'rock-head', 'reckless']",코뿌리,['protector'],['0464'],[],[],1,1.9,0.24,0.5,0.3,0.5,50,"['move_surf', 'move_cut', 'move_rock-smash', 'move_strength']",['land'],rare,ground,rock,120.0
0113,"['natural-cure', 'serene-grace', 'healer']",럭키,['friendship_160'],['0242'],[],[],1,1.1,0.12,1.0,0.3,0.0,50,"['move_flash', 'move_rock-smash', 'move_strength']",['land'],rare,normal,,34.6
0114,"['chlorophyll', 'leaf-guard', 'regenerator']",덩쿠리,['move_ancient-power'],['0465'],[],[],1,1.0,0.18,0.5,0.3,0.5,50,"['move_flash', 'move_cut', 'move_rock-smash']",['land'],common,grass,,35.0
0115,"['early-bird', 'scrappy', 'inner-focus']",캥카,[],[],[],[],1,2.2,0.18,1.0,0.3,0.0,50,"['move_surf', 'move_cut', 'move_rock-smash', 'move_strength']",['land'],common,normal,,80.0
0115-mega,['parental-bond'],캥카,[],[],[],[],1,2.2,0.18,1.0,0.3,0.0,50,"['move_surf', 'move_cut', 'move_rock-smash', 'move_strength']",['land'],common,normal,,100.0
0116,"['swift-swim', 'sniper', 'damp']",쏘드라,['candy_50'],['0117'],[],[],1,0.4,0.88,0.5,0.3,0.5,50,"['move_surf', 'move_waterfall', 'move_dive']",['water'],common,water,,8.0
0117,"['poison-point', 'sniper', 'damp']",시드라,['dragon-scale'],['0230'],[],[],1,1.2,0.29,0.5,0.3,0.5,50,"['move_surf', 'move_waterfall', 'move_dive']",['water'],rare,water,,25.0
0118,"['swift-swim', 'water-veil', 'lightning-rod']",콘치,['candy_40'],['0119'],[],[],1,0.6,0.88,0.5,0.3,0.5,50,"['move_surf', 'move_waterfall', 'move_dive']",['water'],common,water,,15.0
0119,"['swift-swim', 'water-veil', 'lightning-rod']",왕콘치,[],[],[],[],1,1.3,0.24,0.5,0.3,0.5,50,"['move_surf', 'move_waterfall', 'move_dive']",['water'],rare,water,,39.0
0120,"['illuminate', 'natural-cure', 'analytic']",별가사리,['water-stone'],['0121'],[],[],1,0.8,0.88,0.0,0.3,0.0,50,"['move_surf', 'move_flash', 'move_waterfall', 'move_dive']",['water'],common,water,,34.5
0121,"['illuminate', 'natural-cure', 'analytic']",아쿠스타,[],[],[],[],1,1.1,0.24,0.0,0.3,0.0,50,"['move_surf', 'move_flash', 'move_waterfall', 'move_dive']",['water'],rare,water,psychic,80.0
0121-mega,[],아쿠스타,[],[],[],[],1,2.3,0.24,0.0,0.3,0.0,50,[],['water'],rare,water,psychic,80.0
0122,"['soundproof', 'filter', 'technician']",마임맨,[],[],[],[],1,1.3,0.18,0.5,0.3,0.5,50,['move_flash'],['land'],rare,psychic,fairy,54.5
0122_galar,"['vital-spirit', 'screen-cleaner', 'ice-body']",마임맨,['candy_50'],['0866'],[],[],1,1.4,0.18,0.5,0.3,0.5,50,[],['land'],rare,ice,psychic,56.8
0123,"['swarm', 'technician', 'steadfast']",스라크,"['metal-coat', 'black-augurite']","['0212', '0900']",[],[],1,1.5,0.18,0.5,0.3,0.5,50,"['move_defog', 'move_cut', 'move_rock-smash']",['land'],common,bug,flying,56.0
0124,"['oblivious', 'forewarn', 'dry-skin']",루주라,[],[],[],[],1,1.4,0.18,1.0,0.3,0.0,50,"['move_mean-look', 'move_flash']",['land'],rare,ice,psychic,40.6
0125,"['static', 'vital-spirit']",에레브,['electirizer'],['0466'],[],[],1,1.1,0.18,0.25,0.3,0.75,50,"['move_flash', 'move_rock-smash', 'move_strength']",['land'],rare,electric,,30.0
0126,"['flame-body', 'vital-spirit']",마그마,['magmarizer'],['0467'],[],[],1,1.3,0.18,0.25,0.3,0.75,50,"['move_rock-smash', 'move_strength']",['land'],rare,fire,,44.5
0127,"['hyper-cutter', 'mold-breaker', 'moxie']",쁘사이저,[],[],[],[],1,1.5,0.18,0.5,0.3,0.5,50,"['move_cut', 'move_rock-smash', 'move_strength']",['land'],rare,bug,,55.0
0127-mega,['aerilate'],쁘사이저,[],[],[],[],1,1.7,0.18,0.5,0.3,0.5,50,"['move_cut', 'move_rock-smash', 'move_strength']",['land'],rare,bug,flying,59.0
0128,"['intimidate', 'anger-point', 'sheer-force']",켄타로스,[],[],[],[],1,1.4,0.18,0.0,0.3,1.0,50,"['move_surf', 'move_rock-smash', 'move_strength']",['land'],epic,normal,,88.4
0128-combat_paldea,"['intimidate', 'anger-point', 'cud-chew']",켄타로스,[],[],[],[],1,,0.18,0.0,0.3,1.0,50,['move_surf'],['land'],epic,fighting,,
0128-blaze_paldea,"['intimidate', 'anger-point', 'cud-chew']",켄타로스,[],[],[],[],1,,0.18,0.0,0.3,1.0,50,[],['land'],epic,fighting,fire,
0128-aqua_paldea,"['intimidate', 'anger-point', 'cud-chew']",켄타로스,[],[],[],[],1,,0.18,0.0,0.3,1.0,50,['move_surf'],['water'],epic,fighting,water,
0129,"['swift-swim', 'rattled']",잉어킹,['candy_100'],['0130'],[],[],1,0.9,1.0,0.5,0.3,0.5,50,[],['water'],common,water,,10.0
0130,"['intimidate', 'moxie']",갸라도스,[],[],[],[],1,6.5,0.18,0.5,0.3,0.5,50,"['move_surf', 'move_rock-smash', 'move_strength', 'move_waterfall', 'move_dive']",['water'],epic,water,flying,235.0
0130-mega,['mold-breaker'],갸라도스,[],[],[],[],1,6.5,0.18,0.5,0.3,0.5,50,"['move_surf', 'move_rock-smash', 'move_strength', 'move_waterfall', 'move_dive']",['water'],epic,water,dark,305.0
0131,"['water-absorb', 'shell-armor', 'hydration']",라프라스,[],[],[],[],1,2.5,0.18,0.5,0.3,0.5,50,"['move_surf', 'move_rock-smash', 'move_strength', 'move_waterfall', 'move_dive']",['water'],epic,water,ice,220.0
0131-gmax,"['water-absorb', 'shell-armor', 'hydration']",라프라스,[],[],[],[],1,24.0,0.18,0.5,0.3,0.5,50,[],['water'],epic,water,ice,1000.0
0132,"['limber', 'imposter']",메타몽,[],[],[],[],1,0.3,0.14,0.0,0.3,0.0,50,[],['land'],epic,normal,,4.0
0133,"['run-away', 'adaptability', 'anticipation']",이브이,"['water-stone', 'thunder-stone', 'fire-stone', 'friendship_160+time_day', 'friendship_160+time_night', 'leaf-stone', 'ice-stone', 'friendship_220+fairy-feather']","['0134', '0135', '0136', '0196', '0197', '0470', '0471', '0700']",[],[],1,0.3,0.18,0.12,0.3,0.88,50,[],['land'],rare,normal,,6.5
0133-starter,"['run-away', 'adaptability', 'anticipation']",이브이,,,[],[],1,0.3,0.18,0.12,0.3,0.88,50,[],['land'],rare,normal,,6.5
0133-gmax,"['run-away', 'adaptability', 'anticipation']",이브이,,,[],[],1,18.0,0.18,0.12,0.3,0.88,50,[],['land'],rare,normal,,1000.0
0134,"['water-absorb', 'hydration']",샤미드,[],[],[],[],1,1.0,0.18,0.12,0.3,0.88,50,"['move_surf', 'move_rock-smash', 'move_strength', 'move_waterfall', 'move_dive']",['water'],rare,water,,29.0
0135,"['volt-absorb', 'quick-feet']",쥬피썬더,[],[],[],[],1,0.8,0.18,0.12,0.3,0.88,50,"['move_flash', 'move_rock-smash', 'move_strength']",['land'],rare,electric,,24.5
0136,"['flash-fire', 'guts']",부스터,[],[],[],[],1,0.9,0.18,0.12,0.3,0.88,50,"['move_rock-smash', 'move_strength']",['land'],rare,fire,,25.0
0137,"['trace', 'download', 'analytic']",폴리곤,['up-grade'],['0233'],[],[],1,0.8,0.18,0.0,0.3,0.0,50,['move_flash'],['land'],rare,normal,,36.5
0138,"['swift-swim', 'shell-armor', 'weak-armor']",암나이트,['candy_40'],['0139'],[],[],1,0.4,0.18,0.12,0.3,0.88,50,"['move_surf', 'move_rock-smash', 'move_waterfall', 'move_dive']",['water'],common,rock,water,7.5
0139,"['swift-swim', 'shell-armor', 'weak-armor']",암스타,[],[],[],[],1,1.0,0.18,0.12,0.3,0.88,50,"['move_surf', 'move_rock-smash', 'move_waterfall', 'move_dive']",['water'],rare,rock,water,35.0
0140,"['swift-swim', 'battle-armor', 'weak-armor']",투구,['candy_40'],['0141'],[],[],1,0.5,0.18,0.12,0.3,0.88,50,"['move_surf', 'move_rock-smash', 'move_waterfall']",['water'],common,rock,water,11.5
0141,"['swift-swim', 'battle-armor', 'weak-armor']",투구푸스,[],[],[],[],1,1.3,0.18,0.12,0.3,0.88,50,"['move_surf', 'move_cut', 'move_rock-smash', 'move_waterfall', 'move_dive']",['water'],rare,rock,water,40.5
0142,"['rock-head', 'pressure', 'unnerve']",프테라,[],[],[],[],1,1.8,0.18,0.12,0.3,0.88,50,"['move_defog', 'move_rock-smash', 'move_strength', 'move_fly']",['land'],rare,rock,flying,59.0
0142-mega,['tough-claws'],프테라,[],[],[],[],1,2.1,0.18,0.12,0.3,0.88,50,"['move_defog', 'move_rock-smash', 'move_strength', 'move_fly']",['land'],rare,rock,flying,79.0
0143,"['immunity', 'thick-fat', 'gluttony']",잠만보,[],[],[],[],1,2.1,0.1,0.12,0.3,0.88,50,"['move_surf', 'move_rock-smash', 'move_strength']",['land'],epic,normal,,460.0
0143-gmax,"['immunity', 'thick-fat', 'gluttony']",잠만보,[],[],[],[],1,35.0,0.1,0.12,0.3,0.88,50,[],['land'],epic,normal,,1000.0
0144,"['pressure', 'snow-cloak']",프리져,[],[],[],[],1,1.7,0.01,0.0,0.3,0.0,50,"['move_defog', 'move_rock-smash', 'move_fly']",['land'],epic,ice,flying,55.4
0144_galar,['competitive'],프리져,[],[],[],[],1,1.7,0.01,0.0,0.3,0.0,50,['move_fly'],['land'],epic,psychic,flying,50.9
0145,"['pressure', 'static']",썬더,[],[],[],[],1,1.6,0.01,0.0,0.3,0.0,50,"['move_flash', 'move_defog', 'move_rock-smash', 'move_fly']",['land'],epic,electric,flying,52.6
0145_galar,['defiant'],썬더,[],[],[],[],1,1.6,0.01,0.0,0.3,0.0,50,"['move_rock-smash', 'move_fly']",['land'],epic,fighting,flying,58.2
0146,"['pressure', 'flame-body']",파이어,[],[],[],[],1,2.0,0.01,0.0,0.3,0.0,50,"['move_defog', 'move_rock-smash', 'move_fly']",['land'],epic,fire,flying,60.0
0146_galar,['berserk'],파이어,[],[],[],[],1,2.0,0.01,0.0,0.3,0.0,50,['move_fly'],['land'],epic,dark,flying,66.0
0147,"['shed-skin', 'marvel-scale']",미뇽,['candy_50'],['0148'],[],[],1,1.8,0.18,0.5,0.3,0.5,50,"['move_surf', 'move_waterfall']",['land'],rare,dragon,,3.3
0148,"['shed-skin', 'marvel-scale']",신뇽,['candy_150'],['0149'],[],[],1,4.0,0.18,0.5,0.3,0.5,50,"['move_surf', 'move_waterfall']",['land'],rare,dragon,,16.5
0149,"['inner-focus', 'multiscale']",망나뇽,[],[],[],[],1,2.2,0.18,0.5,0.3,0.5,50,"['move_surf', 'move_defog', 'move_cut', 'move_rock-smash', 'move_strength', 'move_waterfall', 'move_dive', 'move_fly']",['land'],epic,dragon,flying,210.0
0149-mega,[],망나뇽,[],[],[],[],1,5.5,0.18,0.5,0.3,0.5,50,[],['land'],epic,dragon,flying,290.0
0150,"['pressure', 'unnerve']",뮤츠,[],[],[],[],1,2.0,0.01,0.0,0.3,0.0,50,"['move_flash', 'move_rock-smash', 'move_strength', 'move_dive']",['land'],legendary,psychic,,122.0
0150-mega-x,['steadfast'],뮤츠,[],[],[],[],1,2.3,0.01,0.0,0.3,0.0,50,"['move_flash', 'move_rock-smash', 'move_strength', 'move_dive']",['land'],legendary,psychic,fighting,127.0
0150-mega-y,['insomnia'],뮤츠,[],[],[],[],1,1.5,0.01,0.0,0.3,0.0,50,"['move_flash', 'move_rock-smash', 'move_strength', 'move_dive']",['land'],legendary,psychic,,33.0
0151,['synchronize'],뮤,[],[],[],[],1,0.4,0.18,0.0,0.3,0.0,50,"['move_surf', 'move_flash', 'move_defog', 'move_cut', 'move_rock-smash', 'move_strength', 'move_waterfall', 'move_dive', 'move_fly']",['land'],legendary,psychic,,4.0
0152,"['overgrow', 'leaf-guard']",치코리타,['candy_50'],['0153'],[],[],2,0.9,0.18,0.12,0.3,0.88,50,"['move_flash', 'move_cut']",['land'],epic,grass,,6.4
0153,"['overgrow', 'leaf-guard']",베이리프,['candy_100'],['0154'],[],[],2,1.2,0.18,0.12,0.3,0.88,50,"['move_flash', 'move_cut', 'move_rock-smash', 'move_strength']",['land'],epic,grass,,15.8
0154,"['overgrow', 'leaf-guard']",메가니움,[],[],[],[],2,1.8,0.18,0.12,0.3,0.88,50,"['move_flash', 'move_cut', 'move_rock-smash', 'move_strength']",['land'],epic,grass,,100.5
0154-mega,[],메가니움,[],[],[],[],2,2.4,0.18,0.12,0.3,0.88,50,[],['land'],epic,grass,fairy,201.0
0155,"['blaze', 'flash-fire']",브케인,['candy_50'],['0156'],[],[],2,0.5,0.18,0.12,0.3,0.88,50,['move_cut'],['land'],epic,fire,,7.9
0156,"['blaze', 'flash-fire']",마그케인,['candy_100'],['0157'],[],[],2,0.9,0.18,0.12,0.3,0.88,50,"['move_cut', 'move_rock-smash', 'move_strength']",['land'],epic,fire,,19.0
0157,"['blaze', 'flash-fire']",블레이범,[],[],[],[],2,1.7,0.18,0.12,0.3,0.88,50,"['move_cut', 'move_rock-smash', 'move_strength']",['land'],epic,fire,,79.5
0157_hisui,"['blaze', 'frisk']",블레이범,[],[],[],[],2,1.6,0.18,0.12,0.3,0.88,50,['move_rock-smash'],['land'],epic,fire,ghost,69.8
0158,"['torrent', 'sheer-force']",리아코,['candy_50'],['0159'],[],[],2,0.6,0.18,0.12,0.3,0.88,50,"['move_surf', 'move_cut', 'move_waterfall', 'move_dive']",['water'],epic,water,,9.5
0159,"['torrent', 'sheer-force']",엘리게이,['candy_100'],['0160'],[],[],2,1.1,0.18,0.12,0.3,0.88,50,"['move_surf', 'move_cut', 'move_rock-smash', 'move_strength', 'move_waterfall', 'move_dive']",['water'],epic,water,,25.0
0160,"['torrent', 'sheer-force']",장크로다일,[],[],[],[],2,2.3,0.18,0.12,0.3,0.88,50,"['move_surf', 'move_cut', 'move_rock-smash', 'move_strength', 'move_waterfall', 'move_dive']",['water'],epic,water,,88.8
0160-mega,[],장크로다일,[],[],[],[],2,2.3,0.18,0.12,0.3,0.88,50,[],['water'],epic,water,dragon,108.8
0161,"['run-away', 'keen-eye', 'frisk']",꼬리선,['candy_35'],['0162'],[],[],2,0.8,1.0,0.5,0.3,0.5,50,"['move_surf', 'move_cut']",['land'],common,normal,,6.0
0162,"['run-away', 'keen-eye', 'frisk']",다꼬리,[],[],[],[],2,1.8,0.35,0.5,0.3,0.5,50,"['move_surf', 'move_cut', 'move_rock-smash', 'move_strength']",['land'],rare,normal,,32.5
0163,"['insomnia', 'keen-eye', 'tinted-lens']",부우부,['candy_50'],['0164'],[],[],2,0.7,1.0,0.5,0.3,0.5,50,"['move_mean-look', 'move_flash', 'move_defog', 'move_fly']",['land'],common,normal,flying,21.2
0164,"['insomnia', 'keen-eye', 'tinted-lens']",야부엉,[],[],[],[],2,1.6,0.35,0.5,0.3,0.5,50,"['move_flash', 'move_defog', 'move_fly']",['land'],rare,normal,flying,40.8
0165,"['swarm', 'early-bird', 'rattled']",레디바,['candy_25'],['0166'],[],[],2,1.0,1.0,0.5,0.3,0.5,50,['move_flash'],['land'],common,bug,flying,10.8
0166,"['swarm', 'early-bird', 'iron-fist']",레디안,[],[],[],[],2,1.4,0.35,0.5,0.3,0.5,50,"['move_flash', 'move_defog', 'move_rock-smash', 'move_strength']",['land'],rare,bug,flying,35.6
0167,"['swarm', 'insomnia', 'sniper']",페이검,['candy_30'],['0168'],[],[],2,0.5,1.0,0.5,0.3,0.5,50,['move_flash'],['land'],common,bug,poison,8.5
0168,"['swarm', 'insomnia', 'sniper']",아리아도스,[],[],[],[],2,1.1,0.35,0.5,0.3,0.5,50,['move_flash'],['land'],rare,bug,poison,33.5
0169,"['inner-focus', 'infiltrator']",크로뱃,[],[],[],[],2,1.8,0.35,0.5,0.3,0.5,50,"['move_mean-look', 'move_defog', 'move_fly']",['land'],epic,poison,flying,75.0
0170,"['volt-absorb', 'illuminate', 'water-absorb']",초라기,['candy_50'],['0171'],[],[],2,0.5,0.75,0.5,0.3,0.5,50,"['move_surf', 'move_flash', 'move_waterfall', 'move_dive']",['water'],common,water,electric,12.0
0171,"['volt-absorb', 'illuminate', 'water-absorb']",랜턴,[],[],[],[],2,1.2,0.29,0.5,0.3,0.5,50,"['move_surf', 'move_flash', 'move_waterfall', 'move_dive']",['water'],rare,water,electric,22.5
0172,"['static', 'lightning-rod']",피츄,['friendship_220'],['0025'],[],[],2,0.3,0.75,0.5,0.3,0.5,50,"['move_surf', 'move_flash']",['land'],common,electric,,2.0
0173,"['cute-charm', 'magic-guard', 'friend-guard']",삐,['friendship_220'],['0035'],[],[],2,0.3,0.59,0.75,0.3,0.25,50,['move_flash'],['land'],common,fairy,,3.0
0174,"['cute-charm', 'competitive', 'friend-guard']",푸푸린,['friendship_220'],['0039'],[],[],2,0.3,0.67,0.75,0.3,0.25,50,['move_flash'],['land'],common,normal,fairy,1.0
0175,"['hustle', 'serene-grace', 'super-luck']",토게피,['friendship_220'],['0176'],[],[],2,0.3,0.75,0.12,0.3,0.88,50,"['move_flash', 'move_rock-smash']",['land'],common,fairy,,1.5
0176,"['hustle', 'serene-grace', 'super-luck']",토게틱,['shiny-stone'],['0468'],[],[],2,0.6,0.29,0.12,0.3,0.88,50,"['move_flash', 'move_defog', 'move_rock-smash', 'move_fly']",['land'],rare,fairy,flying,3.2
0177,"['synchronize', 'early-bird', 'magic-bounce']",네이티,['candy_50'],['0178'],[],[],2,0.2,0.75,0.5,0.3,0.5,50,['move_flash'],['land'],common,psychic,flying,2.0
0178,"['synchronize', 'early-bird', 'magic-bounce']",네이티오,[],[],[],[],2,1.5,0.29,0.5,0.3,0.5,50,"['move_flash', 'move_defog', 'move_fly']",['land'],rare,psychic,flying,15.0
0179,"['static', 'plus']",메리프,['candy_30'],['0180'],[],[],2,0.6,0.92,0.5,0.3,0.5,50,['move_flash'],['land'],common,electric,,7.8
0180,"['static', 'plus']",보송송,['candy_60'],['0181'],[],[],2,0.8,0.47,0.5,0.3,0.5,50,"['move_flash', 'move_rock-smash', 'move_strength']",['land'],rare,electric,,13.3
0181,"['static', 'plus']",전룡,[],[],[],[],2,1.4,0.18,0.5,0.3,0.5,50,"['move_flash', 'move_rock-smash', 'move_strength']",['land'],epic,electric,,61.5
0181-mega,['mold-breaker'],전룡,[],[],[],[],2,1.4,0.18,0.5,0.3,0.5,50,"['move_flash', 'move_rock-smash', 'move_strength']",['land'],epic,electric,dragon,61.5
0182,"['chlorophyll', 'healer']",아르코,[],[],[],[],2,0.4,0.18,0.5,0.3,0.5,50,"['move_flash', 'move_cut']",['land'],epic,grass,,5.8
0183,"['thick-fat', 'huge-power', 'sap-sipper']",마릴,['candy_50'],['0184'],[],[],2,0.4,0.75,0.5,0.3,0.5,50,"['move_surf', 'move_rock-smash', 'move_strength', 'move_waterfall', 'move_dive']",['water'],rare,water,fairy,8.5
0184,"['thick-fat', 'huge-power', 'sap-sipper']",마릴리,[],[],[],[],2,0.8,0.29,0.5,0.3,0.5,50,"['move_surf', 'move_rock-smash', 'move_strength', 'move_waterfall', 'move_dive']",['water'],epic,water,fairy,28.5
0185,"['sturdy', 'rock-head', 'rattled']",꼬지모,[],[],[],[],2,1.2,0.25,0.5,0.3,0.5,50,"['move_rock-smash', 'move_strength']",['land'],rare,rock,,38.0
0186,"['water-absorb', 'damp', 'drizzle']",왕구리,[],[],[],[],2,1.1,0.18,0.5,0.3,0.5,50,"['move_surf', 'move_rock-smash', 'move_strength', 'move_waterfall', 'move_dive']",['water'],epic,water,,33.9
0187,"['chlorophyll', 'leaf-guard', 'infiltrator']",통통코,['candy_36'],['0188'],[],[],2,0.4,1.0,0.5,0.3,0.5,50,['move_flash'],['land'],common,grass,flying,0.5
0188,"['chlorophyll', 'leaf-guard', 'infiltrator']",두코,['candy_50'],['0189'],[],[],2,0.6,0.47,0.5,0.3,0.5,50,['move_flash'],['land'],rare,grass,flying,1.0
0189,"['chlorophyll', 'leaf-guard', 'infiltrator']",솜솜코,[],[],[],[],2,0.8,0.18,0.5,0.3,0.5,50,['move_flash'],['land'],epic,grass,flying,3.0
0190,"['run-away', 'pickup', 'skill-link']",에이팜,['move_double-hit'],['0424'],[],[],2,0.8,0.18,0.5,0.3,0.5,50,"['move_cut', 'move_rock-smash', 'move_strength']",['land'],common,normal,,11.5
0191,"['chlorophyll', 'solar-power', 'early-bird']",해너츠,['sun-stone'],['0192'],[],[],2,0.3,0.92,0.5,0.3,0.5,50,"['move_flash', 'move_cut']",['land'],common,grass,,1.8
0192,"['chlorophyll', 'solar-power', 'early-bird']",해루미,[],[],[],[],2,0.8,0.47,0.5,0.3,0.5,50,"['move_flash', 'move_cut']",['land'],rare,grass,,8.5
0193,"['speed-boost', 'compound-eyes', 'frisk']",왕자리,['move_ancient-power'],['0469'],[],[],2,1.2,0.29,0.5,0.3,0.5,50,"['move_flash', 'move_defog']",['land'],rare,bug,flying,38.0
0194,"['damp', 'water-absorb', 'unaware']",우파,['candy_50'],['0195'],[],[],2,0.4,1.0,0.5,0.3,0.5,50,"['move_surf', 'move_flash', 'move_rock-smash', 'move_waterfall', 'move_dive']",['water'],common,water,ground,8.5
0194_paldea,"['poison-point', 'water-absorb', 'unaware']",우파,['candy_50'],['0980'],[],[],2,0.4,1.0,0.5,0.3,0.5,50,"['move_surf', 'move_waterfall']",['land'],common,poison,ground,11.0
0195,"['damp', 'water-absorb', 'unaware']",누오,[],[],[],[],2,1.4,0.35,0.5,0.3,0.5,50,"['move_surf', 'move_flash', 'move_rock-smash', 'move_strength', 'move_waterfall', 'move_dive']",['water'],rare,water,ground,75.0
0196,"['synchronize', 'magic-bounce']",에브이,[],[],[],[],2,0.9,0.18,0.12,0.3,0.88,50,"['move_flash', 'move_cut']",['land'],epic,psychic,,26.5
0197,"['synchronize', 'inner-focus']",블래키,[],[],[],[],2,1.0,0.18,0.12,0.3,0.88,50,"['move_mean-look', 'move_flash', 'move_cut']",['land'],epic,dark,,27.0
0198,"['insomnia', 'super-luck', 'ptierster']",니로우,['dusk-stone'],['0430'],[],[],2,0.5,0.12,0.5,0.3,0.5,50,"['move_mean-look', 'move_defog', 'move_fly']",['land'],common,dark,flying,2.1
0199,"['oblivious', 'own-tempo', 'regenerator']",야도킹,[],[],[],[],2,2.0,0.27,0.5,0.3,0.5,50,"['move_surf', 'move_flash', 'move_rock-smash', 'move_strength', 'move_waterfall', 'move_dive']",['water'],epic,water,psychic,79.5
0199_galar,"['curious_medicine', 'own-tempo', 'regenerator']",야도킹,[],[],[],[],2,1.8,0.27,0.5,0.3,0.5,50,"['move_surf', 'move_waterfall', 'move_dive']",['land'],epic,poison,psychic,79.5
0200,['levitate'],무우마,['dusk-stone'],['0429'],[],[],2,0.7,0.18,0.5,0.3,0.5,50,"['move_mean-look', 'move_flash']",['land'],rare,ghost,,1.0
0201-a,['levitate'],안농,[],[],[],[],2,,0.88,0.0,0.3,0.0,50,[],['land'],rare,psychic,,
0201-b,['levitate'],안농,[],[],[],[],2,,0.88,0.0,0.3,0.0,50,[],['land'],rare,psychic,,
0201-c,['levitate'],안농,[],[],[],[],2,,0.88,0.0,0.3,0.0,50,[],['land'],rare,psychic,,
0201-d,['levitate'],안농,[],[],[],[],2,,0.88,0.0,0.3,0.0,50,[],['land'],rare,psychic,,
0201-e,['levitate'],안농,[],[],[],[],2,,0.88,0.0,0.3,0.0,50,[],['land'],rare,psychic,,
0201-f,['levitate'],안농,[],[],[],[],2,,0.88,0.0,0.3,0.0,50,[],['land'],rare,psychic,,
0201-g,['levitate'],안농,[],[],[],[],2,,0.88,0.0,0.3,0.0,50,[],['land'],rare,psychic,,
0201-h,['levitate'],안농,[],[],[],[],2,,0.88,0.0,0.3,0.0,50,[],['land'],rare,psychic,,
0201-i,['levitate'],안농,[],[],[],[],2,,0.88,0.0,0.3,0.0,50,[],['land'],rare,psychic,,
0201-j,['levitate'],안농,[],[],[],[],2,,0.88,0.0,0.3,0.0,50,[],['land'],rare,psychic,,
0201-k,['levitate'],안농,[],[],[],[],2,,0.88,0.0,0.3,0.0,50,[],['land'],rare,psychic,,
0201-l,['levitate'],안농,[],[],[],[],2,,0.88,0.0,0.3,0.0,50,[],['land'],rare,psychic,,
0201-n,['levitate'],안농,[],[],[],[],2,,0.88,0.0,0.3,0.0,50,[],['land'],rare,psychic,,
0201-m,['levitate'],안농,[],[],[],[],2,,0.88,0.0,0.3,0.0,50,[],['land'],rare,psychic,,
0201-o,['levitate'],안농,[],[],[],[],2,,0.88,0.0,0.3,0.0,50,[],['land'],rare,psychic,,
0201-p,['levitate'],안농,[],[],[],[],2,,0.88,0.0,0.3,0.0,50,[],['land'],rare,psychic,,
0201-q,['levitate'],안농,[],[],[],[],2,,0.88,0.0,0.3,0.0,50,[],['land'],rare,psychic,,
0201-r,['levitate'],안농,[],[],[],[],2,,0.88,0.0,0.3,0.0,50,[],['land'],rare,psychic,,
0201-s,['levitate'],안농,[],[],[],[],2,,0.88,0.0,0.3,0.0,50,[],['land'],rare,psychic,,
0201-t,['levitate'],안농,[],[],[],[],2,,0.88,0.0,0.3,0.0,50,[],['land'],rare,psychic,,
0201-u,['levitate'],안농,[],[],[],[],2,,0.88,0.0,0.3,0.0,50,[],['land'],rare,psychic,,
0201-v,['levitate'],안농,[],[],[],[],2,,0.88,0.0,0.3,0.0,50,[],['land'],rare,psychic,,
0201-w,['levitate'],안농,[],[],[],[],2,,0.88,0.0,0.3,0.0,50,[],['land'],rare,psychic,,
0201-x,['levitate'],안농,[],[],[],[],2,,0.88,0.0,0.3,0.0,50,[],['land'],rare,psychic,,
0201-y,['levitate'],안농,[],[],[],[],2,,0.88,0.0,0.3,0.0,50,[],['land'],rare,psychic,,
0201-z,['levitate'],안농,[],[],[],[],2,,0.88,0.0,0.3,0.0,50,[],['land'],rare,psychic,,
0201-3F,['levitate'],안농,[],[],[],[],2,,0.88,0.0,0.3,0.0,50,[],['land'],rare,psychic,,
0201-21,['levitate'],안농,[],[],[],[],2,,0.88,0.0,0.3,0.0,50,[],['land'],rare,psychic,,
0202,"['shadow-tag', 'telepathy']",마자용,[],[],[],[],2,1.3,0.18,0.5,0.3,0.5,50,[],['land'],rare,psychic,,28.5
0203,"['inner-focus', 'early-bird', 'sap-sipper']",키링키,['move_twin-beam'],['0981'],[],[],2,1.5,0.24,0.5,0.3,0.5,50,"['move_mean-look', 'move_flash', 'move_rock-smash', 'move_strength']",['land'],common,normal,psychic,41.5
0204,"['sturdy', 'overcoat']",피콘,['candy_50'],['0205'],[],[],2,0.6,0.75,0.5,0.3,0.5,50,"['move_rock-smash', 'move_strength']",['land'],common,bug,,7.2
0205,"['sturdy', 'overcoat']",쏘콘,[],[],[],[],2,1.2,0.29,0.5,0.3,0.5,50,"['move_rock-smash', 'move_strength']",['land'],rare,bug,steel,125.8
0206,"['serene-grace', 'run-away', 'rattled']",노고치,['move_hyper-drill'],['0982'],[],[],2,1.5,0.75,0.5,0.3,0.5,50,"['move_rock-smash', 'move_strength']",['land'],common,normal,,14.0
0207,"['hyper-cutter', 'sand-veil', 'immunity']",글라이거,['razor-fang+time_night'],['0472'],[],[],2,1.1,0.24,0.5,0.3,0.5,50,"['move_defog', 'move_cut', 'move_rock-smash', 'move_strength']",['land'],common,ground,flying,64.8
0208,"['rock-head', 'sturdy', 'sheer-force']",강철톤,[],[],[],[],2,9.2,0.1,0.5,0.3,0.5,50,"['move_cut', 'move_rock-smash', 'move_strength']",['land'],epic,steel,ground,400.0
0208-mega,['sand-force'],강철톤,[],[],[],[],2,10.5,0.1,0.5,0.3,0.5,50,"['move_cut', 'move_rock-smash', 'move_strength']",['land'],epic,steel,ground,740.0
0209,"['intimidate', 'run-away', 'rattled']",블루,['candy_50'],['0210'],[],[],2,0.6,0.75,0.75,0.3,0.25,50,"['move_rock-smash', 'move_strength']",['land'],rare,fairy,,7.8
0210,"['intimidate', 'quick-feet', 'rattled']",그랑블루,[],[],[],[],2,1.4,0.29,0.75,0.3,0.25,50,"['move_rock-smash', 'move_strength']",['land'],epic,fairy,,48.7
0211,"['poison-point', 'swift-swim', 'intimidate']",침바루,[],,[],[],2,0.5,0.18,0.5,0.3,0.5,50,"['move_surf', 'move_waterfall', 'move_dive']",['water'],common,water,poison,3.9
0211_hisui,"['poison-point', 'swift-swim', 'intimidate']",침바루,['move_barb-barrage'],['0904'],[],[],2,0.5,0.18,0.5,0.3,0.5,50,"['move_surf', 'move_waterfall']",['land'],common,dark,poison,3.9
0212,"['swarm', 'technician', 'light_metal']",핫삼,[],[],[],[],2,1.8,0.1,0.5,0.3,0.5,50,"['move_defog', 'move_cut', 'move_rock-smash', 'move_strength']",['land'],epic,bug,steel,118.0
0212-mega,['technician'],핫삼,[],[],[],[],2,2.0,0.1,0.5,0.3,0.5,50,"['move_defog', 'move_cut', 'move_rock-smash', 'move_strength']",['land'],epic,bug,steel,125.0
0213,"['sturdy', 'gluttony', 'contrary']",단단지,[],[],[],[],2,0.6,0.75,0.5,0.3,0.5,50,"['move_flash', 'move_rock-smash', 'move_strength']",['land'],rare,bug,rock,20.5
0214,"['swarm', 'guts', 'moxie']",헤라크로스,[],[],[],[],2,1.5,0.18,0.5,0.3,0.5,50,"['move_cut', 'move_rock-smash', 'move_strength']",['land'],epic,bug,fighting,54.0
0214-mega,['skill-link'],헤라크로스,[],[],[],[],2,1.7,0.18,0.5,0.3,0.5,50,"['move_cut', 'move_rock-smash', 'move_strength']",['land'],epic,bug,fighting,62.5
0215,"['inner-focus', 'keen-eye', 'pickpocket']",포푸니,['razor-claw+time_night'],"['0461', '0903']",[],[],2,0.9,0.24,0.5,0.3,0.5,50,"['move_surf', 'move_cut', 'move_rock-smash', 'move_strength']",['land'],rare,dark,ice,28.0
0215_hisui,"['inner-focus', 'keen-eye', 'pickpocket']",포푸니,['razor-claw+time_day'],"['0461', '0903']",[],[],2,0.9,0.24,0.5,0.3,0.5,50,['move_rock-smash'],['land'],rare,fighting,poison,27.0
0216,"['pickup', 'quick-feet', 'honey-gather']",깜지곰,['candy_50'],['0217'],[],[],2,0.6,0.47,0.5,0.3,0.5,50,"['move_cut', 'move_rock-smash', 'move_strength']",['land'],common,normal,,8.8
0217,"['guts', 'quick-feet', 'unnerve']",링곰,['peat-block'],['0901'],[],[],2,1.8,0.24,0.5,0.3,0.5,50,"['move_cut', 'move_rock-smash', 'move_strength']",['land'],rare,normal,,125.8
0218,"['magma-armor', 'flame-body', 'weak-armor']",마그마그,['candy_50'],['0219'],[],[],2,0.7,0.75,0.5,0.3,0.5,50,['move_rock-smash'],['land'],common,fire,,35.0
0219,"['magma-armor', 'flame-body', 'weak-armor']",마그카르고,[],[],[],[],2,0.8,0.29,0.5,0.3,0.5,50,"['move_rock-smash', 'move_strength']",['land'],rare,fire,rock,55.0
0220,"['oblivious', 'snow-cloak', 'thick-fat']",꾸꾸리,['candy_50'],['0221'],[],[],2,0.4,0.88,0.5,0.3,0.5,50,"['move_rock-smash', 'move_strength']",['land'],common,ice,ground,6.5
0221,"['oblivious', 'snow-cloak', 'thick-fat']",메꾸리,['move_ancient-power'],['0473'],[],[],2,1.1,0.29,0.5,0.3,0.5,50,"['move_rock-smash', 'move_strength']",['land'],rare,ice,ground,55.8
0222,"['hustle', 'natural-cure', 'regenerator']",코산호,[],[],[],[],2,0.6,0.24,0.75,0.3,0.25,50,"['move_surf', 'move_rock-smash', 'move_strength']",['water'],common,water,rock,5.0
0222_galar,"['weak-armor', 'cursed-body']",코산호,['candy_50'],['0864'],[],[],2,0.6,0.24,0.75,0.3,0.25,50,['move_surf'],['land'],rare,ghost,,0.5
0223,"['hustle', 'sniper', 'moody']",총어,['candy_50'],['0224'],[],[],2,0.6,0.75,0.5,0.3,0.5,50,"['move_surf', 'move_waterfall', 'move_dive']",['water'],common,water,,12.0
0224,"['suction-cups', 'sniper', 'moody']",대포무노,[],[],[],[],2,0.9,0.29,0.5,0.3,0.5,50,"['move_surf', 'move_waterfall', 'move_dive']",['water'],rare,water,,28.5
0225,"['vital-spirit', 'hustle', 'insomnia']",딜리버드,[],[],[],[],2,0.9,0.18,0.5,0.3,0.5,50,"['move_defog', 'move_fly']",['land'],rare,ice,flying,16.0
0226,"['swift-swim', 'water-absorb', 'water-veil']",만타인,[],[],[],[],2,2.1,0.1,0.5,0.3,0.5,50,"['move_surf', 'move_defog', 'move_waterfall', 'move_dive']",['water'],rare,water,flying,220.0
0227,"['keen-eye', 'sturdy', 'weak-armor']",무장조,[],[],[],[],2,1.7,0.1,0.5,0.3,0.5,50,"['move_flash', 'move_defog', 'move_cut', 'move_rock-smash', 'move_fly']",['land'],rare,steel,flying,50.5
0227-mega,[],무장조,[],[],[],[],2,1.7,0.1,0.5,0.3,0.5,50,[],['land'],rare,steel,flying,40.4
0228,"['early-bird', 'flash-fire', 'unnerve']",델빌,['candy_50'],['0229'],[],[],2,0.6,0.47,0.5,0.3,0.5,50,['move_rock-smash'],['land'],common,dark,fire,10.8
0229,"['early-bird', 'flash-fire', 'unnerve']",헬가,[],[],[],[],2,1.4,0.18,0.5,0.3,0.5,50,"['move_rock-smash', 'move_strength']",['land'],rare,dark,fire,35.0
0229-mega,['solar-power'],헬가,[],[],[],[],2,1.9,0.18,0.5,0.3,0.5,50,"['move_rock-smash', 'move_strength']",['land'],rare,dark,fire,49.5
0230,"['swift-swim', 'sniper', 'damp']",킹드라,[],[],[],[],2,1.8,0.18,0.5,0.3,0.5,50,"['move_surf', 'move_waterfall', 'move_dive']",['water'],epic,water,dragon,152.0
0231,"['pickup', 'sand-veil']",코코리,['candy_50'],['0232'],[],[],2,0.5,0.47,0.5,0.3,0.5,50,"['move_rock-smash', 'move_strength']",['land'],common,ground,,33.5
0232,"['sturdy', 'sand-veil']",코리갑,[],[],[],[],2,1.1,0.24,0.5,0.3,0.5,50,"['move_rock-smash', 'move_strength']",['land'],rare,ground,,120.0
0233,"['trace', 'download', 'analytic']",폴리곤2,['dubious-disc'],['0474'],[],[],2,0.6,0.18,0.0,0.3,0.0,50,['move_flash'],['land'],rare,normal,,32.5
0234,"['intimidate', 'frisk', 'sap-sipper']",노라키,['move_psyshield-bash'],['0899'],[],[],2,1.4,0.18,0.5,0.3,0.5,50,['move_flash'],['land'],common,normal,,71.2
0235,"['own-tempo', 'technician', 'moody']",루브도,[],[],[],[],2,1.2,0.18,0.5,0.3,0.5,50,[],['land'],rare,normal,,58.0
0236,"['guts', 'steadfast', 'vital-spirit']",배루키,"['candy_30', 'candy_30', 'candy_30']","['0106', '0107', '0237']",[],[],2,0.7,0.29,0.0,0.3,1.0,50,"['move_rock-smash', 'move_strength']",['land'],common,fighting,,21.0
0237,"['intimidate', 'technician', 'steadfast']",카포에라,[],[],[],[],2,1.4,0.18,0.0,0.3,1.0,50,"['move_rock-smash', 'move_strength']",['land'],rare,fighting,,48.0
0238,"['oblivious', 'forewarn', 'hydration']",뽀뽀라,['candy_50'],['0124'],[],[],2,0.4,0.18,1.0,0.3,0.0,50,"['move_mean-look', 'move_flash']",['land'],common,ice,psychic,6.0
0239,"['static', 'vital-spirit']",에레키드,['candy_50'],['0125'],[],[],2,0.6,0.18,0.25,0.3,0.75,50,"['move_flash', 'move_rock-smash']",['land'],common,electric,,23.5
0240,"['flame-body', 'vital-spirit']",마그비,['candy_50'],['0126'],[],[],2,0.7,0.18,0.25,0.3,0.75,50,['move_rock-smash'],['land'],common,fire,,21.4
0241,"['thick-fat', 'scrappy', 'sap-sipper']",밀탱크,[],[],[],[],2,1.2,0.18,1.0,0.3,0.0,50,"['move_surf', 'move_rock-smash', 'move_strength']",['land'],rare,normal,,75.5
0242,"['natural-cure', 'serene-grace', 'healer']",해피너스,[],[],[],[],2,1.5,0.12,1.0,0.3,0.0,50,"['move_flash', 'move_rock-smash', 'move_strength']",['land'],epic,normal,,46.8
0243,"['pressure', 'inner-focus']",라이코,[],[],[],[],2,1.9,0.01,0.0,0.3,0.0,50,"['move_flash', 'move_cut', 'move_rock-smash', 'move_strength']",['land'],legendary,electric,,178.0
0244,"['pressure', 'inner-focus']",앤테이,[],[],[],[],2,2.1,0.01,0.0,0.3,0.0,50,"['move_flash', 'move_cut', 'move_rock-smash', 'move_strength']",['land'],legendary,fire,,198.0
0245,"['pressure', 'inner-focus']",스이쿤,[],[],[],[],2,2.0,0.01,0.0,0.3,0.0,50,"['move_surf', 'move_cut', 'move_rock-smash', 'move_waterfall', 'move_dive']",['water'],legendary,water,,187.0
0246,"['guts', 'sand-veil']",애버라스,['candy_50'],['0247'],[],[],2,0.6,0.18,0.5,0.3,0.5,50,['move_rock-smash'],['land'],common,rock,ground,72.0
0247,['shed-skin'],데기라스,['candy_100'],['0248'],[],[],2,1.2,0.18,0.5,0.3,0.5,50,['move_rock-smash'],['land'],rare,rock,ground,152.0
0248,"['sand-stream', 'unnerve']",마기라스,[],[],[],[],2,2.0,0.18,0.5,0.3,0.5,50,"['move_surf', 'move_cut', 'move_rock-smash', 'move_strength']",['land'],epic,rock,dark,202.0
0248-mega,['sand-stream'],마기라스,[],[],[],[],2,2.5,0.18,0.5,0.3,0.5,50,"['move_surf', 'move_cut', 'move_rock-smash', 'move_strength']",['land'],epic,rock,dark,255.0
0249,"['pressure', 'multiscale']",루기아,[],[],[],[],2,5.2,0.01,0.0,0.3,0.0,50,"['move_surf', 'move_flash', 'move_defog', 'move_rock-smash', 'move_strength', 'move_waterfall', 'move_dive', 'move_fly']",['land'],legendary,psychic,flying,216.0
0250,"['pressure', 'regenerator']",칠색조,[],[],[],[],2,3.8,0.01,0.0,0.3,0.0,50,"['move_flash', 'move_defog', 'move_rock-smash', 'move_strength', 'move_fly']",['land'],legendary,fire,flying,199.0
0251,['natural-cure'],세레비,[],[],[],[],2,0.6,0.18,0.0,0.3,0.0,50,"['move_flash', 'move_cut']",['land'],legendary,psychic,grass,5.0
0252,"['overgrow', 'unburden']",나무지기,['candy_50'],['0253'],[],[],3,0.5,0.18,0.12,0.3,0.88,50,"['move_flash', 'move_cut', 'move_rock-smash', 'move_strength']",['land'],epic,grass,,5.0
0253,"['overgrow', 'unburden']",나무돌이,['candy_100'],['0254'],[],[],3,0.9,0.18,0.12,0.3,0.88,50,"['move_flash', 'move_cut', 'move_rock-smash', 'move_strength']",['land'],epic,grass,,21.6
0254,"['overgrow', 'unburden']",나무킹,[],[],[],[],3,1.7,0.18,0.12,0.3,0.88,50,"['move_flash', 'move_cut', 'move_rock-smash', 'move_strength']",['land'],epic,grass,,52.2
0254-mega,['lightning-rod'],나무킹,[],[],[],[],3,1.9,0.18,0.12,0.3,0.88,50,"['move_flash', 'move_cut', 'move_rock-smash', 'move_strength']",['land'],epic,grass,dragon,55.2
0255,"['blaze', 'speed-boost']",아차모,['candy_50'],['0256'],[],[],3,0.4,0.18,0.12,0.3,0.88,50,"['move_defog', 'move_cut', 'move_rock-smash', 'move_strength']",['land'],epic,fire,,2.5
0256,"['blaze', 'speed-boost']",영치코,['candy_100'],['0257'],[],[],3,0.9,0.18,0.12,0.3,0.88,50,"['move_defog', 'move_cut', 'move_rock-smash', 'move_strength']",['land'],epic,fire,fighting,19.5
0257,"['blaze', 'speed-boost']",번치코,[],[],[],[],3,1.9,0.18,0.12,0.3,0.88,50,"['move_defog', 'move_cut', 'move_rock-smash', 'move_strength']",['land'],epic,fire,fighting,52.0
0257-mega,['speed-boost'],번치코,[],[],[],[],3,1.9,0.18,0.12,0.3,0.88,50,"['move_defog', 'move_cut', 'move_rock-smash', 'move_strength']",['land'],epic,fire,fighting,52.0
0258,"['torrent', 'damp']",물짱이,['candy_50'],['0259'],[],[],3,0.4,0.18,0.12,0.3,0.88,50,"['move_surf', 'move_rock-smash', 'move_strength', 'move_waterfall', 'move_dive']",['water'],epic,water,,7.6
0259,"['torrent', 'damp']",늪짱이,['candy_100'],['0260'],[],[],3,0.7,0.18,0.12,0.3,0.88,50,"['move_surf', 'move_rock-smash', 'move_strength', 'move_waterfall', 'move_dive']",['water'],epic,water,ground,28.0
0260,"['torrent', 'damp']",대짱이,[],[],[],[],3,1.5,0.18,0.12,0.3,0.88,50,"['move_surf', 'move_rock-smash', 'move_strength', 'move_waterfall', 'move_dive']",['water'],epic,water,ground,81.9
0260-mega,['swift-swim'],대짱이,[],[],[],[],3,1.9,0.18,0.12,0.3,0.88,50,"['move_surf', 'move_rock-smash', 'move_strength', 'move_waterfall', 'move_dive']",['water'],epic,water,ground,102.0
0261,"['run-away', 'quick-feet', 'rattled']",포챠나,['candy_50'],['0262'],[],[],3,0.5,1.0,0.5,0.3,0.5,50,['move_rock-smash'],['land'],common,dark,,13.6
0262,"['intimidate', 'quick-feet', 'moxie']",그라에나,[],[],[],[],3,1.0,0.5,0.5,0.3,0.5,50,"['move_rock-smash', 'move_strength']",['land'],rare,dark,,37.0
0263,"['pickup', 'gluttony', 'quick-feet']",지그제구리,['candy_50'],['0264'],[],[],3,0.4,1.0,0.5,0.3,0.5,50,"['move_surf', 'move_cut', 'move_rock-smash']",['land'],common,normal,,17.5
0263_galar,"['pickup', 'gluttony', 'quick-feet']",지그제구리,['candy_50'],['0264_galar'],[],[],3,0.4,1.0,0.5,0.3,0.5,50,['move_surf'],['land'],common,dark,normal,17.5
0264,"['pickup', 'gluttony', 'quick-feet']",직구리,,,[],[],3,0.5,0.35,0.5,0.3,0.5,50,"['move_surf', 'move_cut', 'move_rock-smash', 'move_strength']",['land'],rare,normal,,32.5
0264_galar,"['pickup', 'gluttony', 'quick-feet']",직구리,['candy_75+time_night'],['0862'],[],[],3,0.5,0.35,0.5,0.3,0.5,50,['move_surf'],['land'],rare,dark,normal,32.5
0265,"['shield-dust', 'run-away']",개무소,"['candy_15', 'candy_15']","['0266', '0268']",[],[],3,0.3,1.0,0.5,0.3,0.5,50,[],['land'],common,bug,,3.6
0266,['shed-skin'],실쿤,['candy_30'],['0267'],[],[],3,0.6,0.47,0.5,0.3,0.5,50,[],['land'],rare,bug,,10.0
0267,"['swarm', 'rivalry']",뷰티플라이,[],[],[],[],3,1.0,0.18,0.5,0.3,0.5,50,"['move_flash', 'move_defog']",['land'],rare,bug,flying,28.4
0268,['shed-skin'],카스쿤,['candy_30'],['0269'],[],[],3,0.7,0.47,0.5,0.3,0.5,50,[],['land'],rare,bug,,11.5
0269,"['shield-dust', 'compound-eyes']",독케일,[],[],[],[],3,1.2,0.18,0.5,0.3,0.5,50,"['move_flash', 'move_defog']",['land'],rare,bug,poison,31.6
0270,"['swift-swim', 'rain-dish', 'own-tempo']",연꽃몬,['candy_40'],['0271'],[],[],3,0.5,1.0,0.5,0.3,0.5,50,"['move_surf', 'move_flash']",['water'],common,water,grass,2.6
0271,"['swift-swim', 'rain-dish', 'own-tempo']",로토스,['water-stone'],['0272'],[],[],3,1.2,0.47,0.5,0.3,0.5,50,"['move_surf', 'move_flash', 'move_rock-smash', 'move_strength', 'move_waterfall', 'move_dive']",['water'],rare,water,grass,32.5
0272,"['swift-swim', 'rain-dish', 'own-tempo']",로파파,[],[],[],[],3,1.5,0.18,0.5,0.3,0.5,50,"['move_surf', 'move_flash', 'move_rock-smash', 'move_strength', 'move_waterfall', 'move_dive']",['water'],epic,water,grass,55.0
0273,"['chlorophyll', 'early-bird', 'pickpocket']",도토링,['candy_40'],['0274'],[],[],3,0.5,1.0,0.5,0.3,0.5,50,"['move_flash', 'move_defog', 'move_rock-smash']",['land'],common,grass,,4.0
0274,"['chlorophyll', 'early-bird', 'pickpocket']",잎새코,['leaf-stone'],['0275'],[],[],3,1.0,0.47,0.5,0.3,0.5,50,"['move_flash', 'move_defog', 'move_cut', 'move_rock-smash', 'move_strength']",['land'],rare,grass,dark,28.0
0275,"['chlorophyll', 'wind-rider', 'pickpocket']",다탱구,[],[],[],[],3,1.3,0.18,0.5,0.3,0.5,50,"['move_flash', 'move_defog', 'move_cut', 'move_rock-smash', 'move_strength']",['land'],epic,grass,dark,59.6
0276,"['guts', 'scrappy']",테일로,['candy_50'],['0277'],[],[],3,0.3,0.78,0.5,0.3,0.5,50,"['move_defog', 'move_fly']",['land'],common,normal,flying,2.3
0277,"['guts', 'scrappy']",스왈로,[],[],[],[],3,0.7,0.18,0.5,0.3,0.5,50,"['move_defog', 'move_fly']",['land'],rare,normal,flying,19.8
0278,"['keen-eye', 'hydration', 'rain-dish']",갈모매,['candy_50'],['0279'],[],[],3,0.6,0.75,0.5,0.3,0.5,50,"['move_surf', 'move_defog', 'move_waterfall', 'move_fly']",['water'],common,water,flying,9.5
0279,"['keen-eye', 'drizzle', 'rain-dish']",패리퍼,[],[],[],[],3,1.2,0.18,0.5,0.3,0.5,50,"['move_surf', 'move_defog', 'move_waterfall', 'move_fly']",['water'],rare,water,flying,28.0
0280,"['synchronize', 'trace', 'telepathy']",랄토스,['candy_50'],['0281'],[],[],3,0.4,0.92,0.5,0.3,0.5,50,"['move_mean-look', 'move_flash']",['land'],common,psychic,fairy,6.6
0281,"['synchronize', 'trace', 'telepathy']",킬리아,"['candy_120', 'dawn-stone+male']","['0282', '0475']",[],[],3,0.8,0.47,0.5,0.3,0.5,50,['move_flash'],['land'],rare,psychic,fairy,20.2
0282,"['synchronize', 'trace', 'telepathy']",가디안,[],[],[],[],3,1.6,0.18,0.5,0.3,0.5,50,['move_flash'],['land'],epic,psychic,fairy,48.4
0282-mega,['pixilate'],가디안,[],[],[],[],3,1.6,0.18,0.5,0.3,0.5,50,['move_flash'],['land'],epic,psychic,fairy,48.4
0283,"['swift-swim', 'rain-dish']",비구술,['candy_35'],['0284'],[],[],3,0.5,0.78,0.5,0.3,0.5,50,"['move_surf', 'move_flash', 'move_waterfall']",['water'],common,bug,water,1.7
0284,"['intimidate', 'unnerve']",비나방,[],[],[],[],3,0.8,0.29,0.5,0.3,0.5,50,"['move_surf', 'move_flash', 'move_defog', 'move_waterfall']",['land'],rare,bug,flying,3.6
0285,"['effect-spore', 'poison-heal', 'quick-feet']",버섯꼬,['candy_50'],['0286'],[],[],3,0.4,1.0,0.5,0.3,0.5,50,['move_flash'],['land'],common,grass,,4.5
0286,"['effect-spore', 'poison-heal', 'technician']",버섯모,[],[],[],[],3,1.2,0.35,0.5,0.3,0.5,50,"['move_flash', 'move_cut', 'move_rock-smash', 'move_strength']",['land'],rare,grass,fighting,39.2
0287,['truant'],게을로,['candy_50'],['0288'],[],[],3,0.8,1.0,0.5,0.3,0.5,50,"['move_cut', 'move_rock-smash', 'move_strength']",['land'],common,normal,,24.0
0288,['vital-spirit'],발바로,['candy_200'],['0289'],[],[],3,1.4,0.47,0.5,0.3,0.5,50,"['move_cut', 'move_rock-smash', 'move_strength']",['land'],rare,normal,,46.5
0289,['truant'],게을킹,[],[],[],[],3,2.0,0.18,0.5,0.3,0.5,50,"['move_cut', 'move_rock-smash', 'move_strength']",['land'],epic,normal,,130.5
0290,"['compound-eyes', 'run-away']",토중몬,"['candy_30', 'poke-ball']","['0291', '0292']",[],[],3,0.5,1.0,0.5,0.3,0.5,50,"['move_flash', 'move_cut']",['land'],common,bug,ground,5.5
0291,"['speed-boost', 'infiltrator']",아이스크,[],[],[],[],3,0.8,0.47,0.5,0.3,0.5,50,"['move_flash', 'move_defog', 'move_cut']",['land'],rare,bug,flying,12.0
0292,['wonder-guard'],껍질몬,[],[],[],[],3,0.8,0.18,0.0,0.3,0.0,50,"['move_flash', 'move_cut']",['land'],rare,bug,ghost,1.2
0293,"['soundproof', 'rattled']",소곤룡,['candy_40'],['0294'],[],[],3,0.6,0.75,0.5,0.3,0.5,50,[],['land'],common,normal,,16.3
0294,"['soundproof', 'scrappy']",노공룡,['candy_70'],['0295'],[],[],3,1.0,0.47,0.5,0.3,0.5,50,"['move_rock-smash', 'move_strength']",['land'],rare,normal,,40.5
0295,"['soundproof', 'scrappy']",폭음룡,[],[],[],[],3,1.5,0.18,0.5,0.3,0.5,50,"['move_surf', 'move_rock-smash', 'move_strength']",['land'],epic,normal,,84.0
0296,"['thick-fat', 'guts', 'sheer-force']",마크탕,['candy_50'],['0297'],[],[],3,1.0,0.71,0.25,0.3,0.75,50,"['move_surf', 'move_rock-smash', 'move_strength']",['land'],common,fighting,,86.4
0297,"['thick-fat', 'guts', 'sheer-force']",하리뭉,[],[],[],[],3,2.3,0.78,0.25,0.3,0.75,50,"['move_surf', 'move_rock-smash', 'move_strength']",['land'],rare,fighting,,253.8
0298,"['thick-fat', 'huge-power', 'sap-sipper']",루리리,['friendship_220'],['0183'],[],[],3,0.2,0.59,0.75,0.3,0.25,50,"['move_surf', 'move_waterfall']",['land'],common,normal,fairy,2.0
0299,"['sturdy', 'magnet-pull', 'sand-force']",코코파스,['thunder-stone'],['0476'],[],[],3,1.0,1.0,0.5,0.3,0.5,50,"['move_rock-smash', 'move_strength']",['land'],common,rock,,97.0
0300,"['cute-charm', 'normalize', 'wonder-skin']",에나비,['moon-stone'],['0301'],[],[],3,0.6,1.0,0.75,0.3,0.25,50,['move_flash'],['land'],common,normal,,11.0
0301,"['cute-charm', 'normalize', 'wonder-skin']",델케티,[],[],[],[],3,1.1,0.24,0.75,0.3,0.25,50,"['move_flash', 'move_rock-smash', 'move_strength']",['land'],rare,normal,,32.6
0302,"['keen-eye', 'stall', 'ptierster']",깜까미,[],[],[],[],3,0.5,0.18,0.5,0.3,0.5,50,"['move_mean-look', 'move_flash', 'move_cut', 'move_rock-smash']",['land'],common,dark,ghost,11.0
0302-mega,['magic-bounce'],깜까미,[],[],[],[],3,0.5,0.18,0.5,0.3,0.5,50,"['move_mean-look', 'move_flash', 'move_cut', 'move_rock-smash']",['land'],common,dark,ghost,161.0
0303,"['hyper-cutter', 'intimidate', 'sheer-force']",입치트,[],[],[],[],3,0.6,0.18,0.5,0.3,0.5,50,"['move_rock-smash', 'move_strength']",['land'],common,steel,fairy,11.5
0303-mega,['huge-power'],입치트,[],[],[],[],3,1.0,0.18,0.5,0.3,0.5,50,"['move_rock-smash', 'move_strength']",['land'],common,steel,fairy,23.5
0304,"['sturdy', 'rock-head', 'heavy_metal']",가보리,['candy_50'],['0305'],[],[],3,0.4,0.71,0.5,0.3,0.5,50,"['move_cut', 'move_rock-smash', 'move_strength']",['land'],common,steel,rock,60.0
0305,"['sturdy', 'rock-head', 'heavy_metal']",갱도라,['candy_100'],['0306'],[],[],3,0.9,0.35,0.5,0.3,0.5,50,"['move_cut', 'move_rock-smash', 'move_strength']",['land'],rare,steel,rock,120.0
0306,"['sturdy', 'rock-head', 'heavy_metal']",보스로라,[],[],[],[],3,2.1,0.18,0.5,0.3,0.5,50,"['move_surf', 'move_cut', 'move_rock-smash', 'move_strength']",['land'],epic,steel,rock,360.0
0306-mega,['filter'],보스로라,[],[],[],[],3,,0.18,0.5,0.3,0.5,50,"['move_surf', 'move_cut', 'move_rock-smash', 'move_strength']",['land'],epic,steel,,
0307,"['pure-power', 'telepathy']",요가랑,['candy_75'],['0308'],[],[],3,0.6,0.71,0.5,0.3,0.5,50,"['move_flash', 'move_rock-smash', 'move_strength']",['land'],common,fighting,psychic,11.2
0308,"['pure-power', 'telepathy']",요가램,[],[],[],[],3,1.3,0.35,0.5,0.3,0.5,50,"['move_flash', 'move_rock-smash', 'move_strength']",['land'],rare,fighting,psychic,31.5
0308-mega,['pure-power'],요가램,[],[],[],[],3,1.3,0.35,0.5,0.3,0.5,50,"['move_flash', 'move_rock-smash', 'move_strength']",['land'],rare,fighting,psychic,31.5
0309,"['static', 'lightning-rod', 'minus']",썬더라이,['candy_50'],['0310'],[],[],3,0.6,0.47,0.5,0.3,0.5,50,"['move_flash', 'move_strength']",['land'],common,electric,,15.2
0310,"['static', 'lightning-rod', 'minus']",썬더볼트,[],[],[],[],3,1.5,0.18,0.5,0.3,0.5,50,"['move_flash', 'move_strength']",['land'],rare,electric,,40.2
0310-mega,['intimidate'],썬더볼트,[],[],[],[],3,1.8,0.18,0.5,0.3,0.5,50,"['move_flash', 'move_strength']",['land'],rare,electric,,44.0
0311,"['plus', 'lightning-rod']",플러시,[],[],[],[],3,0.4,0.78,0.5,0.3,0.5,50,['move_flash'],['land'],common,electric,,4.2
0312,"['minus', 'volt-absorb']",마이농,[],[],[],[],3,0.4,0.78,0.5,0.3,0.5,50,['move_flash'],['land'],common,electric,,4.2
0313,"['illuminate', 'swarm', 'ptierster']",볼비트,[],[],[],[],3,0.7,0.59,0.0,0.3,1.0,50,"['move_flash', 'move_defog']",['land'],common,bug,,17.7
0314,"['oblivious', 'tinted-lens', 'ptierster']",네오비트,[],[],[],[],3,0.6,0.59,1.0,0.3,0.0,50,"['move_flash', 'move_defog']",['land'],common,bug,,17.7
0315,"['natural-cure', 'poison-point', 'leaf-guard']",로젤리아,['shiny-stone'],['0407'],[],[],3,0.3,0.59,0.5,0.3,0.5,50,"['move_flash', 'move_cut']",['land'],rare,grass,poison,2.0
0316,"['liquid-ooze', 'sticky-hold', 'gluttony']",꼴깍몬,['candy_50'],['0317'],[],[],3,0.4,0.88,0.5,0.3,0.5,50,"['move_rock-smash', 'move_strength']",['land'],common,poison,,10.3
0317,"['liquid-ooze', 'sticky-hold', 'gluttony']",꿀꺽몬,[],[],[],[],3,1.7,0.29,0.5,0.3,0.5,50,"['move_rock-smash', 'move_strength']",['land'],rare,poison,,80.0
0318,"['rough-skin', 'speed-boost']",샤프니아,['candy_50'],['0319'],[],[],3,0.8,0.88,0.5,0.3,0.5,50,"['move_surf', 'move_waterfall', 'move_dive']",['water'],common,water,dark,20.8
0319,"['rough-skin', 'speed-boost']",샤크니아,[],[],[],[],3,1.8,0.24,0.5,0.3,0.5,50,"['move_surf', 'move_rock-smash', 'move_strength', 'move_waterfall', 'move_dive']",['water'],rare,water,dark,88.8
0319-mega,['strong-jaw'],샤크니아,[],[],[],[],3,2.5,0.24,0.5,0.3,0.5,50,"['move_surf', 'move_rock-smash', 'move_strength', 'move_waterfall', 'move_dive']",['water'],rare,water,dark,130.3
0320,"['water-veil', 'oblivious', 'pressure']",고래왕자,['candy_200'],['0321'],[],[],3,2.0,0.49,0.5,0.3,0.5,50,"['move_surf', 'move_rock-smash', 'move_strength', 'move_waterfall', 'move_dive']",['water'],common,water,,130.0
0321,"['water-veil', 'oblivious', 'pressure']",고래왕,[],[],[],[],3,14.5,0.24,0.5,0.3,0.5,50,"['move_surf', 'move_rock-smash', 'move_strength', 'move_waterfall', 'move_dive']",['water'],epic,water,,398.0
0322,"['oblivious', 'simple', 'own-tempo']",둔타,['candy_75'],['0323'],[],[],3,0.7,1.0,0.5,0.3,0.5,50,"['move_rock-smash', 'move_strength']",['land'],common,fire,ground,24.0
0323,"['magma-armor', 'solid-rock', 'anger-point']",폭타,[],[],[],[],3,1.9,0.59,0.5,0.3,0.5,50,"['move_rock-smash', 'move_strength']",['land'],rare,fire,ground,220.0
0323-mega,['sheer-force'],폭타,[],[],[],[],3,2.5,0.59,0.5,0.3,0.5,50,"['move_rock-smash', 'move_strength']",['land'],rare,fire,ground,320.5
0324,"['white-smoke', 'drought', 'shell-armor']",코터스,[],[],[],[],3,0.5,0.35,0.5,0.3,0.5,50,"['move_rock-smash', 'move_strength']",['land'],common,fire,,80.4
0325,"['thick-fat', 'own-tempo', 'gluttony']",피그점프,['candy_50'],['0326'],[],[],3,0.7,1.0,0.5,0.3,0.5,50,['move_flash'],['land'],common,psychic,,30.6
0326,"['thick-fat', 'own-tempo', 'gluttony']",피그킹,[],[],[],[],3,0.9,0.24,0.5,0.3,0.5,50,['move_flash'],['land'],rare,psychic,,71.5
0327,"['own-tempo', 'tangled-feet', 'contrary']",얼루기,[],[],[],[],3,1.1,1.0,0.5,0.3,0.5,50,"['move_flash', 'move_rock-smash', 'move_strength']",['land'],common,normal,,5.0
0328,"['hyper-cutter', 'arena-trap', 'sheer-force']",톱치,['candy_50'],['0329'],[],[],3,0.7,1.0,0.5,0.3,0.5,50,"['move_rock-smash', 'move_strength']",['land'],common,ground,,15.0
0329,['levitate'],비브라바,['candy_100'],['0330'],[],[],3,1.1,0.47,0.5,0.3,0.5,50,"['move_defog', 'move_rock-smash', 'move_strength', 'move_fly']",['land'],rare,ground,dragon,15.3
0330,['levitate'],플라이곤,[],[],[],[],3,2.0,0.18,0.5,0.3,0.5,50,"['move_defog', 'move_rock-smash', 'move_strength', 'move_fly']",['land'],epic,ground,dragon,82.0
0331,"['sand-veil', 'water-absorb']",선인왕,['candy_45'],['0332'],[],[],3,0.4,0.75,0.5,0.3,0.5,50,"['move_flash', 'move_cut']",['land'],common,grass,,51.3
0332,"['sand-veil', 'water-absorb']",밤선인,[],[],[],[],3,1.3,0.24,0.5,0.3,0.5,50,"['move_flash', 'move_cut', 'move_strength']",['land'],rare,grass,dark,77.4
0333,"['natural-cure', 'cloud-nine']",파비코,['candy_70'],['0334'],[],[],3,0.4,1.0,0.5,0.3,0.5,50,"['move_defog', 'move_fly']",['land'],rare,normal,flying,1.2
0334,"['natural-cure', 'cloud-nine']",파비코리,[],[],[],[],3,1.1,0.18,0.5,0.3,0.5,50,"['move_defog', 'move_rock-smash', 'move_fly']",['land'],epic,dragon,flying,20.6
0334-mega,['pixilate'],파비코리,[],[],[],[],3,1.5,0.18,0.5,0.3,0.5,50,"['move_defog', 'move_rock-smash', 'move_fly']",['land'],epic,dragon,fairy,20.6
0335,"['immunity', 'toxic-boost']",쟝고,[],[],[],[],3,1.3,0.35,0.5,0.3,0.5,50,"['move_surf', 'move_rock-smash', 'move_strength']",['land'],rare,normal,,40.3
0336,"['shed-skin', 'infiltrator']",세비퍼,[],[],[],[],3,2.7,0.35,0.5,0.3,0.5,50,"['move_rock-smash', 'move_strength']",['land'],rare,poison,,52.5
0337,['levitate'],루나톤,[],[],[],[],3,1.0,0.18,0.0,0.3,0.0,50,['move_flash'],['land'],rare,rock,psychic,168.0
0338,['levitate'],솔록,[],[],[],[],3,1.2,0.18,0.0,0.3,0.0,50,['move_flash'],['land'],rare,rock,psychic,154.0
0339,"['oblivious', 'anticipation', 'hydration']",미꾸리,['candy_50'],['0340'],[],[],3,0.4,0.75,0.5,0.3,0.5,50,"['move_surf', 'move_waterfall', 'move_dive']",['water'],common,water,ground,1.9
0340,"['oblivious', 'anticipation', 'hydration']",메깅,[],[],[],[],3,0.9,0.29,0.5,0.3,0.5,50,"['move_surf', 'move_rock-smash', 'move_strength', 'move_waterfall', 'move_dive']",['water'],rare,water,ground,23.6
0341,"['hyper-cutter', 'shell-armor', 'adaptability']",가재군,['candy_50'],['0342'],[],[],3,0.6,0.8,0.5,0.3,0.5,50,"['move_surf', 'move_cut', 'move_rock-smash', 'move_strength', 'move_waterfall']",['water'],common,water,,11.5
0342,"['hyper-cutter', 'shell-armor', 'adaptability']",가재장군,[],[],[],[],3,1.1,0.61,0.5,0.3,0.5,50,"['move_surf', 'move_cut', 'move_rock-smash', 'move_strength', 'move_waterfall', 'move_dive']",['water'],rare,water,dark,32.8
0343,['levitate'],오뚝군,['candy_60'],['0344'],[],[],3,0.5,1.0,0.0,0.3,0.0,50,['move_flash'],['land'],common,ground,psychic,21.5
0344,['levitate'],점토도리,[],[],[],[],3,1.5,0.35,0.0,0.3,0.0,50,"['move_flash', 'move_rock-smash', 'move_strength']",['land'],rare,ground,psychic,108.0
0345,"['suction-cups', 'storm-drain']",릴링,['candy_40'],['0346'],[],[],3,1.0,0.18,0.12,0.3,0.88,50,['move_flash'],['land'],common,rock,grass,23.8
0346,"['suction-cups', 'storm-drain']",릴리요,[],[],[],[],3,1.5,0.18,0.12,0.3,0.88,50,"['move_flash', 'move_rock-smash', 'move_strength']",['land'],rare,rock,grass,60.4
0347,"['battle-armor', 'swift-swim']",아노딥스,['candy_40'],['0348'],[],[],3,0.7,0.18,0.12,0.3,0.88,50,"['move_cut', 'move_rock-smash']",['land'],common,rock,bug,12.5
0348,"['battle-armor', 'swift-swim']",아말도,[],[],[],[],3,1.5,0.18,0.12,0.3,0.88,50,"['move_cut', 'move_rock-smash', 'move_strength']",['land'],rare,rock,bug,68.2
0349,"['swift-swim', 'oblivious', 'adaptability']",빈티나,['friendship_220+prism-scale'],['0350'],[],[],3,0.6,1.0,0.5,0.3,0.5,50,"['move_surf', 'move_waterfall', 'move_dive']",['water'],rare,water,,7.4
0350,"['marvel-scale', 'competitive', 'cute-charm']",밀로틱,[],[],[],[],3,6.2,0.24,0.5,0.3,0.5,50,"['move_surf', 'move_waterfall', 'move_dive']",['water'],epic,water,,162.0
0351,['forecast'],캐스퐁,[],[],[],[],3,0.3,0.18,0.5,0.3,0.5,50,"['move_flash', 'move_defog']",['land'],common,normal,,0.8
0351-sunny,['forecast'],캐스퐁,[],[],[],[],3,0.3,0.18,0.5,0.3,0.5,50,"['move_flash', 'move_defog']",['land'],common,fire,,0.8
0351-rainy,['forecast'],캐스퐁,[],[],[],[],3,0.3,0.18,0.5,0.3,0.5,50,"['move_flash', 'move_defog']",['water'],common,water,,0.8
0351-snowy,['forecast'],캐스퐁,[],[],[],[],3,0.3,0.18,0.5,0.3,0.5,50,"['move_flash', 'move_defog']",['land'],common,ice,,0.8
0352,"['color-change', 'protean']",켈리몬,[],[],[],[],3,1.0,0.78,0.5,0.3,0.5,50,"['move_flash', 'move_cut', 'move_rock-smash', 'move_strength']",['land'],rare,normal,,22.0
0353,"['insomnia', 'frisk', 'cursed-body']",어둠대신,['candy_50'],['0354'],[],[],3,0.6,0.88,0.5,0.3,0.5,50,['move_flash'],['land'],common,ghost,,2.3
0354,"['insomnia', 'frisk', 'cursed-body']",다크펫,[],[],[],[],3,1.1,0.18,0.5,0.3,0.5,50,['move_flash'],['land'],rare,ghost,,12.5
0354-mega,['ptierster'],다크펫,[],[],[],[],3,1.2,0.18,0.5,0.3,0.5,50,['move_flash'],['land'],rare,ghost,,13.0
0355,"['levitate', 'frisk']",해골몽,['candy_50'],['0356'],[],[],3,0.8,0.75,0.5,0.3,0.5,50,"['move_mean-look', 'move_flash']",['land'],common,ghost,,15.0
0356,"['pressure', 'frisk']",미라몽,['reaper-cloth'],['0477'],[],[],3,1.6,0.35,0.5,0.3,0.5,50,"['move_mean-look', 'move_flash', 'move_rock-smash', 'move_strength']",['land'],rare,ghost,,30.6
0357,"['chlorophyll', 'solar-power', 'harvest']",트로피우스,[],[],[],[],3,2.0,0.78,0.5,0.3,0.5,50,"['move_flash', 'move_defog', 'move_cut', 'move_rock-smash', 'move_strength', 'move_fly']",['land'],rare,grass,flying,100.0
0358,['levitate'],치렁,[],[],[],[],3,0.6,0.18,0.5,0.3,0.5,50,"['move_flash', 'move_defog']",['land'],rare,psychic,,1.0
0359,"['pressure', 'super-luck', 'justified']",앱솔,[],[],[],[],3,1.2,0.12,0.5,0.3,0.5,50,"['move_mean-look', 'move_flash', 'move_cut', 'move_rock-smash', 'move_strength']",['land'],epic,dark,,47.0
0359-mega,['magic-bounce'],앱솔,[],[],[],[],3,1.2,0.12,0.5,0.3,0.5,50,"['move_mean-look', 'move_flash', 'move_cut', 'move_rock-smash', 'move_strength']",['land'],epic,dark,,49.0
0360,"['shadow-tag', 'telepathy']",마자,['candy_50'],['0202'],[],[],3,0.6,0.49,0.5,0.3,0.5,50,[],['land'],common,psychic,,14.0
0361,"['inner-focus', 'ice-body', 'moody']",눈꼬마,"['candy_50', 'dawn-stone+female']","['0362', '0478']",[],[],3,0.7,0.75,0.5,0.3,0.5,50,['move_flash'],['land'],common,ice,,16.8
0362,"['inner-focus', 'ice-body', 'moody']",얼음귀신,[],[],[],[],3,1.5,0.29,0.5,0.3,0.5,50,['move_flash'],['land'],epic,ice,,256.5
0362-mega,['refrigerate'],얼음귀신,[],[],[],[],3,2.1,0.29,0.5,0.3,0.5,50,['move_flash'],['land'],epic,ice,,350.2
0363,"['thick-fat', 'ice-body', 'oblivious']",대굴레오,['candy_50'],['0364'],[],[],3,0.8,1.0,0.5,0.3,0.5,50,"['move_surf', 'move_rock-smash', 'move_strength', 'move_waterfall', 'move_dive']",['water'],common,ice,water,39.5
0364,"['thick-fat', 'ice-body', 'oblivious']",씨레오,['candy_100'],['0365'],[],[],3,1.1,0.47,0.5,0.3,0.5,50,"['move_surf', 'move_rock-smash', 'move_strength', 'move_waterfall', 'move_dive']",['water'],rare,ice,water,87.6
0365,"['thick-fat', 'ice-body', 'oblivious']",씨카이저,[],[],[],[],3,1.4,0.18,0.5,0.3,0.5,50,"['move_surf', 'move_rock-smash', 'move_strength', 'move_waterfall', 'move_dive']",['water'],epic,ice,water,150.6
0366,"['shell-armor', 'rattled']",진주몽,"['deep-sea-tooth', 'deep-sea-scale']","['0367', '0368']",[],[],3,0.4,1.0,0.5,0.3,0.5,50,"['move_surf', 'move_waterfall', 'move_dive']",['water'],common,water,,52.5
0367,"['swift-swim', 'water-veil']",헌테일,[],[],[],[],3,1.7,0.24,0.5,0.3,0.5,50,"['move_surf', 'move_waterfall', 'move_dive']",['water'],rare,water,,27.0
0368,"['swift-swim', 'hydration']",분홍장이,[],[],[],[],3,1.8,0.24,0.5,0.3,0.5,50,"['move_surf', 'move_waterfall', 'move_dive']",['water'],rare,water,,22.6
0369,"['swift-swim', 'rock-head', 'sturdy']",시라칸,[],[],[],[],3,1.0,0.1,0.12,0.3,0.88,50,"['move_surf', 'move_rock-smash', 'move_waterfall', 'move_dive']",['water'],common,water,rock,23.4
0370,"['swift-swim', 'hydration']",사랑동이,[],[],[],[],3,0.6,0.88,0.75,0.3,0.25,50,"['move_surf', 'move_waterfall', 'move_dive']",['water'],common,water,,8.7
0371,"['rock-head', 'sheer-force']",아공이,['candy_50'],['0372'],[],[],3,0.6,0.18,0.5,0.3,0.5,50,"['move_cut', 'move_rock-smash', 'move_strength']",['land'],rare,dragon,,42.1
0372,"['rock-head', 'overcoat']",쉘곤,['candy_100'],['0373'],[],[],3,1.1,0.18,0.5,0.3,0.5,50,"['move_cut', 'move_rock-smash', 'move_strength']",['land'],rare,dragon,,110.5
0373,"['intimidate', 'moxie']",보만다,[],[],[],[],3,1.5,0.18,0.5,0.3,0.5,50,"['move_defog', 'move_cut', 'move_rock-smash', 'move_strength', 'move_fly']",['land'],epic,dragon,flying,102.6
0373-mega,['aerilate'],보만다,[],[],[],[],3,1.8,0.18,0.5,0.3,0.5,50,"['move_defog', 'move_cut', 'move_rock-smash', 'move_strength', 'move_fly']",['land'],epic,dragon,flying,112.6
0374,"['clear-body', 'light_metal']",메탕,['candy_70'],['0375'],[],[],3,0.6,0.01,0.0,0.3,0.0,50,[],['land'],rare,steel,psychic,95.2
0375,"['clear-body', 'light_metal']",메탕구,['candy_120'],['0376'],[],[],3,1.2,0.01,0.0,0.3,0.0,50,"['move_flash', 'move_cut', 'move_rock-smash', 'move_strength']",['land'],rare,steel,psychic,202.5
0376,"['clear-body', 'light_metal']",메타그로스,[],[],[],[],3,1.6,0.01,0.0,0.3,0.0,50,"['move_flash', 'move_cut', 'move_rock-smash', 'move_strength']",['land'],epic,steel,psychic,550.0
0376-mega,['tough-claws'],메타그로스,[],[],[],[],3,2.5,0.01,0.0,0.3,0.0,50,"['move_flash', 'move_cut', 'move_rock-smash', 'move_strength']",['land'],epic,steel,psychic,942.9
0377,"['clear-body', 'sturdy']",레지락,[],[],[],[],3,1.7,0.01,0.0,0.3,0.0,50,"['move_rock-smash', 'move_strength']",['land'],legendary,rock,,230.0
0378,"['clear-body', 'ice-body']",레지아이스,[],[],[],[],3,1.8,0.01,0.0,0.3,0.0,50,"['move_rock-smash', 'move_strength']",['land'],legendary,ice,,175.0
0379,"['clear-body', 'light_metal']",레지스틸,[],[],[],[],3,1.9,0.01,0.0,0.3,0.0,50,"['move_rock-smash', 'move_strength']",['land'],legendary,steel,,205.0
0380,['levitate'],라티아스,[],[],[],[],3,1.4,0.01,1.0,0.3,0.0,50,"['move_surf', 'move_flash', 'move_defog', 'move_cut', 'move_waterfall', 'move_dive', 'move_fly']",['land'],legendary,dragon,psychic,40.0
0380-mega,['levitate'],라티아스,[],[],[],[],3,1.8,0.01,1.0,0.3,0.0,50,"['move_surf', 'move_flash', 'move_defog', 'move_cut', 'move_waterfall', 'move_dive', 'move_fly']",['land'],legendary,dragon,psychic,52.0
0381,['levitate'],라티오스,[],[],[],[],3,2.0,0.01,0.0,0.3,1.0,50,"['move_surf', 'move_flash', 'move_defog', 'move_cut', 'move_waterfall', 'move_dive', 'move_fly']",['land'],legendary,dragon,psychic,60.0
0381-mega,['levitate'],라티오스,[],[],[],[],3,2.3,0.01,0.0,0.3,1.0,50,"['move_surf', 'move_flash', 'move_defog', 'move_cut', 'move_waterfall', 'move_dive', 'move_fly']",['land'],legendary,dragon,psychic,70.0
0382,['drizzle'],가이오가,[],[],[],[],3,4.5,0.01,0.0,0.3,0.0,50,"['move_surf', 'move_rock-smash', 'move_strength', 'move_waterfall', 'move_dive']",['water'],legendary,water,,352.0
0382-primal,['primordial-sea'],가이오가,[],[],[],[],3,9.8,0.01,0.0,0.3,0.0,50,"['move_surf', 'move_rock-smash', 'move_strength', 'move_waterfall', 'move_dive']",['water'],legendary,water,,430.0
0383,['drought'],그란돈,[],[],[],[],3,3.5,0.01,0.0,0.3,0.0,50,"['move_cut', 'move_rock-smash', 'move_strength']",['land'],legendary,ground,,950.0
0383-primal,['desolate-land'],그란돈,[],[],[],[],3,5.0,0.01,0.0,0.3,0.0,50,"['move_cut', 'move_rock-smash', 'move_strength']",['land'],legendary,ground,fire,999.7
0384,['air-lock'],레쿠쟈,[],[],[],[],3,7.0,0.18,0.0,0.3,0.0,50,"['move_surf', 'move_defog', 'move_rock-smash', 'move_strength', 'move_waterfall', 'move_dive', 'move_fly']",['land'],legendary,dragon,flying,206.5
0384-mega,['delta-stream'],레쿠쟈,[],[],[],[],3,10.8,0.18,0.0,0.3,0.0,50,"['move_surf', 'move_defog', 'move_rock-smash', 'move_strength', 'move_waterfall', 'move_dive', 'move_fly']",['land'],legendary,dragon,flying,392.0
0385,['serene-grace'],지라치,[],[],[],[],3,0.3,0.01,0.0,0.3,0.0,50,['move_flash'],['land'],legendary,steel,psychic,1.1
0386,['pressure'],테오키스,[],[],[],[],3,,0.01,0.0,0.3,0.0,50,"['move_flash', 'move_cut', 'move_rock-smash', 'move_strength']",['land'],legendary,psychic,,
0386-attack,['pressure'],테오키스,[],[],[],[],3,1.7,0.01,0.0,0.3,0.0,50,"['move_flash', 'move_cut', 'move_rock-smash', 'move_strength']",['land'],legendary,psychic,,60.8
0386-defense,['pressure'],테오키스,[],[],[],[],3,1.7,0.01,0.0,0.3,0.0,50,"['move_flash', 'move_cut', 'move_rock-smash', 'move_strength']",['land'],legendary,psychic,,60.8
0386-speed,['pressure'],테오키스,[],[],[],[],3,1.7,0.01,0.0,0.3,0.0,50,"['move_flash', 'move_cut', 'move_rock-smash', 'move_strength']",['land'],legendary,psychic,,60.8
0387,"['overgrow', 'shell-armor']",모부기,['candy_50'],['0388'],[],[],4,0.4,0.18,0.12,0.3,0.88,50,"['move_flash', 'move_cut', 'move_rock-smash', 'move_strength']",['land'],epic,grass,,10.2
0388,"['overgrow', 'shell-armor']",수풀부기,['candy_100'],['0389'],[],[],4,1.1,0.18,0.12,0.3,0.88,50,"['move_flash', 'move_cut', 'move_rock-smash', 'move_strength']",['land'],epic,grass,,97.0
0389,"['overgrow', 'shell-armor']",토대부기,[],[],[],[],4,2.2,0.18,0.12,0.3,0.88,50,"['move_flash', 'move_cut', 'move_rock-smash', 'move_strength']",['land'],epic,grass,ground,310.0
0390,"['blaze', 'iron-fist']",불꽃숭이,['candy_50'],['0391'],[],[],4,0.5,0.18,0.12,0.3,0.88,50,"['move_cut', 'move_rock-smash', 'move_strength']",['land'],epic,fire,,6.2
0391,"['blaze', 'iron-fist']",파이숭이,['candy_100'],['0392'],[],[],4,0.9,0.18,0.12,0.3,0.88,50,"['move_cut', 'move_rock-smash', 'move_strength']",['land'],epic,fire,fighting,22.0
0392,"['blaze', 'iron-fist']",초염몽,[],[],[],[],4,1.2,0.18,0.12,0.3,0.88,50,"['move_cut', 'move_rock-smash', 'move_strength']",['land'],epic,fire,fighting,55.0
0393,"['torrent', 'competitive']",팽도리,['candy_50'],['0394'],[],[],4,0.4,0.18,0.12,0.3,0.88,50,"['move_surf', 'move_defog', 'move_cut', 'move_waterfall', 'move_dive']",['water'],epic,water,,5.2
0394,"['torrent', 'competitive']",팽태자,['candy_100'],['0395'],[],[],4,0.8,0.18,0.12,0.3,0.88,50,"['move_surf', 'move_defog', 'move_cut', 'move_rock-smash', 'move_strength', 'move_waterfall', 'move_dive']",['water'],epic,water,,23.0
0395,"['torrent', 'competitive']",엠페르트,[],[],[],[],4,1.7,0.18,0.12,0.3,0.88,50,"['move_surf', 'move_defog', 'move_cut', 'move_rock-smash', 'move_strength', 'move_waterfall', 'move_dive']",['water'],epic,water,steel,84.5
0396,"['keen-eye', 'reckless']",찌르꼬,['candy_50'],['0397'],[],[],4,0.3,1.0,0.5,0.3,0.5,50,"['move_defog', 'move_fly']",['land'],common,normal,flying,2.0
0397,"['intimidate', 'reckless']",찌르버드,['candy_75'],['0398'],[],[],4,0.6,0.47,0.5,0.3,0.5,50,"['move_defog', 'move_fly']",['land'],rare,normal,flying,15.5
0398,"['intimidate', 'reckless']",찌르호크,[],[],[],[],4,1.2,0.18,0.5,0.3,0.5,50,"['move_defog', 'move_fly']",['land'],epic,normal,flying,24.9
0398-mega,[],찌르호크,[],[],[],[],4,1.9,0.18,0.5,0.3,0.5,50,[],['land'],epic,fighting,flying,50.0
0399,"['simple', 'unaware', 'moody']",비버니,['candy_30'],['0400'],[],[],4,0.5,1.0,0.5,0.3,0.5,50,"['move_cut', 'move_rock-smash']",['land'],common,normal,,20.0
0400,"['simple', 'unaware', 'moody']",비버통,[],[],[],[],4,1.0,0.5,0.5,0.3,0.5,50,"['move_surf', 'move_cut', 'move_rock-smash', 'move_strength', 'move_waterfall', 'move_dive']",['water'],rare,normal,water,31.5
0401,"['shed-skin', 'run-away']",귀뚤뚜기,['candy_25'],['0402'],[],[],4,0.3,1.0,0.5,0.3,0.5,50,[],['land'],common,bug,,2.2
0402,"['swarm', 'technician']",귀뚤톡크,[],[],[],[],4,1.0,0.18,0.5,0.3,0.5,50,"['move_flash', 'move_cut', 'move_rock-smash', 'move_strength']",['land'],rare,bug,,25.5
0403,"['rivalry', 'intimidate', 'guts']",꼬링크,['candy_50'],['0404'],[],[],4,0.5,0.92,0.5,0.3,0.5,50,"['move_flash', 'move_strength']",['land'],common,electric,,9.5
0404,"['rivalry', 'intimidate', 'guts']",럭시오,['candy_75'],['0405'],[],[],4,0.9,0.47,0.5,0.3,0.5,50,"['move_flash', 'move_strength']",['land'],rare,electric,,30.5
0405,"['rivalry', 'intimidate', 'guts']",렌트라,[],[],[],[],4,1.4,0.18,0.5,0.3,0.5,50,"['move_flash', 'move_strength']",['land'],epic,electric,,42.0
0406,"['natural-cure', 'poison-point', 'leaf-guard']",꼬몽울,['friendship_220+time_day'],['0315'],[],[],4,0.2,1.0,0.5,0.3,0.5,50,"['move_flash', 'move_cut']",['land'],common,grass,poison,1.2
0407,"['natural-cure', 'poison-point', 'technician']",로즈레이드,[],[],[],[],4,0.9,0.29,0.5,0.3,0.5,50,"['move_flash', 'move_cut']",['land'],epic,grass,poison,14.5
0408,"['mold-breaker', 'sheer-force']",두개도스,['candy_40'],['0409'],[],[],4,0.9,0.18,0.12,0.3,0.88,50,"['move_rock-smash', 'move_strength']",['land'],common,rock,,31.5
0409,"['mold-breaker', 'sheer-force']",램펄드,[],[],[],[],4,1.6,0.18,0.12,0.3,0.88,50,"['move_surf', 'move_cut', 'move_rock-smash', 'move_strength']",['land'],rare,rock,,102.5
0410,"['sturdy', 'soundproof']",방패톱스,['candy_40'],['0411'],[],[],4,0.5,0.18,0.12,0.3,0.88,50,"['move_rock-smash', 'move_strength']",['land'],common,rock,steel,57.0
0411,"['sturdy', 'soundproof']",바리톱스,[],[],[],[],4,1.3,0.18,0.12,0.3,0.88,50,"['move_rock-smash', 'move_strength']",['land'],rare,rock,steel,149.5
0412,"['shed-skin', 'overcoat']",도롱충이,"['candy_20+female', 'candy_20+male']","['0413', '0414']",[],[],4,0.2,0.47,0.5,0.3,0.5,50,[],['land'],common,bug,,3.4
0413,"['anticipation', 'overcoat']",도롱마담,[],[],[],[],4,,0.18,1.0,0.3,0.0,50,['move_flash'],['land'],rare,bug,grass,
0413-sandy,"['anticipation', 'overcoat']",도롱마담,[],[],[],[],4,0.5,0.18,1.0,0.3,0.0,50,['move_flash'],['land'],rare,bug,ground,6.5
0413-trash,"['anticipation', 'overcoat']",도롱마담,[],[],[],[],4,0.5,0.18,1.0,0.3,0.0,50,['move_flash'],['land'],rare,bug,steel,6.5
0414,"['swarm', 'tinted-lens']",나메일,[],[],[],[],4,0.9,0.18,0.0,0.3,1.0,50,"['move_flash', 'move_defog']",['land'],rare,bug,flying,23.3
0415,"['honey-gather', 'hustle']",세꿀버리,['candy_40+female'],['0416'],[],[],4,0.3,0.47,0.12,0.3,0.88,50,[],['land'],common,bug,flying,5.5
0416,"['pressure', 'unnerve']",비퀸,[],[],[],[],4,1.2,0.18,1.0,0.3,0.0,50,"['move_flash', 'move_defog', 'move_cut']",['land'],epic,bug,flying,38.5
0417,"['run-away', 'pickup', 'volt-absorb']",파치리스,[],[],[],[],4,0.4,0.78,0.5,0.3,0.5,50,"['move_flash', 'move_cut']",['land'],common,electric,,3.9
0418,"['swift-swim', 'water-veil']",브이젤,['candy_50'],['0419'],[],[],4,0.7,0.75,0.5,0.3,0.5,50,"['move_surf', 'move_rock-smash', 'move_strength', 'move_waterfall', 'move_dive']",['water'],common,water,,29.5
0419,"['swift-swim', 'water-veil']",플로젤,[],[],[],[],4,1.1,0.29,0.5,0.3,0.5,50,"['move_surf', 'move_rock-smash', 'move_strength', 'move_waterfall', 'move_dive']",['water'],rare,water,,33.5
0420,['chlorophyll'],체리버,['candy_35'],['0421'],[],[],4,0.4,0.75,0.5,0.3,0.5,50,['move_flash'],['land'],common,grass,,3.3
0421,['flower-gift'],체리꼬,[],[],[],[],4,0.5,0.29,0.5,0.3,0.5,50,['move_flash'],['land'],rare,grass,,9.3
0421-sunshine,['flower-gift'],체리꼬,[],[],[],[],4,,0.29,0.5,0.3,0.5,50,['move_flash'],['land'],rare,grass,,
0422-west,"['sticky-hold', 'storm-drain', 'sand-force']",깝질무,['candy_50'],['0423'],[],[],4,,0.75,0.5,0.3,0.5,50,"['move_surf', 'move_waterfall', 'move_dive']",['water'],common,water,,
0422-east,"['sticky-hold', 'storm-drain', 'sand-force']",깝질무,['candy_50'],['0423'],[],[],4,,0.75,0.5,0.3,0.5,50,"['move_surf', 'move_waterfall', 'move_dive']",['water'],common,water,,
0423-west,"['sticky-hold', 'storm-drain', 'sand-force']",트리토돈,[],[],[],[],4,,0.29,0.5,0.3,0.5,50,"['move_surf', 'move_flash', 'move_rock-smash', 'move_strength', 'move_waterfall', 'move_dive']",['water'],rare,water,ground,
0423-east,"['sticky-hold', 'storm-drain', 'sand-force']",트리토돈,[],[],[],[],4,,0.29,0.5,0.3,0.5,50,"['move_surf', 'move_flash', 'move_rock-smash', 'move_strength', 'move_waterfall', 'move_dive']",['water'],rare,water,ground,
0424,"['technician', 'pickup', 'skill-link']",겟핸보숭,[],[],[],[],4,1.2,0.18,0.5,0.3,0.5,50,"['move_cut', 'move_rock-smash', 'move_strength']",['land'],rare,normal,,20.3
0425,"['aftermath', 'unburden', 'flare-boost']",흔들풍손,['candy_70'],['0426'],[],[],4,0.4,0.49,0.5,0.3,0.5,50,"['move_flash', 'move_defog', 'move_cut', 'move_fly']",['land'],common,ghost,flying,1.2
0426,"['aftermath', 'unburden', 'flare-boost']",둥실라이드,[],[],[],[],4,1.2,0.24,0.5,0.3,0.5,50,"['move_flash', 'move_defog', 'move_cut', 'move_fly']",['land'],rare,ghost,flying,15.0
0427,"['run-away', 'klutz', 'limber']",이어롤,['friendship_220'],['0428'],[],[],4,0.4,0.75,0.5,0.3,0.5,50,"['move_cut', 'move_rock-smash']",['land'],common,normal,,5.5
0428,"['cute-charm', 'klutz', 'limber']",이어롭,[],[],[],[],4,1.2,0.24,0.5,0.3,0.5,50,"['move_cut', 'move_rock-smash', 'move_strength']",['land'],rare,normal,,33.3
0428-mega,['scrappy'],이어롭,[],[],[],[],4,1.3,0.24,0.5,0.3,0.5,50,"['move_cut', 'move_rock-smash', 'move_strength']",['land'],rare,normal,fighting,28.3
0429,['levitate'],무우마직,[],[],[],[],4,0.9,0.18,0.5,0.3,0.5,50,"['move_mean-look', 'move_flash']",['land'],epic,ghost,,4.4
0430,"['insomnia', 'super-luck', 'moxie']",돈크로우,[],[],[],[],4,0.9,0.12,0.5,0.3,0.5,50,"['move_mean-look', 'move_defog', 'move_fly']",['land'],epic,dark,flying,27.3
0431,"['limber', 'own-tempo', 'keen-eye']",나옹마,['candy_45'],['0432'],[],[],4,0.5,0.75,0.75,0.3,0.25,50,"['move_flash', 'move_cut']",['land'],common,normal,,3.9
0432,"['thick-fat', 'own-tempo', 'defiant']",몬냥이,[],[],[],[],4,1.0,0.29,0.75,0.3,0.25,50,"['move_flash', 'move_cut']",['land'],rare,normal,,43.8
0433,['levitate'],랑딸랑,['friendship_220+time_night'],['0358'],[],[],4,0.2,0.47,0.5,0.3,0.5,50,['move_flash'],['land'],common,psychic,,0.6
0434,"['stench', 'aftermath', 'keen-eye']",스컹뿡,['candy_50'],['0435'],[],[],4,0.4,0.88,0.5,0.3,0.5,50,"['move_defog', 'move_cut', 'move_rock-smash']",['land'],common,poison,dark,19.2
0435,"['stench', 'aftermath', 'keen-eye']",스컹탱크,[],[],[],[],4,1.0,0.24,0.5,0.3,0.5,50,"['move_defog', 'move_cut', 'move_rock-smash', 'move_strength']",['land'],rare,poison,dark,38.0
0436,"['levitate', 'heatproof', 'heavy_metal']",동미러,['candy_50'],['0437'],[],[],4,0.5,1.0,0.0,0.3,0.0,50,['move_flash'],['land'],common,steel,psychic,60.5
0437,"['levitate', 'heatproof', 'heavy_metal']",동탁군,[],[],[],[],4,1.3,0.35,0.0,0.3,0.0,50,"['move_flash', 'move_rock-smash', 'move_strength']",['land'],rare,steel,psychic,187.0
0438,"['sturdy', 'rock-head', 'rattled']",꼬지지,['move_mimic'],['0185'],[],[],4,0.5,1.0,0.5,0.3,0.5,50,[],['land'],common,rock,,15.0
0439,"['soundproof', 'filter', 'technician']",흉내내,['move_mimic'],['0122'],[],[],4,0.6,0.57,0.5,0.3,0.5,50,['move_flash'],['land'],common,psychic,fairy,13.0
0440,"['natural-cure', 'serene-grace', 'friend-guard']",핑복,['oval-stone+time_day'],['0113'],[],[],4,0.6,0.51,1.0,0.3,0.0,50,['move_flash'],['land'],common,normal,,24.4
0441,"['keen-eye', 'tangled-feet', 'big-pecks']",페라페,[],[],[],[],4,0.5,0.12,0.5,0.3,0.5,50,"['move_defog', 'move_fly']",['land'],common,normal,flying,1.9
0442,"['pressure', 'infiltrator']",화강돌,[],[],[],[],4,1.0,0.39,0.5,0.3,0.5,50,['move_flash'],['land'],epic,ghost,dark,108.0
0443,"['sand-veil', 'rough-skin']",딥상어동,['candy_50'],['0444'],[],[],4,0.7,0.18,0.5,0.3,0.5,50,"['move_cut', 'move_rock-smash', 'move_strength']",['land'],rare,dragon,ground,20.5
0444,"['sand-veil', 'rough-skin']",한바이트,['candy_100'],['0445'],[],[],4,1.4,0.18,0.5,0.3,0.5,50,"['move_cut', 'move_rock-smash', 'move_strength']",['land'],rare,dragon,ground,56.0
0445,"['sand-veil', 'rough-skin']",한카리아스,[],[],[],[],4,1.9,0.18,0.5,0.3,0.5,50,"['move_surf', 'move_cut', 'move_rock-smash', 'move_strength']",['land'],Epic,dragon,ground,95.0
0445-mega,['sand-force'],한카리아스,[],[],[],[],4,1.9,0.18,0.5,0.3,0.5,50,"['move_surf', 'move_cut', 'move_rock-smash', 'move_strength']",['land'],epic,dragon,ground,95.0
0446,"['pickup', 'thick-fat', 'gluttony']",먹고자,['friendship_220'],['0143'],[],[],4,0.6,0.2,0.12,0.3,0.88,50,"['move_surf', 'move_rock-smash', 'move_strength']",['land'],rare,normal,,105.0
0447,"['steadfast', 'inner-focus', 'ptierster']",리오르,['friendship_220+time_day'],['0448'],[],[],4,0.7,0.29,0.12,0.3,0.88,50,"['move_rock-smash', 'move_strength']",['land'],rare,fighting,,20.2
0448,"['steadfast', 'inner-focus', 'justified']",루카리오,[],[],[],[],4,1.2,0.18,0.12,0.3,0.88,50,"['move_rock-smash', 'move_strength']",['land'],epic,fighting,steel,54.0
0448-mega,['adaptability'],루카리오,[],[],[],[],4,1.3,0.18,0.12,0.3,0.88,50,"['move_rock-smash', 'move_strength']",['land'],epic,fighting,steel,57.5
0448-mega-z,[],루카리오,[],[],[],[],4,1.3,0.18,0.12,0.3,0.88,50,[],['land'],epic,fighting,steel,49.4
0449,"['sand-stream', 'sand-force']",히포포타스,['candy_50'],['0450'],[],[],4,0.8,0.55,0.5,0.3,0.5,50,"['move_rock-smash', 'move_strength']",['land'],rare,ground,,49.5
0450,"['sand-stream', 'sand-force']",하마돈,[],[],[],[],4,2.0,0.24,0.5,0.3,0.5,50,"['move_rock-smash', 'move_strength']",['land'],epic,ground,,300.0
0451,"['battle-armor', 'sniper', 'keen-eye']",스콜피,['candy_60'],['0452'],[],[],4,0.8,0.47,0.5,0.3,0.5,50,"['move_flash', 'move_cut', 'move_rock-smash', 'move_strength']",['land'],rare,poison,bug,12.0
0452,"['battle-armor', 'sniper', 'keen-eye']",드래피온,[],[],[],[],4,1.3,0.18,0.5,0.3,0.5,50,"['move_flash', 'move_cut', 'move_rock-smash', 'move_strength']",['land'],epic,poison,dark,61.5
0453,"['anticipation', 'dry-skin', 'poison-touch']",삐딱구리,['candy_45'],['0454'],[],[],4,0.7,0.55,0.5,0.3,0.5,50,"['move_rock-smash', 'move_strength']",['land'],common,poison,fighting,23.0
0454,"['anticipation', 'dry-skin', 'poison-touch']",독개굴,[],[],[],[],4,1.3,0.29,0.5,0.3,0.5,50,"['move_cut', 'move_rock-smash', 'move_strength']",['land'],rare,poison,fighting,44.4
0455,['levitate'],무스틈니,[],[],[],[],4,1.4,0.78,0.5,0.3,0.5,50,"['move_flash', 'move_defog', 'move_cut']",['land'],common,grass,,27.0
0456,"['swift-swim', 'storm-drain', 'water-veil']",형광어,['candy_40'],['0457'],[],[],4,0.4,0.75,0.5,0.3,0.5,50,"['move_surf', 'move_flash', 'move_defog', 'move_waterfall', 'move_dive']",['water'],common,water,,7.0
0457,"['swift-swim', 'storm-drain', 'water-veil']",네오라이트,[],[],[],[],4,1.2,0.29,0.5,0.3,0.5,50,"['move_surf', 'move_flash', 'move_defog', 'move_waterfall', 'move_dive']",['water'],rare,water,,24.0
0458,"['swift-swim', 'water-absorb', 'water-veil']",타만타,['candy_50'],['0226'],[],[],4,1.0,0.1,0.5,0.3,0.5,50,"['move_surf', 'move_waterfall', 'move_dive']",['water'],common,water,flying,65.0
0459,"['snow-warning', 'soundproof']",눈쓰개,['candy_100'],['0460'],[],[],4,1.0,0.47,0.5,0.3,0.5,50,['move_flash'],['land'],common,grass,ice,50.5
0460,"['snow-warning', 'soundproof']",눈설왕,[],[],[],[],4,2.2,0.24,0.5,0.3,0.5,50,"['move_flash', 'move_rock-smash', 'move_strength']",['land'],epic,grass,ice,135.5
0460-mega,['snow-warning'],눈설왕,[],[],[],[],4,2.7,0.24,0.5,0.3,0.5,50,"['move_flash', 'move_rock-smash', 'move_strength']",['land'],epic,grass,ice,185.0
0461,"['pressure', 'pickpocket']",포푸니라,[],[],[],[],4,1.1,0.18,0.5,0.3,0.5,50,"['move_surf', 'move_cut', 'move_rock-smash', 'move_strength']",['land'],epic,dark,ice,34.0
0462,"['magnet-pull', 'sturdy', 'analytic']",자포코일,[],[],[],[],4,1.2,0.12,0.0,0.3,0.0,50,['move_flash'],['land'],epic,electric,steel,180.0
0463,"['own-tempo', 'oblivious', 'cloud-nine']",내룸벨트,[],[],[],[],4,1.7,0.12,0.5,0.3,0.5,50,"['move_surf', 'move_cut', 'move_rock-smash', 'move_strength']",['land'],epic,normal,,140.0
0464,"['lightning-rod', 'solid-rock', 'reckless']",거대코뿌리,[],[],[],[],4,2.4,0.12,0.5,0.3,0.5,50,"['move_surf', 'move_cut', 'move_rock-smash', 'move_strength']",['land'],epic,ground,rock,282.8
0465,"['chlorophyll', 'leaf-guard', 'regenerator']",덩쿠림보,[],[],[],[],4,2.0,0.12,0.5,0.3,0.5,50,"['move_flash', 'move_cut', 'move_rock-smash', 'move_strength']",['land'],epic,grass,,128.6
0466,"['motor-drive', 'vital-spirit']",에레키블,[],[],[],[],4,1.8,0.12,0.25,0.3,0.75,50,"['move_flash', 'move_rock-smash', 'move_strength']",['land'],epic,electric,,138.6
0467,"['flame-body', 'vital-spirit']",마그마번,[],[],[],[],4,1.6,0.12,0.25,0.3,0.75,50,"['move_rock-smash', 'move_strength']",['land'],epic,fire,,68.0
0468,"['hustle', 'serene-grace', 'super-luck']",토게키스,[],[],[],[],4,1.5,0.12,0.12,0.3,0.88,50,"['move_flash', 'move_defog', 'move_rock-smash', 'move_fly']",['land'],epic,fairy,flying,38.0
0469,"['speed-boost', 'tinted-lens', 'frisk']",메가자리,[],[],[],[],4,1.9,0.12,0.5,0.3,0.5,50,"['move_flash', 'move_defog']",['land'],epic,bug,flying,51.5
0470,"['leaf-guard', 'chlorophyll']",리피아,[],[],[],[],4,1.0,0.18,0.12,0.3,0.88,50,"['move_flash', 'move_rock-smash', 'move_strength']",['land'],epic,grass,,25.5
0471,"['snow-cloak', 'ice-body']",글레이시아,[],[],[],[],4,0.8,0.18,0.12,0.3,0.88,50,"['move_rock-smash', 'move_strength']",['land'],epic,ice,,25.9
0472,"['hyper-cutter', 'sand-veil', 'poison-heal']",글라이온,[],[],[],[],4,2.0,0.12,0.5,0.3,0.5,50,"['move_defog', 'move_cut', 'move_rock-smash', 'move_strength']",['land'],epic,ground,flying,42.5
0473,"['oblivious', 'snow-cloak', 'thick-fat']",맘모꾸리,[],[],[],[],4,2.5,0.2,0.5,0.3,0.5,50,"['move_rock-smash', 'move_strength']",['land'],epic,ice,ground,291.0
0474,"['adaptability', 'download', 'analytic']",폴리곤Z,[],[],[],[],4,0.9,0.12,0.0,0.3,0.0,50,['move_flash'],['land'],epic,normal,,34.0
0475,"['steadfast', 'sharpness', 'justified']",엘레이드,[],[],[],[],4,1.6,0.18,0.0,0.3,1.0,50,"['move_flash', 'move_cut', 'move_rock-smash', 'move_strength']",['land'],epic,psychic,fighting,52.0
0475-mega,['inner-focus'],엘레이드,[],[],[],[],4,1.6,0.18,0.0,0.3,1.0,50,"['move_flash', 'move_cut', 'move_rock-smash', 'move_strength']",['land'],epic,psychic,fighting,56.4
0476,"['sturdy', 'magnet-pull', 'sand-force']",대코파스,[],[],[],[],4,1.4,0.24,0.5,0.3,0.5,50,"['move_rock-smash', 'move_strength']",['land'],epic,rock,steel,340.0
0477,"['pressure', 'frisk']",야느와르몽,[],[],[],[],4,2.2,0.18,0.5,0.3,0.5,50,"['move_mean-look', 'move_flash', 'move_rock-smash', 'move_strength']",['land'],epic,ghost,,106.6
0478,"['snow-cloak', 'cursed-body']",눈여아,[],[],[],[],4,1.3,0.29,1.0,0.3,0.0,50,['move_flash'],['land'],epic,ice,ghost,26.6
0478-mega,[],눈여아,[],[],[],[],4,2.6,0.29,1.0,0.3,0.0,50,[],['land'],epic,ice,ghost,29.6
0479,['levitate'],로토무,[],[],[],[],4,0.3,0.18,0.0,0.3,0.0,50,"['move_flash', 'move_defog']",['land'],epic,electric,ghost,0.3
0479-heat,['levitate'],로토무,[],[],[],[],4,0.3,0.18,0.0,0.3,0.0,50,"['move_flash', 'move_defog']",['land'],epic,electric,fire,0.3
0479-wash,['levitate'],로토무,[],[],[],[],4,0.3,0.18,0.0,0.3,0.0,50,"['move_flash', 'move_defog']",['water'],epic,electric,water,0.3
0479-frost,['levitate'],로토무,[],[],[],[],4,0.3,0.18,0.0,0.3,0.0,50,"['move_flash', 'move_defog']",['land'],epic,electric,ice,0.3
0479-fan,['levitate'],로토무,[],[],[],[],4,0.3,0.18,0.0,0.3,0.0,50,"['move_flash', 'move_defog']",['land'],epic,electric,flying,0.3
0479-mow,['levitate'],로토무,[],[],[],[],4,0.3,0.18,0.0,0.3,0.0,50,"['move_flash', 'move_defog']",['land'],epic,electric,grass,0.3
0480,['levitate'],유크시,[],[],[],[],4,0.3,0.01,0.0,0.3,0.0,50,['move_flash'],['land'],legendary,psychic,,0.3
0481,['levitate'],엠라이트,[],[],[],[],4,0.3,0.01,0.0,0.3,0.0,50,['move_flash'],['land'],legendary,psychic,,0.3
0482,['levitate'],아그놈,[],[],[],[],4,0.3,0.01,0.0,0.3,0.0,50,['move_flash'],['land'],legendary,psychic,,0.3
0483,"['pressure', 'telepathy']",디아루가,[],[],[],[],4,5.4,0.01,0.0,0.3,0.0,50,"['move_flash', 'move_cut', 'move_rock-smash', 'move_strength']",['land'],legendary,steel,dragon,683.0
0483-origin,"['pressure', 'telepathy']",디아루가,[],[],[],[],4,7.0,0.01,0.0,0.3,0.0,50,[],['land'],legendary,steel,dragon,848.7
0484,"['pressure', 'telepathy']",펄기아,[],[],[],[],4,4.2,0.01,0.0,0.3,0.0,50,"['move_surf', 'move_cut', 'move_rock-smash', 'move_strength', 'move_waterfall', 'move_dive']",['water'],legendary,water,dragon,336.0
0484-origin,"['pressure', 'telepathy']",펄기아,[],[],[],[],4,6.3,0.01,0.0,0.3,0.0,50,"['move_surf', 'move_waterfall']",['water'],legendary,water,dragon,659.0
0485,"['flash-fire', 'flame-body']",히드런,[],[],[],[],4,1.7,0.01,0.5,0.3,0.5,50,"['move_rock-smash', 'move_strength']",['land'],legendary,fire,steel,430.0
0485-mega,[],히드런,[],[],[],[],4,2.8,0.01,0.5,0.3,0.5,50,[],['land'],legendary,fire,steel,570.0
0486,['slow-start'],레지기가스,[],[],[],[],4,3.7,0.01,0.0,0.3,0.0,50,"['move_rock-smash', 'move_strength']",['land'],legendary,normal,,420.0
0487,"['pressure', 'telepathy']",기라티나,[],[],[],[],4,,0.01,0.0,0.3,0.0,50,"['move_defog', 'move_cut', 'move_rock-smash', 'move_strength', 'move_fly']",['land'],legendary,ghost,dragon,
0487-origin,['levitate'],기라티나,[],[],[],[],4,6.9,0.01,0.0,0.3,0.0,50,"['move_defog', 'move_cut', 'move_rock-smash', 'move_strength', 'move_fly']",['land'],legendary,ghost,dragon,650.0
0488,['levitate'],크레세리아,[],[],[],[],4,1.5,0.01,1.0,0.3,0.0,50,['move_flash'],['land'],legendary,psychic,,85.6
0489,['hydration'],피오네,[],[],[],[],4,0.4,0.12,0.0,0.3,0.0,50,"['move_surf', 'move_waterfall', 'move_dive']",['water'],legendary,water,,3.1
0490,['hydration'],마나피,[],[],[],[],4,0.3,0.01,0.0,0.3,0.0,50,"['move_surf', 'move_flash', 'move_waterfall', 'move_dive']",['water'],legendary,water,,1.4
0491,['bad-dreams'],다크라이,[],[],[],[],4,1.5,0.01,0.0,0.3,0.0,50,"['move_flash', 'move_cut', 'move_rock-smash', 'move_strength']",['land'],legendary,dark,,50.5
0492,['natural-cure'],쉐이미,[],[],[],[],4,,0.18,0.0,0.3,0.0,50,['move_flash'],['land'],legendary,grass,,
0492-sky,['serene-grace'],쉐이미,[],[],[],[],4,0.4,0.18,0.0,0.3,0.0,50,['move_flash'],['land'],legendary,grass,flying,5.2
0493,['multitype'],아르세우스,[],[],[],[],4,3.2,0.01,0.0,0.3,0.0,50,"['move_surf', 'move_flash', 'move_defog', 'move_cut', 'move_rock-smash', 'move_strength', 'move_waterfall', 'move_dive', 'move_fly']",['land'],legendary,normal,,320.0
0494,['victory-star'],비크티니,[],[],[],[],5,0.4,0.01,0.0,0.3,0.0,50,"['move_flash', 'move_rock-smash']",['land'],legendary,psychic,fire,4.0
0495,"['overgrow', 'contrary']",주리비얀,['candy_50'],['0496'],[],[],5,0.6,0.18,0.12,0.3,0.88,50,"['move_mean-look', 'move_flash', 'move_defog', 'move_cut']",['land'],epic,grass,,8.1
0496,"['overgrow', 'contrary']",샤비,['candy_100'],['0497'],[],[],5,0.8,0.18,0.12,0.3,0.88,50,"['move_mean-look', 'move_flash', 'move_defog', 'move_cut']",['land'],epic,grass,,16.0
0497,"['overgrow', 'contrary']",샤로다,[],[],[],[],5,3.3,0.18,0.12,0.3,0.88,50,"['move_mean-look', 'move_flash', 'move_defog', 'move_cut', 'move_rock-smash', 'move_strength']",['land'],epic,grass,,63.0
0498,"['blaze', 'thick-fat']",뚜꾸리,['candy_50'],['0499'],[],[],5,0.5,0.18,0.12,0.3,0.88,50,"['move_rock-smash', 'move_strength']",['land'],epic,fire,,9.9
0499,"['blaze', 'thick-fat']",차오꿀,['candy_100'],['0500'],[],[],5,1.0,0.18,0.12,0.3,0.88,50,"['move_rock-smash', 'move_strength']",['land'],epic,fire,fighting,55.5
0500,"['blaze', 'reckless']",염무왕,[],[],[],[],5,1.6,0.18,0.12,0.3,0.88,50,"['move_rock-smash', 'move_strength']",['land'],epic,fire,fighting,150.0
0500-mega,[],염무왕,[],[],[],[],5,1.8,0.18,0.12,0.3,0.88,50,[],['land'],epic,fire,fighting,180.3
0501,"['torrent', 'shell-armor']",수댕이,['candy_50'],['0502'],[],[],5,0.5,0.18,0.12,0.3,0.88,50,"['move_surf', 'move_cut', 'move_rock-smash', 'move_waterfall', 'move_dive']",['water'],epic,water,,5.9
0502,"['torrent', 'shell-armor']",쌍검자비,['candy_100'],['0503'],[],[],5,0.8,0.18,0.12,0.3,0.88,50,"['move_surf', 'move_cut', 'move_rock-smash', 'move_waterfall', 'move_dive']",['water'],epic,water,,24.5
0503,"['torrent', 'shell-armor']",대검귀,[],[],[],[],5,1.5,0.18,0.12,0.3,0.88,50,"['move_surf', 'move_cut', 'move_rock-smash', 'move_strength', 'move_waterfall', 'move_dive']",['water'],epic,water,,94.6
0503_hisui,"['torrent', 'sharpness']",대검귀,[],[],[],[],5,1.5,0.18,0.12,0.3,0.88,50,"['move_surf', 'move_waterfall']",['water'],epic,water,dark,58.2
0504,"['run-away', 'keen-eye', 'analytic']",보르쥐,['candy_30'],['0505'],[],[],5,0.5,1.0,0.5,0.3,0.5,50,"['move_mean-look', 'move_cut']",['land'],common,normal,,11.6
0505,"['illuminate', 'keen-eye', 'analytic']",보르그,[],[],[],[],5,1.1,1.0,0.5,0.3,0.5,50,"['move_mean-look', 'move_flash', 'move_cut', 'move_rock-smash', 'move_strength']",['land'],rare,normal,,27.0
0506,"['vital-spirit', 'pickup', 'run-away']",요테리,['candy_30'],['0507'],[],[],5,0.4,1.0,0.5,0.3,0.5,50,['move_rock-smash'],['land'],common,normal,,4.1
0507,"['intimidate', 'sand-rush', 'scrappy']",하데리어,['candy_50'],['0508'],[],[],5,0.9,0.47,0.5,0.3,0.5,50,"['move_surf', 'move_rock-smash', 'move_strength']",['land'],rare,normal,,14.7
0508,"['intimidate', 'sand-rush', 'scrappy']",바랜드,[],[],[],[],5,1.2,0.18,0.5,0.3,0.5,50,"['move_surf', 'move_rock-smash', 'move_strength']",['land'],epic,normal,,61.0
0509,"['limber', 'unburden', 'ptierster']",쌔비냥,['candy_30'],['0510'],[],[],5,0.4,1.0,0.5,0.3,0.5,50,['move_cut'],['land'],common,dark,,10.1
0510,"['limber', 'unburden', 'ptierster']",레파르다스,[],[],[],[],5,1.1,0.35,0.5,0.3,0.5,50,"['move_cut', 'move_rock-smash']",['land'],rare,dark,,37.5
0511,"['gluttony', 'overgrow']",야나프,['leaf-stone'],['0512'],[],[],5,0.6,0.75,0.12,0.3,0.88,50,"['move_flash', 'move_cut', 'move_rock-smash']",['land'],common,grass,,10.5
0512,"['gluttony', 'overgrow']",야나키,[],[],[],[],5,1.1,0.29,0.12,0.3,0.88,50,"['move_flash', 'move_cut', 'move_rock-smash']",['land'],rare,grass,,30.5
0513,"['gluttony', 'blaze']",바오프,['fire-stone'],['0514'],[],[],5,0.6,0.75,0.12,0.3,0.88,50,"['move_cut', 'move_rock-smash']",['land'],common,fire,,11.0
0514,"['gluttony', 'blaze']",바오키,[],[],[],[],5,1.0,0.29,0.12,0.3,0.88,50,"['move_cut', 'move_rock-smash']",['land'],rare,fire,,28.0
0515,"['gluttony', 'torrent']",앗차프,['water-stone'],['0516'],[],[],5,0.6,0.75,0.12,0.3,0.88,50,"['move_surf', 'move_cut', 'move_rock-smash', 'move_waterfall', 'move_dive']",['water'],common,water,,13.5
0516,"['gluttony', 'torrent']",앗차키,[],[],[],[],5,1.0,0.29,0.12,0.3,0.88,50,"['move_surf', 'move_cut', 'move_rock-smash', 'move_waterfall', 'move_dive']",['water'],rare,water,,29.0
0517,"['forewarn', 'synchronize', 'telepathy']",몽나,['moon-stone'],['0518'],[],[],5,0.6,0.75,0.5,0.3,0.5,50,['move_flash'],['land'],common,psychic,,23.3
0518,"['forewarn', 'synchronize', 'telepathy']",몽얌나,[],[],[],[],5,1.1,0.29,0.5,0.3,0.5,50,['move_flash'],['land'],rare,psychic,,60.5
0519,"['big-pecks', 'super-luck', 'rivalry']",콩둘기,['candy_30'],['0520'],[],[],5,0.3,1.0,0.5,0.3,0.5,50,"['move_defog', 'move_fly']",['land'],common,normal,flying,2.1
0520,"['big-pecks', 'super-luck', 'rivalry']",유토브,['candy_50'],['0521'],[],[],5,0.6,0.47,0.5,0.3,0.5,50,"['move_defog', 'move_fly']",['land'],rare,normal,flying,15.0
0521,"['big-pecks', 'super-luck', 'rivalry']",켄호로우,[],[],[],[],5,1.2,0.18,0.5,0.3,0.5,50,"['move_defog', 'move_fly']",['land'],epic,normal,flying,29.0
0522,"['lightning-rod', 'motor-drive', 'sap-sipper']",줄뮤마,['candy_40'],['0523'],[],[],5,0.8,0.75,0.5,0.3,0.5,50,['move_flash'],['land'],common,electric,,29.8
0523,"['lightning-rod', 'motor-drive', 'sap-sipper']",제브라이카,[],[],[],[],5,1.6,0.29,0.5,0.3,0.5,50,"['move_flash', 'move_rock-smash']",['land'],rare,electric,,79.5
0524,"['sturdy', 'weak-armor', 'sand-force']",단굴,['candy_50'],['0525'],[],[],5,0.4,1.0,0.5,0.3,0.5,50,"['move_rock-smash', 'move_strength']",['land'],common,rock,,18.0
0525,"['sturdy', 'weak-armor', 'sand-force']",암트르,['trade'],['0526'],[],[],5,0.9,0.47,0.5,0.3,0.5,50,"['move_rock-smash', 'move_strength']",['land'],rare,rock,,102.0
0526,"['sturdy', 'sand-stream', 'sand-force']",기가이어스,[],[],[],[],5,1.7,0.18,0.5,0.3,0.5,50,"['move_rock-smash', 'move_strength']",['land'],epic,rock,,260.0
0527,"['unaware', 'klutz', 'simple']",또르박쥐,['friendship_220'],['0528'],[],[],5,0.4,0.75,0.5,0.3,0.5,50,"['move_flash', 'move_defog', 'move_fly']",['land'],common,psychic,flying,2.1
0528,"['unaware', 'klutz', 'simple']",맘박쥐,[],[],[],[],5,0.9,0.18,0.5,0.3,0.5,50,"['move_flash', 'move_defog', 'move_fly']",['land'],rare,psychic,flying,10.5
0529,"['sand-rush', 'sand-force', 'mold-breaker']",두더류,['candy_60'],['0530'],[],[],5,0.3,0.47,0.5,0.3,0.5,50,"['move_cut', 'move_rock-smash', 'move_strength']",['land'],rare,ground,,8.5
0530,"['sand-rush', 'sand-force', 'mold-breaker']",몰드류,[],[],[],[],5,0.7,0.24,0.5,0.3,0.5,50,"['move_cut', 'move_rock-smash', 'move_strength']",['land'],epic,ground,steel,40.4
0530-mega,[],몰드류,[],[],[],[],5,0.9,0.24,0.5,0.3,0.5,50,[],['land'],epic,ground,steel,60.0
0531,"['healer', 'regenerator', 'klutz']",다부니,[],[],[],[],5,1.1,1.0,0.5,0.3,0.5,50,"['move_surf', 'move_flash']",['land'],rare,normal,,31.0
0531-mega,['healer'],다부니,[],[],[],[],5,1.5,1.0,0.5,0.3,0.5,50,"['move_surf', 'move_flash']",['land'],rare,normal,fairy,32.0
0532,"['guts', 'sheer-force', 'iron-fist']",으랏차,['candy_50'],['0533'],[],[],5,0.6,0.71,0.25,0.3,0.75,50,"['move_defog', 'move_rock-smash', 'move_strength']",['land'],common,fighting,,12.5
0533,"['guts', 'sheer-force', 'iron-fist']",토쇠골,['trade'],['0534'],[],[],5,1.2,0.35,0.25,0.3,0.75,50,"['move_defog', 'move_rock-smash', 'move_strength']",['land'],rare,fighting,,40.0
0534,"['guts', 'sheer-force', 'iron-fist']",노보청,[],[],[],[],5,1.4,0.18,0.25,0.3,0.75,50,"['move_defog', 'move_rock-smash', 'move_strength']",['land'],epic,fighting,,87.0
0535,"['swift-swim', 'hydration', 'water-absorb']",동챙이,['candy_35'],['0536'],[],[],5,0.5,1.0,0.5,0.3,0.5,50,['move_surf'],['water'],common,water,,4.5
0536,"['swift-swim', 'hydration', 'water-absorb']",두까비,['candy_70'],['0537'],[],[],5,0.8,0.47,0.5,0.3,0.5,50,"['move_surf', 'move_rock-smash']",['water'],rare,water,ground,17.0
0537,"['swift-swim', 'poison-touch', 'water-absorb']",두빅굴,[],[],[],[],5,1.5,0.18,0.5,0.3,0.5,50,"['move_surf', 'move_rock-smash', 'move_strength', 'move_dive']",['water'],epic,water,ground,62.0
0538,"['guts', 'inner-focus', 'mold-breaker']",던지미,[],[],[],[],5,1.3,0.18,0.0,0.3,1.0,50,"['move_rock-smash', 'move_strength']",['land'],rare,fighting,,55.5
0539,"['sturdy', 'inner-focus', 'mold-breaker']",타격귀,[],[],[],[],5,1.4,0.18,0.0,0.3,1.0,50,"['move_rock-smash', 'move_strength']",['land'],rare,fighting,,51.0
0540,"['swarm', 'chlorophyll', 'overcoat']",두르보,['candy_25'],['0541'],[],[],5,0.3,1.0,0.5,0.3,0.5,50,"['move_flash', 'move_cut']",['land'],common,bug,grass,2.5
0541,"['leaf-guard', 'chlorophyll', 'overcoat']",두르쿤,['friendship_220'],['0542'],[],[],5,0.5,0.47,0.5,0.3,0.5,50,"['move_flash', 'move_cut']",['land'],rare,bug,grass,7.3
0542,"['swarm', 'chlorophyll', 'overcoat']",모아머,[],[],[],[],5,1.2,0.18,0.5,0.3,0.5,50,"['move_flash', 'move_cut']",['land'],epic,bug,grass,20.5
0543,"['poison-point', 'swarm', 'speed-boost']",마디네,['candy_30'],['0544'],[],[],5,0.4,1.0,0.5,0.3,0.5,50,['move_rock-smash'],['land'],common,bug,poison,5.3
0544,"['poison-point', 'swarm', 'speed-boost']",휠구,['candy_50'],['0545'],[],[],5,1.2,0.47,0.5,0.3,0.5,50,['move_rock-smash'],['land'],rare,bug,poison,58.5
0545,"['poison-point', 'swarm', 'speed-boost']",펜드라,[],[],[],[],5,2.5,0.18,0.5,0.3,0.5,50,"['move_cut', 'move_rock-smash', 'move_strength']",['land'],epic,bug,poison,200.5
0545-mega,[],펜드라,[],[],[],[],5,3.2,0.18,0.5,0.3,0.5,50,[],['land'],epic,bug,poison,230.5
0546,"['ptierster', 'infiltrator', 'chlorophyll']",소미안,['sun-stone'],['0547'],[],[],5,0.3,0.75,0.5,0.3,0.5,50,"['move_flash', 'move_defog']",['land'],common,grass,fairy,0.6
0547,"['ptierster', 'infiltrator', 'chlorophyll']",엘풍,[],[],[],[],5,0.7,0.29,0.5,0.3,0.5,50,"['move_flash', 'move_defog']",['land'],rare,grass,fairy,6.6
0548,"['chlorophyll', 'own-tempo', 'leaf-guard']",치릴리,['sun-stone'],['0549'],[],[],5,0.5,0.75,1.0,0.3,0.0,50,"['move_flash', 'move_cut']",['land'],common,grass,,6.6
0549,"['chlorophyll', 'own-tempo', 'leaf-guard']",드레디어,[],[],[],[],5,1.1,0.29,1.0,0.3,0.0,50,"['move_flash', 'move_cut']",['land'],rare,grass,,16.3
0549_hisui,"['chlorophyll', 'hustle', 'leaf-guard']",드레디어,[],[],[],[],5,1.2,0.29,1.0,0.3,0.0,50,"['move_defog', 'move_rock-smash']",['land'],rare,grass,fighting,19.2
0550,"['reckless', 'adaptability', 'mold-breaker']",배쓰나이,[],[],[],[],5,,0.1,0.5,0.3,0.5,50,"['move_surf', 'move_cut', 'move_waterfall', 'move_dive']",['water'],rare,water,,
0550-blue-striped,"['rock-head', 'adaptability', 'mold-breaker']",배쓰나이,[],[],[],[],5,1.0,0.1,0.5,0.3,0.5,50,"['move_surf', 'move_cut', 'move_waterfall', 'move_dive']",['water'],rare,water,,18.0
0550-white-striped,"['rattled', 'adaptability', 'mold-breaker']",배쓰나이,['move_double-edge'],['0902'],[],[],5,1.0,0.1,0.5,0.3,0.5,50,"['move_surf', 'move_waterfall']",['water'],rare,water,,18.0
0551,"['intimidate', 'moxie', 'anger-point']",깜눈크,['candy_50'],['0552'],[],[],5,0.7,0.71,0.5,0.3,0.5,50,"['move_mean-look', 'move_cut']",['land'],common,ground,dark,15.2
0552,"['intimidate', 'moxie', 'anger-point']",악비르,['candy_80'],['0553'],[],[],5,1.0,0.35,0.5,0.3,0.5,50,"['move_cut', 'move_rock-smash', 'move_strength']",['land'],rare,ground,dark,33.4
0553,"['intimidate', 'moxie', 'anger-point']",악비아르,[],[],[],[],5,1.5,0.18,0.5,0.3,0.5,50,"['move_cut', 'move_rock-smash', 'move_strength']",['land'],epic,ground,dark,96.3
0554,"['hustle', 'inner-focus']",달막화,['candy_50'],['0555'],[],[],5,0.6,0.47,0.5,0.3,0.5,50,"['move_rock-smash', 'move_strength']",['land'],rare,fire,,37.5
0554_galar,"['hustle', 'inner-focus']",달막화,['candy_50'],['0555_galar'],[],[],5,0.7,0.47,0.5,0.3,0.5,50,[],['land'],rare,ice,,40.0
0555,"['sheer-force', 'zen_mode']",불비달마,[],[],[],[],5,,0.24,0.5,0.3,0.5,50,"['move_rock-smash', 'move_strength']",['land'],epic,fire,,
0555-zen,"['sheer-force', 'zen_mode']",불비달마,[],[],[],[],5,1.3,0.24,0.5,0.3,0.5,50,"['move_rock-smash', 'move_strength']",['land'],epic,fire,psychic,92.9
0555_galar,"['gorilla-tactics', 'zen_mode']",불비달마,[],[],[],[],5,,0.24,0.5,0.3,0.5,50,[],['land'],epic,ice,,
0555_galar-zen,"['gorilla-tactics', 'zen_mode']",불비달마,[],[],[],[],5,1.7,0.24,0.5,0.3,0.5,50,[],['land'],epic,ice,fire,120.0
0556,"['water-absorb', 'chlorophyll', 'storm-drain']",마라카치,[],[],[],[],5,1.0,1.0,0.5,0.3,0.5,50,[],['land'],common,grass,,28.0
0557,"['sturdy', 'shell-armor', 'weak-armor']",돌살이,['candy_50'],['0558'],[],[],5,0.3,0.75,0.5,0.3,0.5,50,"['move_cut', 'move_rock-smash', 'move_strength']",['land'],common,bug,rock,14.5
0558,"['sturdy', 'shell-armor', 'weak-armor']",암팰리스,[],[],[],[],5,1.4,0.29,0.5,0.3,0.5,50,"['move_cut', 'move_rock-smash', 'move_strength']",['land'],rare,bug,rock,200.0
0559,"['shed-skin', 'moxie', 'intimidate']",곤율랭,['candy_50'],['0560'],[],[],5,0.6,0.71,0.5,0.3,0.5,50,"['move_rock-smash', 'move_strength']",['land'],common,dark,fighting,11.8
0560,"['shed-skin', 'moxie', 'intimidate']",곤율거니,[],[],[],[],5,1.1,0.35,0.5,0.3,0.5,50,"['move_rock-smash', 'move_strength']",['land'],rare,dark,fighting,30.0
0560-mega,[],곤율거니,[],[],[],[],5,1.1,0.35,0.5,0.3,0.5,50,[],['land'],rare,dark,fighting,31.0
0561,"['wonder-skin', 'magic-guard', 'tinted-lens']",심보러,[],[],[],[],5,1.4,0.18,0.5,0.3,0.5,50,"['move_flash', 'move_defog', 'move_fly']",['land'],rare,psychic,flying,14.0
0562,['mummy'],데스마스,['candy_50'],['0563'],[],[],5,0.5,0.75,0.5,0.3,0.5,50,"['move_mean-look', 'move_flash']",['land'],rare,ghost,,1.5
0562_galar,['wandering-spirit'],데스마스,['candy_50'],['0867'],[],[],5,0.5,0.75,0.5,0.3,0.5,50,['move_mean-look'],['land'],rare,ground,ghost,1.5
0563,['mummy'],데스니칸,[],[],[],[],5,1.7,0.35,0.5,0.3,0.5,50,"['move_mean-look', 'move_flash']",['land'],epic,ghost,,76.5
0564,"['solid-rock', 'sturdy', 'swift-swim']",프로토가,['candy_40'],['0565'],[],[],5,0.7,0.18,0.12,0.3,0.88,50,"['move_surf', 'move_rock-smash', 'move_strength', 'move_waterfall', 'move_dive']",['water'],common,water,rock,16.5
0565,"['solid-rock', 'sturdy', 'swift-swim']",늑골라,[],[],[],[],5,1.2,0.18,0.12,0.3,0.88,50,"['move_surf', 'move_rock-smash', 'move_strength', 'move_waterfall', 'move_dive']",['water'],rare,water,rock,81.0
0566,['defeatist'],아켄,['candy_40'],['0567'],[],[],5,0.5,0.18,0.12,0.3,0.88,50,"['move_defog', 'move_cut', 'move_rock-smash']",['land'],common,rock,flying,9.5
0567,['defeatist'],아케오스,[],[],[],[],5,1.4,0.18,0.12,0.3,0.88,50,"['move_defog', 'move_cut', 'move_rock-smash', 'move_fly']",['land'],rare,rock,flying,32.0
0568,"['stench', 'sticky-hold', 'aftermath']",깨봉이,['candy_50'],['0569'],[],[],5,0.6,0.75,0.5,0.3,0.5,50,[],['land'],common,poison,,31.0
0569,"['stench', 'weak-armor', 'aftermath']",더스트나,[],[],[],[],5,1.9,0.24,0.5,0.3,0.5,50,[],['land'],rare,poison,,107.3
0569-gmax,"['stench', 'weak-armor', 'aftermath']",더스트나,[],[],[],[],5,21.0,0.24,0.5,0.3,0.5,50,[],['land'],rare,poison,,1000.0
0570,['illusion'],조로아,['candy_40'],['0571'],[],[],5,0.7,0.29,0.12,0.3,0.88,50,['move_cut'],['land'],rare,dark,,12.5
0570_hisui,['illusion'],조로아,['candy_40'],['0571_hisui'],[],[],5,0.7,0.29,0.12,0.3,0.88,50,[],['land'],rare,normal,ghost,12.5
0571,['illusion'],조로아크,[],[],[],[],5,1.6,0.18,0.12,0.3,0.88,50,"['move_cut', 'move_rock-smash']",['land'],epic,dark,,81.1
0571_hisui,['illusion'],조로아크,[],[],[],[],5,1.6,0.18,0.12,0.3,0.88,50,['move_rock-smash'],['land'],epic,normal,ghost,73.0
0572,"['cute-charm', 'technician', 'skill-link']",치라미,['shiny-stone'],['0573'],[],[],5,0.4,1.0,0.75,0.3,0.25,50,[],['land'],common,normal,,5.8
0573,"['cute-charm', 'technician', 'skill-link']",치라치노,[],[],[],[],5,0.5,0.24,0.75,0.3,0.25,50,[],['land'],rare,normal,,7.5
0574,"['frisk', 'competitive', 'shadow-tag']",고디탱,['candy_35'],['0575'],[],[],5,0.4,0.78,0.75,0.3,0.25,50,"['move_mean-look', 'move_flash']",['land'],common,psychic,,5.8
0575,"['frisk', 'competitive', 'shadow-tag']",고디보미,['candy_70'],['0576'],[],[],5,0.7,0.39,0.75,0.3,0.25,50,['move_flash'],['land'],rare,psychic,,18.0
0576,"['frisk', 'competitive', 'shadow-tag']",고디모아젤,[],[],[],[],5,1.5,0.2,0.75,0.3,0.25,50,['move_flash'],['land'],epic,psychic,,44.0
0577,"['overcoat', 'magic-guard', 'regenerator']",유니란,['candy_35'],['0578'],[],[],5,0.3,0.78,0.5,0.3,0.5,50,['move_flash'],['land'],common,psychic,,1.0
0578,"['overcoat', 'magic-guard', 'regenerator']",듀란,['candy_70'],['0579'],[],[],5,0.6,0.39,0.5,0.3,0.5,50,['move_flash'],['land'],rare,psychic,,8.0
0579,"['overcoat', 'magic-guard', 'regenerator']",란쿨루스,[],[],[],[],5,1.0,0.2,0.5,0.3,0.5,50,"['move_flash', 'move_rock-smash', 'move_strength']",['land'],epic,psychic,,20.1
0580,"['keen-eye', 'big-pecks', 'hydration']",꼬지보리,['candy_50'],['0581'],[],[],5,0.5,0.75,0.5,0.3,0.5,50,"['move_surf', 'move_defog', 'move_dive', 'move_fly']",['water'],common,water,flying,5.5
0581,"['keen-eye', 'big-pecks', 'hydration']",스완나,[],[],[],[],5,1.3,0.18,0.5,0.3,0.5,50,"['move_surf', 'move_defog', 'move_dive', 'move_fly']",['water'],rare,water,flying,24.2
0582,"['ice-body', 'snow-cloak', 'weak-armor']",바닐프티,['candy_50'],['0583'],[],[],5,0.4,1.0,0.5,0.3,0.5,50,[],['land'],common,ice,,5.7
0583,"['ice-body', 'snow-cloak', 'weak-armor']",바닐리치,['candy_75'],['0584'],[],[],5,1.1,0.47,0.5,0.3,0.5,50,[],['land'],rare,ice,,41.0
0584,"['ice-body', 'snow-warning', 'weak-armor']",배바닐라,[],[],[],[],5,1.3,0.18,0.5,0.3,0.5,50,[],['land'],epic,ice,,57.5
0585-spring,"['chlorophyll', 'sap-sipper', 'serene-grace']",사철록,['candy_50'],['0586'],[],[],5,,0.75,0.5,0.3,0.5,50,['move_flash'],['land'],common,normal,grass,
0585-summer,"['chlorophyll', 'sap-sipper', 'serene-grace']",사철록,['candy_50'],['0586'],[],[],5,,0.75,0.5,0.3,0.5,50,['move_flash'],['land'],common,normal,grass,
0585-autumn,"['chlorophyll', 'sap-sipper', 'serene-grace']",사철록,['candy_50'],['0586'],[],[],5,,0.75,0.5,0.3,0.5,50,['move_flash'],['land'],common,normal,grass,
0585-winter,"['chlorophyll', 'sap-sipper', 'serene-grace']",사철록,['candy_50'],['0586'],[],[],5,,0.75,0.5,0.3,0.5,50,['move_flash'],['land'],common,normal,grass,
0586-spring,"['chlorophyll', 'sap-sipper', 'serene-grace']",바라철록,[],[],[],[],5,,0.29,0.5,0.3,0.5,50,"['move_flash', 'move_cut', 'move_rock-smash']",['land'],rare,normal,grass,
0586-summer,"['chlorophyll', 'sap-sipper', 'serene-grace']",바라철록,[],[],[],[],5,,0.29,0.5,0.3,0.5,50,"['move_flash', 'move_cut', 'move_rock-smash']",['land'],rare,normal,grass,
0586-autumn,"['chlorophyll', 'sap-sipper', 'serene-grace']",바라철록,[],[],[],[],5,,0.29,0.5,0.3,0.5,50,"['move_flash', 'move_cut', 'move_rock-smash']",['land'],rare,normal,grass,
0586-winter,"['chlorophyll', 'sap-sipper', 'serene-grace']",바라철록,[],[],[],[],5,,0.29,0.5,0.3,0.5,50,"['move_flash', 'move_cut', 'move_rock-smash']",['land'],rare,normal,grass,
0587,"['static', 'motor-drive']",에몽가,[],[],[],[],5,0.4,0.78,0.5,0.3,0.5,50,"['move_flash', 'move_defog', 'move_cut']",['land'],common,electric,flying,5.0
0588,"['swarm', 'shed-skin', 'no-guard']",딱정곤,['trade'],['0589'],[],[],5,0.5,0.78,0.5,0.3,0.5,50,['move_cut'],['land'],common,bug,,5.9
0589,"['swarm', 'shell-armor', 'overcoat']",슈바르고,[],[],[],[],5,1.0,0.29,0.5,0.3,0.5,50,"['move_cut', 'move_rock-smash']",['land'],rare,bug,steel,33.0
0590,"['effect-spore', 'regenerator']",깜놀버슬,['candy_50'],['0591'],[],[],5,0.2,0.75,0.5,0.3,0.5,50,['move_flash'],['land'],common,grass,poison,1.0
0591,"['effect-spore', 'regenerator']",뽀록나,[],[],[],[],5,0.6,0.29,0.5,0.3,0.5,50,['move_flash'],['land'],rare,grass,poison,10.5
0592,"['water-absorb', 'cursed-body', 'damp']",탱그릴,['candy_50'],['0593'],[],[],5,1.2,0.75,0.5,0.3,0.5,50,"['move_surf', 'move_flash', 'move_waterfall', 'move_dive']",['water'],common,water,ghost,33.0
0593,"['water-absorb', 'cursed-body', 'damp']",탱탱겔,[],[],[],[],5,2.2,0.24,0.5,0.3,0.5,50,"['move_surf', 'move_flash', 'move_waterfall', 'move_dive']",['water'],rare,water,ghost,135.0
0594,"['healer', 'hydration', 'regenerator']",맘복치,[],[],[],[],5,1.2,0.29,0.5,0.3,0.5,50,"['move_surf', 'move_waterfall', 'move_dive']",['water'],common,water,,31.6
0595,"['compound-eyes', 'unnerve', 'swarm']",파쪼옥,['candy_48'],['0596'],[],[],5,0.1,0.75,0.5,0.3,0.5,50,"['move_flash', 'move_cut']",['land'],common,bug,electric,0.6
0596,"['compound-eyes', 'unnerve', 'swarm']",전툴라,[],[],[],[],5,0.8,0.29,0.5,0.3,0.5,50,"['move_flash', 'move_cut']",['land'],rare,bug,electric,14.3
0597,['iron-barbs'],철시드,['candy_50'],['0598'],[],[],5,0.6,1.0,0.5,0.3,0.5,50,"['move_flash', 'move_rock-smash']",['land'],common,grass,steel,18.8
0598,"['iron-barbs', 'anticipation']",너트령,[],[],[],[],5,1.0,0.35,0.5,0.3,0.5,50,"['move_flash', 'move_cut', 'move_rock-smash', 'move_strength']",['land'],rare,grass,steel,110.0
0599,"['plus', 'minus', 'clear-body']",기어르,['candy_38'],['0600'],[],[],5,0.3,0.51,0.0,0.3,0.0,50,['move_rock-smash'],['land'],common,steel,,21.0
0600,"['plus', 'minus', 'clear-body']",기기어르,['candy_49'],['0601'],[],[],5,0.6,0.24,0.0,0.3,0.0,50,['move_rock-smash'],['land'],rare,steel,,51.0
0601,"['plus', 'minus', 'clear-body']",기기기어르,[],[],[],[],5,0.6,0.12,0.0,0.3,0.0,50,['move_rock-smash'],['land'],epic,steel,,81.0
0602,['levitate'],저리어,['candy_75'],['0603'],[],[],5,0.2,0.75,0.5,0.3,0.5,50,[],['land'],common,electric,,0.3
0603,['levitate'],저리릴,['thunder-stone'],['0604'],[],[],5,1.2,0.24,0.5,0.3,0.5,50,['move_flash'],['land'],rare,electric,,22.0
0604,['levitate'],저리더프,[],[],[],[],5,2.1,0.12,0.5,0.3,0.5,50,"['move_flash', 'move_cut', 'move_rock-smash', 'move_strength']",['land'],epic,electric,,80.5
0604-mega,[],저리더프,[],[],[],[],5,3.0,0.12,0.5,0.3,0.5,50,[],['land'],epic,electric,,180.0
0605,"['telepathy', 'synchronize', 'analytic']",리그레,['candy_42'],['0606'],[],[],5,0.5,1.0,0.5,0.3,0.5,50,['move_flash'],['land'],common,psychic,,9.0
0606,"['telepathy', 'synchronize', 'analytic']",벰크,[],[],[],[],5,1.0,0.35,0.5,0.3,0.5,50,['move_flash'],['land'],rare,psychic,,34.5
0607,"['flash-fire', 'flame-body', 'infiltrator']",불켜미,['candy_50'],['0608'],[],[],5,0.3,0.75,0.5,0.3,0.5,50,['move_flash'],['land'],common,ghost,fire,3.1
0608,"['flash-fire', 'flame-body', 'infiltrator']",램프라,['dusk-stone'],['0609'],[],[],5,0.6,0.35,0.5,0.3,0.5,50,['move_flash'],['land'],rare,ghost,fire,13.0
0609,"['flash-fire', 'flame-body', 'infiltrator']",샹델라,[],[],[],[],5,1.0,0.18,0.5,0.3,0.5,50,['move_flash'],['land'],epic,ghost,fire,34.3
0609-mega,[],샹델라,[],[],[],[],5,2.5,0.18,0.5,0.3,0.5,50,[],['land'],epic,ghost,fire,69.6
0610,"['rivalry', 'mold-breaker', 'unnerve']",터검니,['candy_38'],['0611'],[],[],5,0.6,0.29,0.5,0.3,0.5,50,"['move_surf', 'move_cut', 'move_rock-smash', 'move_strength']",['land'],rare,dragon,,18.0
0611,"['rivalry', 'mold-breaker', 'unnerve']",액슨도,['candy_80'],['0612'],[],[],5,1.0,0.24,0.5,0.3,0.5,50,"['move_surf', 'move_cut', 'move_rock-smash', 'move_strength']",['land'],rare,dragon,,36.0
0612,"['rivalry', 'mold-breaker', 'unnerve']",액스라이즈,[],[],[],[],5,1.8,0.18,0.5,0.3,0.5,50,"['move_surf', 'move_cut', 'move_rock-smash', 'move_strength']",['land'],epic,dragon,,105.5
0613,"['snow-cloak', 'slush-rush', 'rattled']",코고미,['candy_40'],['0614'],[],[],5,0.5,0.47,0.5,0.3,0.5,50,"['move_surf', 'move_cut', 'move_rock-smash', 'move_strength']",['land'],common,ice,,8.5
0614,"['snow-cloak', 'slush-rush', 'swift-swim']",툰베어,[],[],[],[],5,2.6,0.24,0.5,0.3,0.5,50,"['move_surf', 'move_cut', 'move_rock-smash', 'move_strength', 'move_dive']",['land'],rare,ice,,260.0
0615,['levitate'],프리지오,[],[],[],[],5,1.1,0.1,0.0,0.3,0.0,50,['move_defog'],['land'],epic,ice,,148.0
0616,"['hydration', 'shell-armor', 'overcoat']",쪼마리,['trade'],['0617'],[],[],5,0.4,0.78,0.5,0.3,0.5,50,[],['land'],common,bug,,7.7
0617,"['hydration', 'sticky-hold', 'unburden']",어지리더,[],[],[],[],5,0.8,0.29,0.5,0.3,0.5,50,[],['land'],rare,bug,,25.3
0618,"['static', 'limber', 'sand-veil']",메더,[],[],[],[],5,0.7,0.29,0.5,0.3,0.5,50,"['move_surf', 'move_flash']",['land'],common,ground,electric,11.0
0618_galar,['mimicry'],메더,[],[],[],[],5,0.7,0.29,0.5,0.3,0.5,50,['move_surf'],['land'],common,ground,steel,20.5
0619,"['inner-focus', 'regenerator', 'reckless']",비조푸,['candy_50'],['0620'],[],[],5,0.9,0.71,0.5,0.3,0.5,50,"['move_rock-smash', 'move_strength']",['land'],common,fighting,,20.0
0620,"['inner-focus', 'regenerator', 'reckless']",비조도,[],[],[],[],5,1.4,0.18,0.5,0.3,0.5,50,"['move_rock-smash', 'move_strength']",['land'],rare,fighting,,35.5
0621,"['rough-skin', 'sheer-force', 'mold-breaker']",크리만,[],[],[],[],5,1.6,0.18,0.5,0.3,0.5,50,"['move_surf', 'move_cut', 'move_rock-smash', 'move_strength']",['land'],epic,dragon,,139.0
0622,"['iron-fist', 'klutz', 'no-guard']",골비람,['candy_70'],['0623'],[],[],5,1.0,0.75,0.0,0.3,0.0,50,"['move_flash', 'move_rock-smash', 'move_strength']",['land'],rare,ground,ghost,92.0
0623,"['iron-fist', 'klutz', 'no-guard']",골루그,[],[],[],[],5,2.8,0.35,0.0,0.3,0.0,50,"['move_flash', 'move_rock-smash', 'move_strength', 'move_fly']",['land'],epic,ground,ghost,330.0
0623-mega,[],골루그,[],[],[],[],5,4.0,0.35,0.0,0.3,0.0,50,[],['land'],epic,ground,ghost,330.0
0624,"['defiant', 'inner-focus', 'pressure']",자망칼,['candy_70'],['0625'],[],[],5,0.5,0.47,0.5,0.3,0.5,50,"['move_mean-look', 'move_cut', 'move_rock-smash']",['land'],rare,dark,steel,10.2
0625,"['defiant', 'inner-focus', 'pressure']",절각참,['leaders-crest'],['0983'],[],[],5,1.6,0.18,0.5,0.3,0.5,50,"['move_cut', 'move_rock-smash']",['land'],epic,dark,steel,70.0
0626,"['reckless', 'sap-sipper', 'soundproof']",버프론,[],[],[],[],5,1.6,0.18,0.5,0.3,0.5,50,"['move_surf', 'move_cut', 'move_rock-smash', 'move_strength']",['land'],common,normal,,94.6
0627,"['keen-eye', 'sheer-force', 'hustle']",수리둥보,"['candy_54', 'candy_54']","['0628', '0628_hisui']",[],[],5,0.5,0.75,0.0,0.3,1.0,50,"['move_defog', 'move_cut', 'move_rock-smash', 'move_strength', 'move_fly']",['land'],rare,normal,flying,10.5
0628,"['keen-eye', 'sheer-force', 'defiant']",워글,[],[],[],[],5,1.5,0.24,0.0,0.3,1.0,50,"['move_defog', 'move_cut', 'move_rock-smash', 'move_strength', 'move_fly']",['land'],epic,normal,flying,41.0
0628_hisui,"['keen-eye', 'sheer-force', 'tinted-lens']",워글,[],[],[],[],5,1.7,0.24,0.0,0.3,1.0,50,"['move_defog', 'move_rock-smash', 'move_fly']",['land'],epic,psychic,flying,43.4
0629,"['big-pecks', 'overcoat', 'weak-armor']",벌차이,['candy_54'],['0630'],[],[],5,0.5,0.75,1.0,0.3,0.0,50,"['move_mean-look', 'move_defog', 'move_cut', 'move_rock-smash', 'move_fly']",['land'],rare,dark,flying,9.0
0630,"['big-pecks', 'overcoat', 'weak-armor']",버랜지나,[],[],[],[],5,1.2,0.24,1.0,0.3,0.0,50,"['move_mean-look', 'move_defog', 'move_cut', 'move_rock-smash', 'move_fly']",['land'],epic,dark,flying,39.5
0631,"['gluttony', 'flash-fire', 'white-smoke']",앤티골,[],[],[],[],5,1.4,0.35,0.5,0.3,0.5,50,"['move_cut', 'move_rock-smash']",['land'],rare,fire,,58.0
0632,"['swarm', 'hustle', 'truant']",아이앤트,[],[],[],[],5,0.3,0.35,0.5,0.3,0.5,50,"['move_cut', 'move_rock-smash', 'move_strength']",['land'],rare,bug,steel,33.0
0633,['hustle'],모노두,['candy_50'],['0634'],[],[],5,0.8,0.18,0.5,0.3,0.5,50,"['move_rock-smash', 'move_strength']",['land'],rare,dark,dragon,17.3
0634,['hustle'],디헤드,['candy_80'],['0635'],[],[],5,1.4,0.18,0.5,0.3,0.5,50,"['move_rock-smash', 'move_strength']",['land'],rare,dark,dragon,50.0
0635,['levitate'],삼삼드래,[],[],[],[],5,1.8,0.18,0.5,0.3,0.5,50,"['move_surf', 'move_defog', 'move_rock-smash', 'move_strength', 'move_fly']",['land'],epic,dark,dragon,160.0
0636,"['flame-body', 'swarm']",활화르바,['candy_59'],['0637'],[],[],5,1.1,0.18,0.5,0.3,0.5,50,[],['land'],epic,bug,fire,28.8
0637,"['flame-body', 'swarm']",불카모스,[],[],[],[],5,1.6,0.06,0.5,0.3,0.5,50,"['move_defog', 'move_fly']",['land'],epic,bug,fire,46.0
0638,['justified'],코바르온,[],[],[],[],5,2.1,0.01,0.0,0.3,0.0,50,"['move_cut', 'move_rock-smash', 'move_strength']",['land'],legendary,steel,fighting,250.0
0639,['justified'],테라키온,[],[],[],[],5,1.9,0.01,0.0,0.3,0.0,50,"['move_cut', 'move_rock-smash', 'move_strength']",['land'],legendary,rock,fighting,260.0
0640,['justified'],비리디온,[],[],[],[],5,2.0,0.01,0.0,0.3,0.0,50,"['move_flash', 'move_cut', 'move_rock-smash', 'move_strength']",['land'],legendary,grass,fighting,200.0
0641,"['ptierster', 'defiant']",토네로스,[],[],[],[],5,,0.01,0.0,0.3,1.0,50,"['move_defog', 'move_rock-smash', 'move_strength', 'move_fly']",['land'],legendary,flying,,
0641-therian,['regenerator'],토네로스,[],[],[],[],5,1.4,0.01,0.0,0.3,1.0,50,"['move_defog', 'move_rock-smash', 'move_strength', 'move_fly']",['land'],legendary,flying,,63.0
0642,"['ptierster', 'defiant']",볼트로스,[],[],[],[],5,,0.01,0.0,0.3,1.0,50,"['move_defog', 'move_rock-smash', 'move_strength', 'move_fly']",['land'],legendary,electric,flying,
0642-therian,['volt-absorb'],볼트로스,[],[],[],[],5,3.0,0.01,0.0,0.3,1.0,50,"['move_defog', 'move_rock-smash', 'move_strength', 'move_fly']",['land'],legendary,electric,flying,61.0
0643,['turboblaze'],레시라무,[],[],[],[],5,3.2,0.01,0.0,0.3,0.0,50,"['move_defog', 'move_cut', 'move_rock-smash', 'move_strength', 'move_fly']",['land'],legendary,dragon,fire,330.0
0644,['teravolt'],제크로무,[],[],[],[],5,2.9,0.01,0.0,0.3,0.0,50,"['move_flash', 'move_defog', 'move_cut', 'move_rock-smash', 'move_strength', 'move_fly']",['land'],legendary,dragon,electric,345.0
0645,"['sand-force', 'sheer-force']",랜드로스,[],[],[],[],5,,0.01,0.0,0.3,1.0,50,"['move_defog', 'move_rock-smash', 'move_strength', 'move_fly']",['land'],legendary,ground,flying,
0645-therian,['intimidate'],랜드로스,[],[],[],[],5,1.3,0.01,0.0,0.3,1.0,50,"['move_defog', 'move_rock-smash', 'move_strength', 'move_fly']",['land'],legendary,ground,flying,68.0
0646,['pressure'],큐레무,[],[],[],[],5,3.0,0.01,0.0,0.3,0.0,50,"['move_cut', 'move_rock-smash', 'move_strength', 'move_fly']",['land'],legendary,dragon,ice,325.0
0646-white,['teravolt'],큐레무,[],[],[],[],5,3.6,0.01,0.0,0.3,0.0,50,"['move_cut', 'move_rock-smash', 'move_strength', 'move_fly']",['land'],legendary,dragon,ice,325.0
0646-black,['turboblaze'],큐레무,[],[],[],[],5,3.3,0.01,0.0,0.3,0.0,50,"['move_cut', 'move_rock-smash', 'move_strength', 'move_fly']",['land'],legendary,dragon,ice,325.0
0647,['justified'],케르디오,[],[],[],[],5,,0.01,0.0,0.3,0.0,50,"['move_surf', 'move_cut', 'move_rock-smash', 'move_strength']",['water'],legendary,water,fighting,
0647-resolute,['justified'],케르디오,[],[],[],[],5,1.4,0.01,0.0,0.3,0.0,50,"['move_surf', 'move_cut', 'move_rock-smash', 'move_strength']",['water'],legendary,water,fighting,48.5
0648,['serene-grace'],메로엣타,[],[],[],[],5,,0.01,0.0,0.3,0.0,50,"['move_flash', 'move_rock-smash', 'move_strength']",['land'],legendary,normal,psychic,
0648-pirouette,['serene-grace'],메로엣타,[],[],[],[],5,0.6,0.01,0.0,0.3,0.0,50,"['move_flash', 'move_rock-smash', 'move_strength']",['land'],legendary,normal,fighting,6.5
0649,['download'],게노세크트,[],[],[],[],5,1.5,0.01,0.0,0.3,0.0,50,"['move_flash', 'move_fly']",['land'],legendary,bug,steel,82.5
0650,"['overgrow', 'bulletproof']",도치마론,['candy_50'],['0651'],[],[],6,0.4,0.18,0.12,0.3,0.88,50,"['move_flash', 'move_cut', 'move_rock-smash', 'move_strength']",['land'],epic,grass,,9.0
0651,"['overgrow', 'bulletproof']",도치보구,['candy_100'],['0652'],[],[],6,0.7,0.18,0.12,0.3,0.88,50,"['move_flash', 'move_cut', 'move_rock-smash', 'move_strength']",['land'],epic,grass,,29.0
0652,"['overgrow', 'bulletproof']",브리가론,[],[],[],[],6,1.6,0.18,0.12,0.3,0.88,50,"['move_flash', 'move_cut', 'move_rock-smash', 'move_strength']",['land'],epic,grass,fighting,90.0
0652-mega,[],브리가론,[],[],[],[],6,1.6,0.18,0.12,0.3,0.88,50,[],['land'],epic,grass,fighting,90.0
0653,"['blaze', 'magician']",푸호꼬,['candy_50'],['0654'],[],[],6,0.4,0.18,0.12,0.3,0.88,50,['move_cut'],['land'],epic,fire,,9.4
0654,"['blaze', 'magician']",테르나,['candy_100'],['0655'],[],[],6,1.0,0.18,0.12,0.3,0.88,50,['move_cut'],['land'],epic,fire,,14.5
0655,"['blaze', 'magician']",마폭시,[],[],[],[],6,1.5,0.18,0.12,0.3,0.88,50,['move_cut'],['land'],epic,fire,psychic,39.0
0655-mega,[],마폭시,[],[],[],[],6,1.5,0.18,0.12,0.3,0.88,50,[],['land'],epic,fire,psychic,39.0
0656,"['torrent', 'protean']",개구마르,['candy_50'],['0657'],[],[],6,0.3,0.18,0.12,0.3,0.88,50,"['move_surf', 'move_cut', 'move_rock-smash', 'move_strength', 'move_waterfall', 'move_dive']",['water'],epic,water,,7.0
0657,"['torrent', 'protean']",개굴반장,['candy_100'],['0658'],[],[],6,0.6,0.18,0.12,0.3,0.88,50,"['move_surf', 'move_cut', 'move_rock-smash', 'move_strength', 'move_waterfall', 'move_dive']",['water'],epic,water,,10.9
0658,"['torrent', 'protean']",개굴닌자,[],[],[],[],6,1.5,0.18,0.12,0.3,0.88,50,"['move_surf', 'move_cut', 'move_rock-smash', 'move_strength', 'move_waterfall', 'move_dive']",['water'],epic,water,dark,40.0
0658-battle-bond,['battle-bond'],개굴닌자,[],[],[],[],6,1.5,0.18,0.12,0.3,0.88,50,"['move_surf', 'move_waterfall']",['water'],epic,water,dark,40.0
0658-ash,['battle-bond'],개굴닌자,[],[],[],[],6,1.5,0.18,0.12,0.3,0.88,50,"['move_surf', 'move_waterfall']",['water'],epic,water,dark,40.0
0658-mega,[],개굴닌자,[],[],[],[],6,1.5,0.18,0.12,0.3,0.88,50,[],['water'],epic,water,dark,40.0
0659,"['pickup', 'cheek-pouch', 'huge-power']",파르빗,['candy_40'],['0660'],[],[],6,0.4,1.0,0.5,0.3,0.5,50,"['move_surf', 'move_cut', 'move_rock-smash', 'move_strength']",['land'],common,normal,,5.0
0660,"['pickup', 'cheek-pouch', 'huge-power']",파르토,[],[],[],[],6,1.0,0.5,0.5,0.3,0.5,50,"['move_surf', 'move_cut', 'move_rock-smash', 'move_strength']",['land'],rare,normal,ground,42.4
0661,"['big-pecks', 'gale-wings']",화살꼬빈,['candy_30'],['0662'],[],[],6,0.3,1.0,0.5,0.3,0.5,50,"['move_defog', 'move_fly']",['land'],common,normal,flying,1.7
0662,"['flame-body', 'gale-wings']",불화살빈,['candy_60'],['0663'],[],[],6,0.7,0.47,0.5,0.3,0.5,50,"['move_defog', 'move_fly']",['land'],rare,fire,flying,16.0
0663,"['flame-body', 'gale-wings']",파이어로,[],[],[],[],6,1.2,0.18,0.5,0.3,0.5,50,"['move_defog', 'move_fly']",['land'],epic,fire,flying,24.5
0664,"['shield-dust', 'compound-eyes', 'friend-guard']",분이벌레,['candy_25'],['0665'],[],[],6,0.3,1.0,0.5,0.3,0.5,50,[],['land'],common,bug,,2.5
0665,"['shed-skin', 'friend-guard']",분떠도리,['candy_50'],['0666'],[],[],6,0.3,0.47,0.5,0.3,0.5,50,[],['land'],rare,bug,,8.4
0666,"['shield-dust', 'compound-eyes', 'friend-guard']",비비용,[],[],[],[],6,1.2,0.18,0.5,0.3,0.5,50,"['move_flash', 'move_defog']",['land'],epic,bug,flying,17.0
0667,"['rivalry', 'unnerve', 'moxie']",레오꼬,['candy_40'],['0668'],[],[],6,0.6,0.86,0.88,0.3,0.12,50,"['move_rock-smash', 'move_strength']",['land'],common,fire,normal,13.5
0668,"['rivalry', 'unnerve', 'moxie']",화염레오,[],[],[],[],6,1.5,0.25,0.88,0.3,0.12,50,"['move_rock-smash', 'move_strength']",['land'],rare,fire,normal,81.5
0668-mega,[],화염레오,[],[],[],[],6,1.5,0.25,0.88,0.3,0.12,50,[],['land'],rare,fire,normal,93.3
0669-red,"['flower-veil', 'symbiosis']",플라베베,['candy_38'],['0670'],[],[],6,,0.88,1.0,0.3,0.0,50,['move_flash'],['land'],common,fairy,,
0669-yellow,"['flower-veil', 'symbiosis']",플라베베,['candy_38'],['0670'],[],[],6,,0.88,1.0,0.3,0.0,50,['move_flash'],['land'],common,fairy,,
0669-orange,"['flower-veil', 'symbiosis']",플라베베,['candy_38'],['0670'],[],[],6,,0.88,1.0,0.3,0.0,50,['move_flash'],['land'],common,fairy,,
0669-blue,"['flower-veil', 'symbiosis']",플라베베,['candy_38'],['0670'],[],[],6,,0.88,1.0,0.3,0.0,50,['move_flash'],['land'],common,fairy,,
0669-white,"['flower-veil', 'symbiosis']",플라베베,['candy_38'],['0670'],[],[],6,,0.88,1.0,0.3,0.0,50,['move_flash'],['land'],common,fairy,,
0670-red,"['flower-veil', 'symbiosis']",플라엣테,['shiny-stone'],['0671'],[],[],6,,0.47,1.0,0.3,0.0,50,['move_flash'],['land'],rare,fairy,,
0670-yellow,"['flower-veil', 'symbiosis']",플라엣테,['shiny-stone'],['0671'],[],[],6,,0.47,1.0,0.3,0.0,50,['move_flash'],['land'],rare,fairy,,
0670-orange,"['flower-veil', 'symbiosis']",플라엣테,['shiny-stone'],['0671'],[],[],6,,0.47,1.0,0.3,0.0,50,['move_flash'],['land'],rare,fairy,,
0670-blue,"['flower-veil', 'symbiosis']",플라엣테,['shiny-stone'],['0671'],[],[],6,,0.47,1.0,0.3,0.0,50,['move_flash'],['land'],rare,fairy,,
0670-white,"['flower-veil', 'symbiosis']",플라엣테,['shiny-stone'],['0671'],[],[],6,,0.47,1.0,0.3,0.0,50,['move_flash'],['land'],rare,fairy,,
0670-eternal,"['flower-veil', 'symbiosis']",플라엣테,['shiny-stone'],['0671'],[],[],6,0.2,0.47,1.0,0.3,0.0,50,['move_flash'],['land'],rare,fairy,,0.9
0670-mega,[],플라엣테,['shiny-stone'],['0671'],[],[],6,0.2,0.47,1.0,0.3,0.0,50,[],['land'],rare,fairy,,100.8
0671-red,"['flower-veil', 'symbiosis']",플라제스,[],[],[],[],6,,0.18,1.0,0.3,0.0,50,"['move_flash', 'move_defog']",['land'],epic,fairy,,
0671-yellow,"['flower-veil', 'symbiosis']",플라제스,[],[],[],[],6,,0.18,1.0,0.3,0.0,50,"['move_flash', 'move_defog']",['land'],epic,fairy,,
0671-orange,"['flower-veil', 'symbiosis']",플라제스,[],[],[],[],6,,0.18,1.0,0.3,0.0,50,"['move_flash', 'move_defog']",['land'],epic,fairy,,
0671-blue,"['flower-veil', 'symbiosis']",플라제스,[],[],[],[],6,,0.18,1.0,0.3,0.0,50,"['move_flash', 'move_defog']",['land'],epic,fairy,,
0671-white,"['flower-veil', 'symbiosis']",플라제스,[],[],[],[],6,,0.18,1.0,0.3,0.0,50,"['move_flash', 'move_defog']",['land'],epic,fairy,,
0672,"['sap-sipper', 'grass-pelt']",메이클,['candy_40'],['0673'],[],[],6,0.9,0.78,0.5,0.3,0.5,50,"['move_surf', 'move_rock-smash', 'move_strength']",['land'],common,grass,,31.0
0673,"['sap-sipper', 'grass-pelt']",고고트,[],[],[],[],6,1.7,0.18,0.5,0.3,0.5,50,"['move_surf', 'move_rock-smash', 'move_strength']",['land'],rare,grass,,91.0
0674,"['iron-fist', 'mold-breaker', 'scrappy']",판짱,['candy_36'],['0675'],[],[],6,0.6,0.86,0.5,0.3,0.5,50,"['move_surf', 'move_cut', 'move_rock-smash', 'move_strength']",['land'],common,fighting,,8.0
0675,"['iron-fist', 'mold-breaker', 'scrappy']",부란다,[],[],[],[],6,2.1,0.25,0.5,0.3,0.5,50,"['move_surf', 'move_cut', 'move_rock-smash', 'move_strength']",['land'],rare,fighting,dark,136.0
0676,['fur-coat'],트리미앙,[],[],[],[],6,1.2,0.63,0.5,0.3,0.5,50,"['move_surf', 'move_flash', 'move_rock-smash']",['land'],common,normal,,28.0
0676-heart,['fur-coat'],트리미앙,[],[],[],[],6,,0.63,0.5,0.3,0.5,50,"['move_surf', 'move_flash', 'move_rock-smash']",['land'],common,normal,,
0676-star,['fur-coat'],트리미앙,[],[],[],[],6,,0.63,0.5,0.3,0.5,50,"['move_surf', 'move_flash', 'move_rock-smash']",['land'],common,normal,,
0676-diamond,['fur-coat'],트리미앙,[],[],[],[],6,,0.63,0.5,0.3,0.5,50,"['move_surf', 'move_flash', 'move_rock-smash']",['land'],common,normal,,
0676-debutante,['fur-coat'],트리미앙,[],[],[],[],6,,0.63,0.5,0.3,0.5,50,"['move_surf', 'move_flash', 'move_rock-smash']",['land'],common,normal,,
0676-matron,['fur-coat'],트리미앙,[],[],[],[],6,,0.63,0.5,0.3,0.5,50,"['move_surf', 'move_flash', 'move_rock-smash']",['land'],common,normal,,
0676-dandy,['fur-coat'],트리미앙,[],[],[],[],6,,0.63,0.5,0.3,0.5,50,"['move_surf', 'move_flash', 'move_rock-smash']",['land'],common,normal,,
0676-la-reine,['fur-coat'],트리미앙,[],[],[],[],6,,0.63,0.5,0.3,0.5,50,"['move_surf', 'move_flash', 'move_rock-smash']",['land'],common,normal,,
0676-kabuki,['fur-coat'],트리미앙,[],[],[],[],6,,0.63,0.5,0.3,0.5,50,"['move_surf', 'move_flash', 'move_rock-smash']",['land'],common,normal,,
0676-pharaoh,['fur-coat'],트리미앙,[],[],[],[],6,,0.63,0.5,0.3,0.5,50,"['move_surf', 'move_flash', 'move_rock-smash']",['land'],common,normal,,
0677,"['keen-eye', 'infiltrator', 'own-tempo']",냐스퍼,['candy_38'],['0678'],[],[],6,0.3,0.75,0.5,0.3,0.5,50,"['move_flash', 'move_cut']",['land'],common,psychic,,3.5
0678,"['keen-eye', 'infiltrator', 'ptierster']",냐오닉스,[],[],[],[],6,,0.29,0.5,0.3,0.5,50,"['move_mean-look', 'move_flash', 'move_cut']",['land'],rare,psychic,,
0678-mega,[],냐오닉스,[],[],[],[],6,0.8,0.29,0.5,0.3,0.5,50,[],['land'],rare,psychic,,10.1
0679,['no-guard'],단칼빙,['candy_50'],['0680'],[],[],6,0.8,0.71,0.5,0.3,0.5,50,"['move_cut', 'move_rock-smash']",['land'],common,steel,ghost,2.0
0680,['no-guard'],쌍검킬,['dusk-stone'],['0681'],[],[],6,0.8,0.35,0.5,0.3,0.5,50,"['move_cut', 'move_rock-smash']",['land'],rare,steel,ghost,4.5
0681,['stance-change'],킬가르도,[],[],[],[],6,,0.18,0.5,0.3,0.5,50,"['move_cut', 'move_rock-smash']",['land'],epic,steel,ghost,
0681-blade,['stance-change'],킬가르도,[],[],[],[],6,,0.18,0.5,0.3,0.5,50,"['move_cut', 'move_rock-smash']",['land'],epic,steel,ghost,
0682,"['healer', 'aroma-veil']",슈쁘,['sachet'],['0683'],[],[],6,0.2,0.78,0.5,0.3,0.5,50,['move_flash'],['land'],common,fairy,,0.5
0683,"['healer', 'aroma-veil']",프레프티르,[],[],[],[],6,0.8,0.55,0.5,0.3,0.5,50,['move_flash'],['land'],rare,fairy,,15.5
0684,"['sweet-veil', 'unburden']",나룸퍼프,['whipped-dream'],['0685'],[],[],6,0.4,0.78,0.5,0.3,0.5,50,"['move_surf', 'move_flash']",['land'],common,fairy,,3.5
0685,"['sweet-veil', 'unburden']",나루림,[],[],[],[],6,0.8,0.55,0.5,0.3,0.5,50,"['move_surf', 'move_flash']",['land'],rare,fairy,,5.0
0686,"['contrary', 'suction-cups', 'infiltrator']",오케이징,['candy_50'],['0687'],[],[],6,0.4,0.75,0.5,0.3,0.5,50,"['move_flash', 'move_cut']",['land'],common,dark,psychic,3.5
0687,"['contrary', 'suction-cups', 'infiltrator']",칼라마네로,[],[],[],[],6,1.5,0.31,0.5,0.3,0.5,50,"['move_flash', 'move_cut']",['land'],rare,dark,psychic,47.0
0687-mega,[],칼라마네로,[],[],[],[],6,2.9,0.31,0.5,0.3,0.5,50,[],['land'],rare,dark,psychic,69.8
0688,"['tough-claws', 'sniper', 'pickpocket']",거북손손,['candy_39'],['0689'],[],[],6,0.5,0.47,0.5,0.3,0.5,50,"['move_surf', 'move_cut', 'move_rock-smash', 'move_strength']",['water'],common,rock,water,31.0
0689,"['tough-claws', 'sniper', 'pickpocket']",거북손데스,[],[],[],[],6,1.3,0.18,0.5,0.3,0.5,50,"['move_surf', 'move_cut', 'move_rock-smash', 'move_strength', 'move_dive']",['water'],rare,rock,water,96.0
0689-mega,[],거북손데스,[],[],[],[],6,2.2,0.18,0.5,0.3,0.5,50,[],['land'],rare,rock,fighting,100.0
0690,"['poison-point', 'poison-touch', 'adaptability']",수레기,['candy_48'],['0691'],[],[],6,0.5,0.88,0.5,0.3,0.5,50,"['move_surf', 'move_waterfall', 'move_dive']",['water'],common,poison,water,7.3
0691,"['poison-point', 'poison-touch', 'adaptability']",드래캄,[],[],[],[],6,1.8,0.22,0.5,0.3,0.5,50,"['move_surf', 'move_waterfall', 'move_dive']",['land'],rare,poison,dragon,81.5
0691-mega,[],드래캄,[],[],[],[],6,2.1,0.22,0.5,0.3,0.5,50,[],['land'],rare,poison,dragon,100.3
0692,['mega-launcher'],완철포,['candy_40'],['0693'],[],[],6,0.5,0.88,0.5,0.3,0.5,50,"['move_surf', 'move_cut', 'move_waterfall', 'move_dive']",['water'],common,water,,8.3
0693,['mega-launcher'],블로스터,[],[],[],[],6,1.3,0.22,0.5,0.3,0.5,50,"['move_surf', 'move_cut', 'move_waterfall', 'move_dive']",['water'],rare,water,,35.3
0694,"['dry-skin', 'sand-veil', 'solar-power']",목도리키텔,['sun-stone'],['0695'],[],[],6,0.5,0.75,0.5,0.3,0.5,50,"['move_surf', 'move_flash', 'move_cut']",['land'],common,electric,normal,6.0
0695,"['dry-skin', 'sand-veil', 'solar-power']",일레도리자드,[],[],[],[],6,1.0,0.29,0.5,0.3,0.5,50,"['move_surf', 'move_flash', 'move_cut']",['land'],rare,electric,normal,21.0
0696,"['strong-jaw', 'sturdy']",티고라스,['candy_40+time_day'],['0697'],[],[],6,0.8,0.18,0.12,0.3,0.88,50,"['move_rock-smash', 'move_strength']",['land'],common,rock,dragon,26.0
0697,"['strong-jaw', 'rock-head']",견고라스,[],[],[],[],6,2.5,0.18,0.12,0.3,0.88,50,"['move_rock-smash', 'move_strength']",['land'],rare,rock,dragon,270.0
0698,"['refrigerate', 'snow-warning']",아마루스,['candy_40+time_night'],['0699'],[],[],6,1.3,0.18,0.12,0.3,0.88,50,"['move_flash', 'move_rock-smash']",['land'],common,rock,ice,25.2
0699,"['refrigerate', 'snow-warning']",아마루르가,[],[],[],[],6,2.7,0.18,0.12,0.3,0.88,50,"['move_flash', 'move_rock-smash']",['land'],rare,rock,ice,225.0
0700,"['cute-charm', 'pixilate']",님피아,[],[],[],[],6,1.0,0.18,0.12,0.3,0.88,50,"['move_flash', 'move_cut']",['land'],rare,fairy,,23.5
0701,"['limber', 'unburden', 'mold-breaker']",루차불,[],[],[],[],6,0.8,0.39,0.5,0.3,0.5,50,"['move_mean-look', 'move_defog', 'move_cut', 'move_rock-smash', 'move_strength', 'move_fly']",['land'],common,fighting,flying,21.5
0701-mega,[],루차불,[],[],[],[],6,1.0,0.39,0.5,0.3,0.5,50,[],['land'],common,fighting,flying,25.0
0702,"['cheek-pouch', 'pickup', 'plus']",데덴네,[],[],[],[],6,0.2,0.71,0.5,0.3,0.5,50,"['move_flash', 'move_cut']",['land'],common,electric,fairy,2.2
0703,"['clear-body', 'sturdy']",멜리시,[],[],[],[],6,0.3,0.24,0.0,0.3,0.0,50,['move_flash'],['land'],common,rock,fairy,5.7
0704,"['sap-sipper', 'hydration', 'gooey']",미끄메라,['candy_40'],['0705'],[],[],6,0.3,0.18,0.5,0.3,0.5,50,[],['land'],common,dragon,,2.8
0705,"['sap-sipper', 'hydration', 'gooey']",미끄네일,['candy_50'],['0706'],[],[],6,0.8,0.18,0.5,0.3,0.5,50,[],['land'],rare,dragon,,17.5
0705_hisui,"['sap-sipper', 'shell-armor', 'gooey']",미끄네일,['candy_50'],['0706_hisui'],[],[],6,0.7,0.18,0.5,0.3,0.5,50,[],['land'],rare,steel,dragon,68.5
0706,"['sap-sipper', 'hydration', 'gooey']",미끄래곤,[],[],[],[],6,2.0,0.18,0.5,0.3,0.5,50,"['move_surf', 'move_rock-smash', 'move_strength']",['land'],epic,dragon,,150.5
0706_hisui,"['sap-sipper', 'shell-armor', 'gooey']",미끄래곤,[],[],[],[],6,1.7,0.18,0.5,0.3,0.5,50,"['move_surf', 'move_rock-smash']",['land'],epic,steel,dragon,334.1
0707,"['ptierster', 'magician']",클레피,[],[],[],[],6,0.2,0.29,0.5,0.3,0.5,50,"['move_defog', 'move_cut']",['land'],common,steel,fairy,3.0
0708,"['natural-cure', 'frisk', 'harvest']",나목령,['trade'],['0709'],[],[],6,0.4,0.47,0.5,0.3,0.5,50,"['move_cut', 'move_rock-smash', 'move_strength']",['land'],common,ghost,grass,7.0
0709,"['natural-cure', 'frisk', 'harvest']",대로트,[],[],[],[],6,1.5,0.24,0.5,0.3,0.5,50,"['move_cut', 'move_rock-smash', 'move_strength']",['land'],rare,ghost,grass,71.0
0710,"['pickup', 'frisk', 'insomnia']",호바귀,['trade'],['0711'],[],[],6,,0.47,0.5,0.3,0.5,50,"['move_flash', 'move_rock-smash']",['land'],common,ghost,grass,
0710-small,"['pickup', 'frisk', 'insomnia']",호바귀,['trade'],['0711'],[],[],6,0.3,0.47,0.5,0.3,0.5,50,"['move_flash', 'move_rock-smash']",['land'],common,ghost,grass,3.5
0710-large,"['pickup', 'frisk', 'insomnia']",호바귀,['trade'],['0711'],[],[],6,0.5,0.47,0.5,0.3,0.5,50,"['move_flash', 'move_rock-smash']",['land'],common,ghost,grass,7.5
0710-super,"['pickup', 'frisk', 'insomnia']",호바귀,['trade'],['0711'],[],[],6,0.8,0.47,0.5,0.3,0.5,50,"['move_flash', 'move_rock-smash']",['land'],common,ghost,grass,15.0
0711,"['pickup', 'frisk', 'insomnia']",펌킨인,[],[],[],[],6,,0.24,0.5,0.3,0.5,50,"['move_flash', 'move_rock-smash']",['land'],rare,ghost,grass,
0711-small,"['pickup', 'frisk', 'insomnia']",펌킨인,[],[],[],[],6,0.7,0.24,0.5,0.3,0.5,50,"['move_flash', 'move_rock-smash']",['land'],rare,ghost,grass,9.5
0711-large,"['pickup', 'frisk', 'insomnia']",펌킨인,[],[],[],[],6,1.1,0.24,0.5,0.3,0.5,50,"['move_flash', 'move_rock-smash']",['land'],rare,ghost,grass,14.0
0711-super,"['pickup', 'frisk', 'insomnia']",펌킨인,[],[],[],[],6,1.7,0.24,0.5,0.3,0.5,50,"['move_flash', 'move_rock-smash']",['land'],rare,ghost,grass,39.0
0712,"['own-tempo', 'ice-body', 'sturdy']",꽁어름,"['candy_40', 'candy_40']","['0713', '0713_hisui']",[],[],6,1.0,0.75,0.5,0.3,0.5,50,"['move_surf', 'move_flash', 'move_rock-smash', 'move_strength']",['land'],rare,ice,,99.5
0713,"['own-tempo', 'ice-body', 'sturdy']",크레베이스,[],[],[],[],6,2.0,0.22,0.5,0.3,0.5,50,"['move_surf', 'move_flash', 'move_rock-smash', 'move_strength']",['land'],epic,ice,,505.0
0713_hisui,"['strong-jaw', 'ice-body', 'sturdy']",크레베이스,[],[],[],[],6,1.4,0.22,0.5,0.3,0.5,50,['move_rock-smash'],['land'],epic,ice,rock,262.4
0714,"['frisk', 'infiltrator', 'telepathy']",음뱃,['candy_48'],['0715'],[],[],6,0.5,0.75,0.5,0.3,0.5,50,"['move_defog', 'move_cut', 'move_fly']",['land'],epic,flying,dragon,8.0
0715,"['frisk', 'infiltrator', 'telepathy']",음번,[],[],[],[],6,1.5,0.18,0.5,0.3,0.5,50,"['move_defog', 'move_cut', 'move_fly']",['land'],epic,flying,dragon,85.0
0716,['fairy-aura'],제르네아스,[],[],[],[],6,3.0,0.18,0.0,0.3,0.0,50,"['move_flash', 'move_defog', 'move_cut']",['land'],legendary,fairy,,215.0
0716-active,['fairy-aura'],제르네아스,[],[],[],[],6,,0.18,0.0,0.3,0.0,50,"['move_flash', 'move_defog', 'move_cut']",['land'],legendary,fairy,,
0717,['dark-aura'],이벨타르,[],[],[],[],6,5.8,0.18,0.0,0.3,0.0,50,"['move_defog', 'move_cut', 'move_fly']",['land'],legendary,dark,flying,203.0
0718,['aura-break'],지가르데,[],[],[],[],6,,0.01,0.0,0.3,0.0,50,"['move_rock-smash', 'move_strength']",['land'],legendary,dragon,ground,
0718-10-power,['power-construct'],지가르데,[],[],[],[],6,,0.01,0.0,0.3,0.0,50,[],['land'],legendary,dragon,ground,
0718-complete,['power-construct'],지가르데,[],[],[],[],6,4.5,0.01,0.0,0.3,0.0,50,[],['land'],legendary,dragon,ground,610.0
0718-mega,[],지가르데,[],[],[],[],6,7.7,0.01,0.0,0.3,0.0,50,[],['land'],legendary,dragon,ground,610.0
0719,['clear-body'],디안시,[],[],[],[],6,0.7,0.01,0.0,0.3,0.0,50,['move_flash'],['land'],legendary,rock,fairy,8.8
0719-mega,['magic-bounce'],디안시,[],[],[],[],6,1.1,0.01,0.0,0.3,0.0,50,['move_flash'],['land'],legendary,rock,fairy,27.8
0720,['magician'],후파,[],[],[],[],6,0.5,0.01,0.0,0.3,0.0,50,['move_flash'],['land'],legendary,psychic,ghost,9.0
0720-unbound,['magician'],후파,[],[],[],[],6,6.5,0.01,0.0,0.3,0.0,50,['move_flash'],['land'],legendary,psychic,dark,490.0
0721,['water-absorb'],볼케니온,[],[],[],[],6,1.7,0.01,0.0,0.3,0.0,50,"['move_defog', 'move_cut', 'move_rock-smash', 'move_strength']",['water'],legendary,fire,water,195.0
0722,"['overgrow', 'long-reach']",나몰빼미,['candy_48'],['0723'],[],[],7,0.3,0.18,0.12,0.3,0.88,50,['move_defog'],['land'],epic,grass,flying,1.5
0723,"['overgrow', 'long-reach']",빼미스로우,['candy_100'],['0724'],[],[],7,0.7,0.18,0.12,0.3,0.88,50,['move_defog'],['land'],epic,grass,flying,16.0
0724,"['overgrow', 'long-reach']",모크나이퍼,[],[],[],[],7,1.6,0.18,0.12,0.3,0.88,50,['move_defog'],['land'],epic,grass,ghost,36.6
0724_hisui,"['overgrow', 'scrappy']",모크나이퍼,[],[],[],[],7,1.6,0.18,0.12,0.3,0.88,50,['move_rock-smash'],['land'],epic,grass,fighting,37.0
0725,"['blaze', 'intimidate']",냐오불,['candy_48'],['0726'],[],[],7,0.4,0.18,0.12,0.3,0.88,50,[],['land'],epic,fire,,4.3
0726,"['blaze', 'intimidate']",냐오히트,['candy_100'],['0727'],[],[],7,0.7,0.18,0.12,0.3,0.88,50,[],['land'],epic,fire,,25.0
0727,"['blaze', 'intimidate']",어흥염,[],[],[],[],7,1.8,0.18,0.12,0.3,0.88,50,[],['land'],epic,fire,dark,83.0
0728,"['torrent', 'liquid-voice']",누리공,['candy_48'],['0729'],[],[],7,0.4,0.18,0.12,0.3,0.88,50,"['move_surf', 'move_waterfall', 'move_dive']",['water'],epic,water,,7.5
0729,"['torrent', 'liquid-voice']",키요공,['candy_100'],['0730'],[],[],7,0.6,0.18,0.12,0.3,0.88,50,"['move_surf', 'move_waterfall', 'move_dive']",['water'],epic,water,,17.5
0730,"['torrent', 'liquid-voice']",누리레느,[],[],[],[],7,1.8,0.18,0.12,0.3,0.88,50,"['move_surf', 'move_waterfall', 'move_dive']",['water'],epic,water,fairy,44.0
0731,"['keen-eye', 'skill-link', 'pickup']",콕코구리,['candy_30'],['0732'],[],[],7,0.3,1.0,0.5,0.3,0.5,50,"['move_defog', 'move_rock-smash', 'move_fly']",['land'],common,normal,flying,1.2
0732,"['keen-eye', 'skill-link', 'pickup']",크라파,['candy_60'],['0733'],[],[],7,0.6,0.47,0.5,0.3,0.5,50,"['move_defog', 'move_rock-smash', 'move_fly']",['land'],rare,normal,flying,14.8
0733,"['keen-eye', 'skill-link', 'sheer-force']",왕큰부리,[],[],[],[],7,1.1,0.18,0.5,0.3,0.5,50,"['move_defog', 'move_rock-smash', 'move_fly']",['land'],epic,normal,flying,26.0
0734,"['stakeout', 'strong-jaw', 'adaptability']",영구스,['candy_30+time_day'],['0735'],[],[],7,0.4,1.0,0.5,0.3,0.5,50,[],['land'],common,normal,,6.0
0735,"['stakeout', 'strong-jaw', 'adaptability']",형사구스,[],[],[],[],7,0.7,0.5,0.5,0.3,0.5,50,[],['land'],rare,normal,,14.2
0736,['swarm'],턱지충이,['candy_20'],['0737'],[],[],7,0.4,1.0,0.5,0.3,0.5,50,[],['land'],common,bug,,4.4
0737,['battery'],전지충이,['thunder-stone'],['0738'],[],[],7,0.5,0.47,0.5,0.3,0.5,50,[],['land'],rare,bug,electric,10.5
0738,['levitate'],투구뿌논,[],[],[],[],7,1.5,0.18,0.5,0.3,0.5,50,['move_fly'],['land'],epic,bug,electric,45.0
0739,"['hyper-cutter', 'iron-fist', 'anger-point']",오기지게,['ice-stone'],['0740'],[],[],7,0.6,0.88,0.5,0.3,0.5,50,['move_rock-smash'],['land'],common,fighting,,7.0
0740,"['hyper-cutter', 'iron-fist', 'anger-point']",모단단게,[],[],[],[],7,1.7,0.24,0.5,0.3,0.5,50,['move_rock-smash'],['land'],rare,fighting,ice,180.0
0741,['dancer'],춤추새,[],[],[],[],7,,0.18,0.75,0.3,0.25,50,"['move_defog', 'move_fly']",['land'],common,fire,flying,
0741-pom-pom,['dancer'],춤추새,[],[],[],[],7,0.6,0.18,0.75,0.3,0.25,50,"['move_defog', 'move_fly']",['land'],common,electric,flying,3.4
0741-pau,['dancer'],춤추새,[],[],[],[],7,0.6,0.18,0.75,0.3,0.25,50,"['move_defog', 'move_fly']",['land'],common,psychic,flying,3.4
0741-sensu,['dancer'],춤추새,[],[],[],[],7,0.6,0.18,0.75,0.3,0.25,50,"['move_defog', 'move_fly']",['land'],common,ghost,flying,3.4
0742,"['honey-gather', 'shield-dust', 'sweet-veil']",에블리,['candy_25'],['0743'],[],[],7,0.1,0.75,0.5,0.3,0.5,50,['move_defog'],['land'],common,bug,fairy,0.2
0743,"['honey-gather', 'shield-dust', 'sweet-veil']",에리본,[],[],[],[],7,0.2,0.29,0.5,0.3,0.5,50,['move_defog'],['land'],rare,bug,fairy,0.5
0744,"['keen-eye', 'vital-spirit', 'steadfast']",암멍이,"['candy_50+time_day', 'candy_50+time_night']","['0745', '0745-midnight']",[],[],7,0.5,0.75,0.5,0.3,0.5,50,[],['land'],common,rock,,9.2
0745,"['keen-eye', 'sand-rush', 'steadfast']",루가루암,[],[],[],[],7,,0.35,0.5,0.3,0.5,50,[],['land'],rare,rock,,
0745-midnight,"['keen-eye', 'vital-spirit', 'no-guard']",루가루암,[],[],[],[],7,1.1,0.35,0.5,0.3,0.5,50,[],['land'],rare,rock,,25.0
0745-dusk,['tough-claws'],루가루암,[],[],[],[],7,0.8,0.35,0.5,0.3,0.5,50,[],['land'],rare,rock,,25.0
0746,['schooling'],약어리,[],[],[],[],7,,0.24,0.5,0.3,0.5,50,"['move_surf', 'move_waterfall', 'move_dive']",['water'],common,water,,
0746-school,['schooling'],약어리,[],[],[],[],7,8.2,0.24,0.5,0.3,0.5,50,"['move_surf', 'move_waterfall', 'move_dive']",['water'],common,water,,78.6
0747,"['merciless', 'limber', 'regenerator']",시마사리,['candy_50'],['0748'],[],[],7,0.4,0.75,0.5,0.3,0.5,50,['move_surf'],['water'],common,poison,water,8.0
0748,"['merciless', 'limber', 'regenerator']",더시마사리,[],[],[],[],7,0.7,0.29,0.5,0.3,0.5,50,['move_surf'],['water'],rare,poison,water,14.5
0749,"['own-tempo', 'stamina', 'inner-focus']",머드나기,['candy_50'],['0750'],[],[],7,1.0,0.75,0.5,0.3,0.5,50,"['move_rock-smash', 'move_strength']",['land'],common,ground,,110.0
0750,"['own-tempo', 'stamina', 'inner-focus']",만마드,[],[],[],[],7,2.5,0.24,0.5,0.3,0.5,50,"['move_rock-smash', 'move_strength']",['land'],rare,ground,,920.0
0751,"['water-bubble', 'water-absorb']",물거미,['candy_30'],['0752'],[],[],7,0.3,0.78,0.5,0.3,0.5,50,"['move_surf', 'move_waterfall']",['water'],common,water,bug,4.0
0752,"['water-bubble', 'water-absorb']",깨비물거미,[],[],[],[],7,1.8,0.39,0.5,0.3,0.5,50,"['move_surf', 'move_waterfall', 'move_dive']",['water'],rare,water,bug,82.0
0753,"['leaf-guard', 'contrary']",짜랑랑,['candy_40+time_day'],['0754'],[],[],7,0.3,0.75,0.5,0.3,0.5,50,['move_defog'],['land'],common,grass,,1.5
0754,"['leaf-guard', 'contrary']",라란티스,[],[],[],[],7,0.9,0.29,0.5,0.3,0.5,50,['move_defog'],['land'],rare,grass,,18.5
0755,"['illuminate', 'effect-spore', 'rain-dish']",자마슈,['candy_40'],['0756'],[],[],7,0.2,0.75,0.5,0.3,0.5,50,['move_flash'],['land'],common,grass,fairy,1.5
0756,"['illuminate', 'effect-spore', 'rain-dish']",마셰이드,[],[],[],[],7,1.0,0.29,0.5,0.3,0.5,50,['move_flash'],['land'],rare,grass,fairy,11.5
0757,"['corrosion', 'oblivious']",야도뇽,['candy_45+female'],['0758'],[],[],7,0.6,0.47,0.12,0.3,0.88,50,[],['land'],common,poison,fire,4.8
0758,"['corrosion', 'oblivious']",염뉴트,[],[],[],[],7,1.2,0.18,1.0,0.3,0.0,50,[],['land'],rare,poison,fire,22.2
0759,"['fluffy', 'klutz', 'cute-charm']",포곰곰,['candy_70'],['0760'],[],[],7,0.5,0.55,0.5,0.3,0.5,50,['move_strength'],['land'],common,normal,fighting,6.8
0760,"['fluffy', 'klutz', 'unnerve']",이븐곰,[],[],[],[],7,2.1,0.27,0.5,0.3,0.5,50,['move_strength'],['land'],rare,normal,fighting,135.0
0761,"['leaf-guard', 'oblivious', 'sweet-veil']",달콤아,['candy_40'],['0762'],[],[],7,0.3,0.92,1.0,0.3,0.0,50,[],['land'],common,grass,,3.2
0762,"['leaf-guard', 'oblivious', 'sweet-veil']",달무리나,['move_stomp'],['0763'],[],[],7,0.7,0.47,1.0,0.3,0.0,50,[],['land'],rare,grass,,8.2
0763,"['leaf-guard', 'queenly_majesty', 'sweet-veil']",달코퀸,[],[],[],[],7,1.2,0.18,1.0,0.3,0.0,50,[],['land'],epic,grass,,21.4
0764,"['flower-veil', 'triage', 'natural-cure']",큐아링,[],[],[],[],7,0.1,0.24,0.75,0.3,0.25,50,['move_defog'],['land'],common,fairy,,0.3
0765,"['inner-focus', 'telepathy', 'symbiosis']",하랑우탄,[],[],[],[],7,1.5,0.18,0.5,0.3,0.5,50,[],['land'],common,normal,psychic,76.0
0766,"['receiver', 'defiant']",내던숭이,[],[],[],[],7,2.0,0.18,0.5,0.3,0.5,50,['move_rock-smash'],['land'],common,fighting,,82.8
0767,['wimp-out'],꼬시레,['candy_80'],['0768'],[],[],7,0.5,0.35,0.5,0.3,0.5,50,"['move_surf', 'move_waterfall']",['water'],common,bug,water,12.0
0768,['emergency-exit'],갑주무사,[],[],[],[],7,2.0,0.18,0.5,0.3,0.5,50,"['move_surf', 'move_rock-smash', 'move_waterfall', 'move_dive']",['water'],rare,bug,water,108.0
0768-mega,[],갑주무사,[],[],[],[],7,2.3,0.18,0.5,0.3,0.5,50,[],['land'],rare,bug,steel,148.0
0769,"['water-compaction', 'sand-veil']",모래꿍,['candy_60'],['0770'],[],[],7,0.5,0.55,0.5,0.3,0.5,50,[],['land'],common,ghost,ground,70.0
0770,"['water-compaction', 'sand-veil']",모래성이당,[],[],[],[],7,1.3,0.24,0.5,0.3,0.5,50,[],['land'],rare,ghost,ground,250.0
0771,"['innards-out', 'unaware']",해무기,[],[],[],[],7,0.3,0.24,0.5,0.3,0.5,50,[],['water'],common,water,,1.2
0772,['battle-armor'],타입:널,['friendship_160'],['0773'],[],[],7,1.9,0.01,0.0,0.3,0.0,50,[],['land'],legendary,normal,,120.5
0773,['rks-system'],실버디,[],[],[],[],7,2.3,0.01,0.0,0.3,0.0,50,"['move_surf', 'move_defog']",['land'],legendary,normal,,100.5
0774,['shields-down'],메테노,[],[],[],[],7,,0.12,0.0,0.3,0.0,50,[],['land'],rare,rock,flying,
0774-orange,['shields-down'],메테노,[],[],[],[],7,0.3,0.12,0.0,0.3,0.0,50,[],['land'],rare,rock,flying,0.3
0774-yellow,['shields-down'],메테노,[],[],[],[],7,0.3,0.12,0.0,0.3,0.0,50,[],['land'],rare,rock,flying,0.3
0774-green,['shields-down'],메테노,[],[],[],[],7,0.3,0.12,0.0,0.3,0.0,50,[],['land'],rare,rock,flying,0.3
0774-blue,['shields-down'],메테노,[],[],[],[],7,0.3,0.12,0.0,0.3,0.0,50,[],['land'],rare,rock,flying,0.3
0774-indigo,['shields-down'],메테노,[],[],[],[],7,0.3,0.12,0.0,0.3,0.0,50,[],['land'],rare,rock,flying,0.3
0774-violet,['shields-down'],메테노,[],[],[],[],7,0.3,0.12,0.0,0.3,0.0,50,[],['land'],rare,rock,flying,0.3
0775,['comatose'],자말라,[],[],[],[],7,0.4,0.18,0.5,0.3,0.5,50,[],['land'],common,normal,,19.9
0776,['shell-armor'],폭거북스,[],[],[],[],7,2.0,0.27,0.5,0.3,0.5,50,[],['land'],rare,fire,dragon,212.0
0777,"['iron-barbs', 'lightning-rod', 'sturdy']",토게데마루,[],[],[],[],7,0.3,0.71,0.5,0.3,0.5,50,[],['land'],common,electric,steel,3.3
0778,['disguise'],따라큐,[],[],[],[],7,,0.18,0.5,0.3,0.5,50,[],['land'],epic,ghost,fairy,
0779,"['dazzling', 'strong-jaw', 'wonder-skin']",치갈기,[],[],[],[],7,0.9,0.31,0.5,0.3,0.5,50,"['move_surf', 'move_waterfall']",['water'],common,water,psychic,19.0
0780,"['berserk', 'sap-sipper', 'cloud-nine']",할비롱,[],[],[],[],7,3.0,0.27,0.5,0.3,0.5,50,"['move_surf', 'move_defog', 'move_fly']",['land'],epic,normal,dragon,185.0
0780-mega,[],할비롱,[],[],[],[],7,3.0,0.27,0.5,0.3,0.5,50,[],['land'],epic,normal,dragon,240.5
0781,['steelworker'],타타륜,[],[],[],[],7,3.9,0.1,0.0,0.3,0.0,50,['move_surf'],['land'],rare,ghost,grass,210.0
0782,"['bulletproof', 'soundproof', 'overcoat']",짜랑꼬,['candy_50'],['0783'],[],[],7,0.6,0.18,0.5,0.3,0.5,50,[],['land'],rare,dragon,,29.7
0783,"['bulletproof', 'soundproof', 'overcoat']",짜랑고우,['candy_75'],['0784'],[],[],7,1.2,0.18,0.5,0.3,0.5,50,[],['land'],rare,dragon,fighting,47.0
0784,"['bulletproof', 'soundproof', 'overcoat']",짜랑고우거,[],[],[],[],7,1.6,0.18,0.5,0.3,0.5,50,[],['land'],epic,dragon,fighting,78.2
0785,"['electric-surge', 'telepathy']",카푸꼬꼬꼭,[],[],[],[],7,1.8,0.01,0.0,0.3,0.0,50,"['move_mean-look', 'move_defog', 'move_fly']",['land'],legendary,electric,fairy,20.5
0786,"['psychic-surge', 'telepathy']",카푸나비나,[],[],[],[],7,1.2,0.01,0.0,0.3,0.0,50,['move_mean-look'],['land'],legendary,psychic,fairy,18.6
0787,"['grassy-surge', 'telepathy']",카푸브루루,[],[],[],[],7,1.9,0.01,0.0,0.3,0.0,50,"['move_mean-look', 'move_rock-smash']",['land'],legendary,grass,fairy,45.5
0788,"['misty-surge', 'telepathy']",카푸느지느,[],[],[],[],7,1.3,0.01,0.0,0.3,0.0,50,"['move_surf', 'move_mean-look', 'move_defog', 'move_waterfall', 'move_dive']",['water'],legendary,water,fairy,21.2
0789,['unaware'],코스모그,['candy_70'],['0790'],[],[],7,0.2,0.18,0.0,0.3,0.0,50,[],['land'],legendary,psychic,,0.1
0790,['sturdy'],코스모움,"['candy_140', 'candy_140']","['0791', '0792']",[],[],7,0.1,0.18,0.0,0.3,0.0,50,[],['land'],legendary,psychic,,999.9
0791,['full_metal-body'],솔가레오,[],[],[],[],7,3.4,0.18,0.0,0.3,0.0,50,[],['land'],legendary,psychic,steel,230.0
0792,['shadow-shield'],루나아라,[],[],[],[],7,4.0,0.18,0.0,0.3,0.0,50,"['move_defog', 'move_fly']",['land'],legendary,psychic,ghost,120.0
0793,['beast-boost'],텅비드,[],[],[],[],7,1.2,0.18,0.0,0.3,0.0,50,[],['land'],epic,rock,poison,55.5
0794,['beast-boost'],매시붕,[],[],[],[],7,2.4,0.18,0.0,0.3,0.0,50,[],['land'],epic,bug,fighting,333.6
0795,['beast-boost'],페로코체,[],[],[],[],7,1.8,0.18,0.0,0.3,0.0,50,[],['land'],epic,bug,fighting,25.0
0796,['beast-boost'],전수목,[],[],[],[],7,3.8,0.18,0.0,0.3,0.0,50,[],['land'],epic,electric,,100.0
0797,['beast-boost'],철화구야,[],[],[],[],7,9.2,0.18,0.0,0.3,0.0,50,['move_fly'],['land'],epic,steel,flying,999.9
0798,['beast-boost'],종이신도,[],[],[],[],7,0.3,0.18,0.0,0.3,0.0,50,"['move_defog', 'move_cut']",['land'],epic,grass,steel,0.1
0799,['beast-boost'],악식킹,[],[],[],[],7,5.5,0.18,0.0,0.3,0.0,50,[],['land'],epic,dark,dragon,888.0
0800,['prism-armor'],네크로즈마,[],[],[],[],7,2.4,1.0,0.0,0.3,0.0,50,[],['land'],legendary,psychic,,230.0
0800-dusk,['prism-armor'],네크로즈마,[],[],[],[],7,3.8,1.0,0.0,0.3,0.0,50,[],['land'],legendary,psychic,steel,460.0
0800-dawn,['prism-armor'],네크로즈마,[],[],[],[],7,,1.0,0.0,0.3,0.0,50,[],['land'],legendary,psychic,ghost,
0800-ultra,['neuroforce'],네크로즈마,[],[],[],[],7,7.5,1.0,0.0,0.3,0.0,50,[],['land'],legendary,psychic,dragon,230.0
0801,['soul-heart'],마기아나,[],[],[],[],7,1.0,0.01,0.0,0.3,0.0,50,[],['land'],legendary,steel,fairy,80.5
0801-original,['soul-heart'],마기아나,[],[],[],[],7,,0.01,0.0,0.3,0.0,50,[],['land'],legendary,steel,fairy,
0802,['technician'],마샤도,[],[],[],[],7,0.7,0.01,0.0,0.3,0.0,50,[],['land'],legendary,fighting,ghost,22.2
0803,['beast-boost'],베베놈,['move_dragon-pulse'],['0804'],[],[],7,0.6,0.18,0.0,0.3,0.0,50,[],['land'],epic,poison,,1.8
0804,['beast-boost'],아고용,[],[],[],[],7,3.6,0.18,0.0,0.3,0.0,50,['move_fly'],['land'],epic,poison,dragon,150.0
0805,['beast-boost'],차곡차곡,[],[],[],[],7,5.5,0.12,0.0,0.3,0.0,50,[],['land'],epic,rock,steel,820.0
0806,['beast-boost'],두파팡,[],[],[],[],7,1.8,0.12,0.0,0.3,0.0,50,[],['land'],epic,fire,ghost,13.0
0807,['volt-absorb'],제라오라,[],[],[],[],7,1.5,0.01,0.0,0.3,0.0,50,[],['land'],legendary,electric,,44.5
0807-mega,[],제라오라,[],[],[],[],7,1.5,0.01,0.0,0.3,0.0,50,[],['land'],legendary,electric,,44.5
0808,['magnet-pull'],멜탄,[],[],[],[],7,0.2,0.01,0.0,0.3,0.0,50,[],['land'],legendary,steel,,8.0
0809,['iron-fist'],멜메탈,[],[],[],[],7,2.5,0.01,0.0,0.3,0.0,50,[],['land'],legendary,steel,,800.0
0809-gmax,['iron-fist'],멜메탈,[],[],[],[],7,25.0,0.01,0.0,0.3,0.0,50,[],['land'],legendary,steel,,1000.0
0810,"['overgrow', 'grassy-surge']",흥나숭,['candy_50'],['0811'],[],[],8,0.3,0.18,0.12,0.3,0.88,50,['move_strength'],['land'],epic,grass,,5.0
0811,"['overgrow', 'grassy-surge']",채키몽,['candy_100'],['0812'],[],[],8,0.7,0.18,0.12,0.3,0.88,50,['move_strength'],['land'],epic,grass,,14.0
0812,"['overgrow', 'grassy-surge']",고릴타,[],[],[],[],8,2.1,0.18,0.12,0.3,0.88,50,['move_strength'],['land'],epic,grass,,90.0
0812-gmax,"['overgrow', 'grassy-surge']",고릴타,[],[],[],[],8,28.0,0.18,0.12,0.3,0.88,50,[],['land'],epic,grass,,1000.0
0813,"['blaze', 'libero']",염버니,['candy_50'],['0814'],[],[],8,0.3,0.18,0.12,0.3,0.88,50,[],['land'],epic,fire,,4.5
0814,"['blaze', 'libero']",래비풋,['candy_100'],['0815'],[],[],8,0.6,0.18,0.12,0.3,0.88,50,[],['land'],epic,fire,,9.0
0815,"['blaze', 'libero']",에이스번,[],[],[],[],8,1.4,0.18,0.12,0.3,0.88,50,[],['land'],epic,fire,,33.0
0815-gmax,"['blaze', 'libero']",에이스번,[],[],[],[],8,27.0,0.18,0.12,0.3,0.88,50,[],['land'],epic,fire,,1000.0
0816,"['torrent', 'sniper']",울머기,['candy_50'],['0817'],[],[],8,0.3,0.18,0.12,0.3,0.88,50,"['move_surf', 'move_waterfall', 'move_dive']",['water'],epic,water,,4.0
0817,"['torrent', 'sniper']",누겔레온,['candy_100'],['0818'],[],[],8,0.7,0.18,0.12,0.3,0.88,50,"['move_surf', 'move_waterfall', 'move_dive']",['water'],epic,water,,11.5
0818,"['torrent', 'sniper']",인텔리레온,[],[],[],[],8,1.9,0.18,0.12,0.3,0.88,50,"['move_surf', 'move_waterfall', 'move_dive']",['water'],epic,water,,45.2
0818-gmax,"['torrent', 'sniper']",인텔리레온,[],[],[],[],8,40.0,0.18,0.12,0.3,0.88,50,[],['water'],epic,water,,1000.0
0819,"['cheek-pouch', 'gluttony']",탐리스,['candy_24'],['0820'],[],[],8,0.3,1.0,0.5,0.3,0.5,50,[],['land'],common,normal,,2.5
0820,"['cheek-pouch', 'gluttony']",요씽리스,[],[],[],[],8,0.6,0.35,0.5,0.3,0.5,50,[],['land'],rare,normal,,6.0
0821,"['keen-eye', 'unnerve', 'big-pecks']",파라꼬,['candy_35'],['0822'],[],[],8,0.2,1.0,0.5,0.3,0.5,50,"['move_defog', 'move_rock-smash', 'move_fly']",['land'],common,flying,,1.8
0822,"['keen-eye', 'unnerve', 'big-pecks']",파크로우,['candy_70'],['0823'],[],[],8,0.8,0.47,0.5,0.3,0.5,50,['move_fly'],['land'],rare,flying,,16.0
0823,"['pressure', 'unnerve', 'mirror-armor']",아머까오,[],[],[],[],8,2.2,0.18,0.5,0.3,0.5,50,"['move_defog', 'move_rock-smash', 'move_fly']",['land'],epic,flying,steel,75.0
0823-gmax,"['pressure', 'unnerve', 'mirror-armor']",아머까오,[],[],[],[],8,14.0,0.18,0.5,0.3,0.5,50,[],['land'],epic,flying,steel,1000.0
0824,"['swarm', 'compound-eyes', 'telepathy']",두루지벌레,['candy_25'],['0825'],[],[],8,0.4,1.0,0.5,0.3,0.5,50,[],['land'],common,bug,,8.0
0825,"['swarm', 'compound-eyes', 'telepathy']",레돔벌레,['candy_50'],['0826'],[],[],8,,0.47,0.5,0.3,0.5,50,[],['land'],rare,bug,psychic,
0826,"['swarm', 'frisk', 'telepathy']",이올브,[],[],[],[],8,0.4,0.18,0.5,0.3,0.5,50,[],['land'],epic,bug,psychic,40.8
0826-gmax,"['swarm', 'frisk', 'telepathy']",이올브,[],[],[],[],8,14.0,0.18,0.5,0.3,0.5,50,[],['land'],epic,bug,psychic,1000.0
0827,"['run-away', 'unburden', 'stakeout']",훔처우,['candy_50'],['0828'],[],[],8,0.6,1.0,0.5,0.3,0.5,50,[],['land'],common,dark,,8.9
0828,"['run-away', 'unburden', 'stakeout']",폭슬라이,[],[],[],[],8,1.2,0.5,0.5,0.3,0.5,50,[],['land'],rare,dark,,19.9
0829,"['cotton-down', 'regenerator', 'effect-spore']",꼬모카,['candy_50'],['0830'],[],[],8,0.4,0.75,0.5,0.3,0.5,50,[],['land'],common,grass,,2.2
0830,"['cotton-down', 'regenerator', 'effect-spore']",백솜모카,[],[],[],[],8,0.5,0.29,0.5,0.3,0.5,50,[],['land'],rare,grass,,2.5
0831,"['fluffy', 'run-away', 'bulletproof']",우르,['candy_60'],['0832'],[],[],8,0.6,1.0,0.5,0.3,0.5,50,[],['land'],common,normal,,6.0
0832,"['fluffy', 'steadfast', 'bulletproof']",배우르,[],[],[],[],8,1.3,0.5,0.5,0.3,0.5,50,[],['land'],rare,normal,,43.0
0833,"['strong-jaw', 'shell-armor', 'swift-swim']",깨물부기,['candy_50'],['0834'],[],[],8,0.3,1.0,0.5,0.3,0.5,50,"['move_surf', 'move_waterfall', 'move_dive']",['water'],common,water,,8.5
0834,"['strong-jaw', 'shell-armor', 'swift-swim']",갈가부기,[],[],[],[],8,1.0,0.29,0.5,0.3,0.5,50,"['move_surf', 'move_waterfall', 'move_dive']",['water'],rare,water,rock,115.5
0834-gmax,"['strong-jaw', 'shell-armor', 'swift-swim']",갈가부기,[],[],[],[],8,24.0,0.29,0.5,0.3,0.5,50,[],['water'],rare,water,rock,1000.0
0835,"['ball-fetch', 'rattled']",멍파치,['candy_50'],['0836'],[],[],8,0.3,1.0,0.5,0.3,0.5,50,[],['land'],common,electric,,13.5
0836,"['strong-jaw', 'competitive']",펄스멍,[],[],[],[],8,1.0,0.18,0.5,0.3,0.5,50,[],['land'],rare,electric,,34.0
0837,"['steam-engine', 'heatproof', 'flash-fire']",탄동,['candy_25'],['0838'],[],[],8,0.3,1.0,0.5,0.3,0.5,50,[],['land'],common,rock,,12.0
0838,"['steam-engine', 'flame-body', 'flash-fire']",탄차곤,['candy_60'],['0839'],[],[],8,1.1,0.47,0.5,0.3,0.5,50,[],['land'],rare,rock,fire,78.0
0839,"['steam-engine', 'flame-body', 'flash-fire']",석탄산,[],[],[],[],8,2.8,0.18,0.5,0.3,0.5,50,[],['land'],epic,rock,fire,310.5
0839-gmax,"['steam-engine', 'flame-body', 'flash-fire']",석탄산,[],[],[],[],8,42.0,0.18,0.5,0.3,0.5,50,[],['land'],epic,rock,fire,1000.0
0840,"['ripen', 'gluttony', 'bulletproof']",과사삭벌레,"['tart-apple', 'sweet-apple', 'syrupy-apple']","['0841', '0842', '1011']",[],[],8,0.2,1.0,0.5,0.3,0.5,50,[],['land'],common,grass,dragon,0.5
0841,"['ripen', 'gluttony', 'hustle']",애프룡,[],[],[],[],8,0.3,0.18,0.5,0.3,0.5,50,['move_fly'],['land'],rare,grass,dragon,1.0
0841-gmax,"['ripen', 'gluttony', 'hustle']",애프룡,[],[],[],[],8,24.0,0.18,0.5,0.3,0.5,50,[],['land'],rare,grass,dragon,1000.0
0842,"['ripen', 'gluttony', 'thick-fat']",단지래플,[],[],[],[],8,0.4,0.18,0.5,0.3,0.5,50,[],['land'],rare,grass,dragon,13.0
0842-gmax,"['ripen', 'gluttony', 'thick-fat']",단지래플,[],[],[],[],8,24.0,0.18,0.5,0.3,0.5,50,[],['land'],rare,grass,dragon,1000.0
0843,"['sand-spit', 'shed-skin', 'sand-veil']",모래뱀,['candy_45'],['0844'],[],[],8,2.2,1.0,0.5,0.3,0.5,50,[],['land'],common,ground,,7.6
0844,"['sand-spit', 'shed-skin', 'sand-veil']",사다이사,[],[],[],[],8,3.8,0.47,0.5,0.3,0.5,50,[],['land'],rare,ground,,65.5
0844-gmax,"['sand-spit', 'shed-skin', 'sand-veil']",사다이사,[],[],[],[],8,22.0,0.47,0.5,0.3,0.5,50,[],['land'],rare,ground,,1000.0
0845,['gulp_missile'],윽우지,[],[],[],[],8,0.8,0.18,0.5,0.3,0.5,50,"['move_surf', 'move_defog', 'move_dive', 'move_fly']",['water'],rare,flying,water,18.0
0845-gulping,['gulp_missile'],윽우지,[],[],[],[],8,0.8,0.18,0.5,0.3,0.5,50,"['move_surf', 'move_defog', 'move_dive', 'move_fly']",['water'],rare,flying,water,18.0
0845-gorging,['gulp_missile'],윽우지,[],[],[],[],8,0.8,0.18,0.5,0.3,0.5,50,"['move_surf', 'move_defog', 'move_dive', 'move_fly']",['water'],rare,flying,water,18.0
0846,"['swift-swim', 'propeller-tail']",찌로꼬치,['candy_50'],['0847'],[],[],8,0.5,1.0,0.5,0.3,0.5,50,"['move_surf', 'move_waterfall', 'move_dive']",['water'],common,water,,1.0
0847,"['swift-swim', 'propeller-tail']",꼬치조,[],[],[],[],8,1.3,0.24,0.5,0.3,0.5,50,"['move_surf', 'move_waterfall', 'move_dive']",['water'],rare,water,,30.0
0848,"['rattled', 'static', 'klutz']",일레즌,['candy_50'],['0849'],[],[],8,0.4,0.29,0.5,0.3,0.5,50,[],['land'],rare,electric,poison,11.0
0849,"['punk-rock', 'plus', 'technician']",스트린더,[],[],[],[],8,,0.18,0.5,0.3,0.5,50,[],['land'],epic,electric,poison,
0849-low-key,"['punk-rock', 'minus', 'technician']",스트린더,[],[],[],[],8,1.6,0.18,0.5,0.3,0.5,50,[],['land'],epic,electric,poison,40.0
0849-amped-gmax,"['punk-rock', 'plus', 'technician']",스트린더,[],[],[],[],8,24.0,0.18,0.5,0.3,0.5,50,[],['land'],epic,electric,poison,1000.0
0849-low-key-gmax,"['punk-rock', 'minus', 'technician']",스트린더,[],[],[],[],8,24.0,0.18,0.5,0.3,0.5,50,[],['land'],epic,electric,poison,1000.0
0850,"['flash-fire', 'white-smoke', 'flame-body']",태우지네,['candy_60'],['0851'],[],[],8,0.7,0.75,0.5,0.3,0.5,50,[],['land'],rare,fire,bug,1.0
0851,"['flash-fire', 'white-smoke', 'flame-body']",다태우지네,[],[],[],[],8,3.0,0.29,0.5,0.3,0.5,50,[],['land'],epic,fire,bug,120.0
0851-gmax,"['flash-fire', 'white-smoke', 'flame-body']",다태우지네,[],[],[],[],8,75.0,0.29,0.5,0.3,0.5,50,[],['land'],epic,fire,bug,1000.0
0852,"['limber', 'technician']",때때무노,['move_taunt'],['0853'],[],[],8,0.6,0.71,0.5,0.3,0.5,50,"['move_rock-smash', 'move_waterfall', 'move_dive']",['land'],common,fighting,,4.0
0853,"['limber', 'technician']",케오퍼스,[],[],[],[],8,1.6,0.18,0.5,0.3,0.5,50,"['move_surf', 'move_rock-smash', 'move_waterfall', 'move_dive']",['land'],rare,fighting,,39.0
0854,"['weak-armor', 'cursed-body']",데인차,"['cracked-pot', 'chipped-pot']","['0855', '0855']",[],[],8,0.1,0.47,0.0,0.3,0.0,50,[],['land'],common,ghost,,0.2
0855,"['weak-armor', 'cursed-body']",포트데스,[],[],[],[],8,0.2,0.24,0.0,0.3,0.0,50,[],['land'],rare,ghost,,0.4
0856,"['healer', 'anticipation', 'magic-bounce']",몸지브림,['candy_45'],['0857'],[],[],8,0.4,0.92,1.0,0.3,0.0,50,[],['land'],common,psychic,,3.4
0857,"['healer', 'anticipation', 'magic-bounce']",손지브림,['candy_75'],['0858'],[],[],8,0.6,0.47,1.0,0.3,0.0,50,[],['land'],rare,psychic,,4.8
0858,"['healer', 'anticipation', 'magic-bounce']",브리무음,[],[],[],[],8,2.1,0.18,1.0,0.3,0.0,50,[],['land'],epic,psychic,fairy,5.1
0858-gmax,"['healer', 'anticipation', 'magic-bounce']",브리무음,[],[],[],[],8,26.0,0.18,1.0,0.3,0.0,50,[],['land'],epic,psychic,fairy,1000.0
0859,"['ptierster', 'frisk', 'pickpocket']",메롱꿍,['candy_45'],['0860'],[],[],8,0.4,1.0,0.0,0.3,1.0,50,[],['land'],common,dark,fairy,5.5
0860,"['ptierster', 'frisk', 'pickpocket']",쏘겨모,['candy_80'],['0861'],[],[],8,0.8,0.47,0.0,0.3,1.0,50,[],['land'],rare,dark,fairy,12.5
0861,"['ptierster', 'frisk', 'pickpocket']",오롱털,[],[],[],[],8,1.5,0.18,0.0,0.3,1.0,50,[],['land'],epic,dark,fairy,61.0
0861-gmax,"['ptierster', 'frisk', 'pickpocket']",오롱털,[],[],[],[],8,32.0,0.18,0.0,0.3,1.0,50,[],['land'],epic,dark,fairy,1000.0
0862,"['reckless', 'guts', 'defiant']",가로막구리,[],[],[],[],8,1.6,0.18,0.5,0.3,0.5,50,['move_surf'],['land'],epic,dark,normal,46.0
0863,"['battle-armor', 'tough-claws', 'steely-spirit']",나이킹,[],[],[],[],8,0.8,0.35,0.5,0.3,0.5,50,[],['land'],rare,steel,,28.0
0864,"['weak-armor', 'perish-body']",산호르곤,[],[],[],[],8,1.0,0.12,0.75,0.3,0.25,50,['move_surf'],['land'],epic,ghost,,0.4
0865,"['steadfast', 'scrappy']",창파나이트,[],[],[],[],8,,0.18,0.5,0.3,0.5,50,"['move_defog', 'move_rock-smash']",['land'],epic,fighting,,
0866,"['tangled-feet', 'screen-cleaner', 'ice-body']",마임꽁꽁,[],[],[],[],8,1.5,0.18,0.5,0.3,0.5,50,[],['land'],epic,ice,psychic,58.2
0867,['wandering-spirit'],데스판,[],[],[],[],8,1.6,0.35,0.5,0.3,0.5,50,['move_mean-look'],['land'],epic,ground,ghost,66.6
0868,"['sweet-veil', 'aroma-veil']",마빌크,"['strawberry-sweet', 'berry-sweet', 'love-sweet', 'star-sweet', 'clover-sweet', 'flower-sweet', 'ribbon-sweet']","['0869', '0869', '0869', '0869', '0869', '0869', '0869']",[],[],8,0.2,0.78,1.0,0.3,0.0,50,[],['land'],common,fairy,,0.3
0869,"['sweet-veil', 'aroma-veil']",마휘핑,[],[],[],[],8,0.3,0.39,1.0,0.3,0.0,50,[],['land'],rare,fairy,,0.5
0869-gmax,"['sweet-veil', 'aroma-veil']",마휘핑,[],[],[],[],8,30.0,0.39,1.0,0.3,0.0,50,[],['land'],rare,fairy,,1000.0
0870,"['battle-armor', 'defiant']",대여르,[],[],[],[],8,3.0,0.18,0.0,0.3,0.0,50,['move_rock-smash'],['land'],common,fighting,,62.0
0870-mega,[],대여르,[],[],[],[],8,1.6,0.18,0.0,0.3,0.0,50,[],['land'],common,fighting,,99.0
0871,"['lightning-rod', 'electric-surge']",찌르성게,[],[],[],[],8,0.3,0.29,0.5,0.3,0.5,50,['move_surf'],['land'],common,electric,,1.0
0872,"['shield-dust', 'ice-scales']",누니머기,['friendship_220+time_night'],['0873'],[],[],8,0.3,0.75,0.5,0.3,0.5,50,[],['land'],common,ice,bug,3.8
0873,"['shield-dust', 'ice-scales']",모스노우,[],[],[],[],8,1.3,0.29,0.5,0.3,0.5,50,['move_defog'],['land'],rare,ice,bug,42.0
0874,['power-spot'],돌헨진,[],[],[],[],8,2.5,0.24,0.5,0.3,0.5,50,[],['land'],rare,rock,,520.0
0875,['ice-face'],빙큐보,[],[],[],[],8,,0.24,0.5,0.3,0.5,50,"['move_surf', 'move_waterfall', 'move_dive']",['land'],common,ice,,
0875-noice,['ice-face'],빙큐보,[],[],[],[],8,1.4,0.24,0.5,0.3,0.5,50,"['move_surf', 'move_waterfall', 'move_dive']",['land'],common,ice,,89.0
0876,"['inner-focus', 'synchronize', 'psychic-surge']",에써르,[],[],[],[],8,,0.12,0.5,0.3,0.5,50,[],['land'],common,psychic,normal,
0877,['hunger-switch'],모르페코,[],[],[],[],8,,0.71,0.5,0.3,0.5,50,[],['land'],common,electric,dark,
0877-hangry,['hunger-switch'],모르페코,[],[],[],[],8,0.3,0.71,0.5,0.3,0.5,50,[],['land'],common,electric,dark,3.0
0878,"['sheer-force', 'heavy_metal']",끼리동,['candy_100'],['0879'],[],[],8,1.2,0.75,0.5,0.3,0.5,50,"['move_rock-smash', 'move_strength']",['land'],rare,steel,,100.0
0879,"['sheer-force', 'heavy_metal']",대왕끼리동,[],[],[],[],8,3.0,0.35,0.5,0.3,0.5,50,"['move_rock-smash', 'move_strength']",['land'],epic,steel,,650.0
0879-gmax,"['sheer-force', 'heavy_metal']",대왕끼리동,[],[],[],[],8,23.0,0.35,0.5,0.3,0.5,50,[],['land'],epic,steel,,1000.0
0880,"['volt-absorb', 'hustle', 'sand-rush']",파치래곤,[],[],[],[],8,1.8,0.18,0.0,0.3,0.0,50,[],['land'],rare,electric,dragon,190.0
0881,"['volt-absorb', 'static', 'slush-rush']",파치르돈,[],[],[],[],8,2.3,0.18,0.0,0.3,0.0,50,['move_surf'],['land'],rare,electric,ice,150.0
0882,"['water-absorb', 'strong-jaw', 'sand-rush']",어래곤,[],[],[],[],8,2.3,0.18,0.0,0.3,0.0,50,"['move_surf', 'move_waterfall', 'move_dive']",['water'],rare,water,dragon,215.0
0883,"['water-absorb', 'ice-body', 'slush-rush']",어치르돈,[],[],[],[],8,2.0,0.18,0.0,0.3,0.0,50,"['move_surf', 'move_waterfall', 'move_dive']",['water'],rare,water,ice,175.0
0884,"['light_metal', 'heavy_metal', 'stalwart']",두랄루돈,['metal-alloy'],['1018'],[],[],8,1.8,0.18,0.5,0.3,0.5,50,['move_rock-smash'],['land'],rare,steel,dragon,40.0
0884-gmax,"['light_metal', 'heavy_metal', 'stalwart']",두랄루돈,,['1018'],[],[],8,43.0,0.18,0.5,0.3,0.5,50,[],['land'],rare,steel,dragon,1000.0
0885,"['clear-body', 'infiltrator', 'cursed-body']",드라꼰,['candy_50'],['0886'],[],[],8,0.5,0.18,0.5,0.3,0.5,50,[],['land'],rare,dragon,ghost,2.0
0886,"['clear-body', 'infiltrator', 'cursed-body']",드래런치,['candy_100'],['0887'],[],[],8,1.4,0.18,0.5,0.3,0.5,50,"['move_surf', 'move_dive']",['land'],rare,dragon,ghost,11.0
0887,"['clear-body', 'infiltrator', 'cursed-body']",드래펄트,[],[],[],[],8,3.0,0.18,0.5,0.3,0.5,50,"['move_surf', 'move_dive', 'move_fly']",['land'],epic,dragon,ghost,50.0
0888,['intrepid-sword'],자시안,[],[],[],[],8,2.8,0.04,0.0,0.3,0.0,50,[],['land'],legendary,fairy,,110.0
0888-crowned,['intrepid-sword'],자시안,[],[],[],[],8,2.8,0.04,0.0,0.3,0.0,50,[],['land'],legendary,fairy,steel,355.0
0889,['dauntless-shield'],자마젠타,[],[],[],[],8,2.9,0.04,0.0,0.3,0.0,50,[],['land'],legendary,fighting,,210.0
0889-crowned,['dauntless-shield'],자마젠타,[],[],[],[],8,2.9,0.04,0.0,0.3,0.0,50,[],['land'],legendary,fighting,steel,785.0
0890,['pressure'],무한다이노,[],[],[],[],8,20.0,1.0,0.0,0.3,0.0,50,['move_fly'],['land'],legendary,poison,dragon,950.0
0890-eternamax,['pressure'],무한다이노,[],[],[],[],8,100.0,1.0,0.0,0.3,0.0,50,['move_fly'],['land'],legendary,poison,dragon,0.0
0891,['inner-focus'],치고마,"['scroll-of-darkness', 'scroll-of-waters']","['0892', '0892-rapid-strike']",[],[],8,0.6,0.01,0.12,0.3,0.88,50,['move_rock-smash'],['land'],legendary,fighting,,12.0
0892,['unseen-fist'],우라오스,[],[],[],[],8,,0.01,0.12,0.3,0.88,50,['move_rock-smash'],['land'],legendary,fighting,dark,
0892-rapid-strike,['unseen-fist'],우라오스,[],[],[],[],8,1.9,0.01,0.12,0.3,0.88,50,"['move_rock-smash', 'move_waterfall', 'move_dive']",['water'],legendary,fighting,water,105.0
0892-single-strike-gmax,['unseen-fist'],우라오스,[],[],[],[],8,29.0,0.01,0.12,0.3,0.88,50,[],['land'],legendary,fighting,dark,1000.0
0892-rapid-strike-gmax,['unseen-fist'],우라오스,[],[],[],[],8,26.0,0.01,0.12,0.3,0.88,50,[],['water'],legendary,fighting,water,1000.0
0893,['leaf-guard'],자루도,[],[],[],[],8,1.8,0.01,0.0,0.3,0.0,50,[],['land'],legendary,dark,grass,70.0
0893-dada,['leaf-guard'],자루도,[],[],[],[],8,1.8,0.01,0.0,0.3,0.0,50,[],['land'],legendary,dark,grass,70.0
0894,['transistor'],레지에레키,[],[],[],[],8,1.2,0.01,0.0,0.3,0.0,50,[],['land'],legendary,electric,,145.0
0895,['dragons_maw'],레지드래고,[],[],[],[],8,2.1,0.01,0.0,0.3,0.0,50,[],['land'],legendary,dragon,,200.0
0896,['chilling-neigh'],블리자포스,[],[],[],[],8,2.2,0.01,0.0,0.3,0.0,50,[],['land'],legendary,ice,,800.0
0897,['grim-neigh'],레이스포스,[],[],[],[],8,2.0,0.01,0.0,0.3,0.0,50,[],['land'],legendary,ghost,,44.5
0898,['unnerve'],버드렉스,[],[],[],[],8,1.1,0.01,0.0,0.3,0.0,50,[],['land'],legendary,psychic,grass,7.7
0898-ice,['as-one-glastrier'],버드렉스,[],[],[],[],8,2.4,0.01,0.0,0.3,0.0,50,[],['land'],legendary,psychic,ice,809.1
0898-shadow,['as-one-spectrier'],버드렉스,[],[],[],[],8,2.4,0.01,0.0,0.3,0.0,50,[],['land'],legendary,psychic,ghost,53.6
0899,"['intimidate', 'frisk', 'sap-sipper']",신비록,[],[],[],[],8,1.8,0.53,0.5,0.3,0.5,50,[],['land'],epic,normal,psychic,95.1
0900,"['swarm', 'sheer-force', 'sharpness']",사마자르,[],[],[],[],8,1.8,0.45,0.5,0.3,0.5,50,[],['land'],epic,bug,rock,89.0
0901,"['guts', 'bulletproof', 'unnerve']",다투곰,[],[],[],[],8,2.4,0.29,0.5,0.3,0.5,50,[],['land'],epic,ground,normal,290.0
0901-bloodmoon,['minds-eye'],다투곰,[],[],[],[],8,2.4,0.29,0.5,0.3,0.5,50,[],['land'],epic,ground,normal,290.0
0902,"['swift-swim', 'adaptability', 'mold-breaker']",대쓰여너,[],[],[],[],8,,0.53,0.5,0.3,0.5,50,"['move_surf', 'move_waterfall']",['water'],epic,water,ghost,
0903,"['pressure', 'unburden', 'poison-touch']",포푸니크,[],[],[],[],8,1.3,0.53,0.5,0.3,0.5,50,['move_rock-smash'],['land'],epic,fighting,poison,43.0
0904,"['poison-point', 'swift-swim', 'intimidate']",장침바루,[],[],[],[],8,2.5,0.53,0.5,0.3,0.5,50,"['move_surf', 'move_waterfall']",['land'],epic,dark,poison,60.5
0905,"['cute-charm', 'contrary']",러브로스,[],[],[],[],8,,0.01,1.0,0.3,0.0,50,['move_fly'],['land'],legendary,fairy,flying,
0905-therian,['overcoat'],러브로스,[],[],[],[],8,1.6,0.01,1.0,0.3,0.0,50,['move_fly'],['land'],legendary,fairy,flying,48.0
0906,"['overgrow', 'protean']",나오하,['candy_50'],['0907'],[],[],9,0.4,0.18,0.12,0.3,0.88,50,[],['land'],epic,grass,,4.1
0907,"['overgrow', 'protean']",나로테,['candy_100'],['0908'],[],[],9,0.9,0.18,0.12,0.3,0.88,50,[],['land'],epic,grass,,12.2
0908,"['overgrow', 'protean']",마스카나,[],[],[],[],9,1.5,0.18,0.12,0.3,0.88,50,[],['land'],epic,grass,dark,31.2
0909,"['blaze', 'unaware']",뜨아거,['candy_50'],['0910'],[],[],9,0.4,0.18,0.12,0.3,0.88,50,[],['land'],epic,fire,,9.8
0910,"['blaze', 'unaware']",악뜨거,['candy_100'],['0911'],[],[],9,1.0,0.18,0.12,0.3,0.88,50,[],['land'],epic,fire,,30.7
0911,"['blaze', 'unaware']",라우드본,[],[],[],[],9,1.6,0.18,0.12,0.3,0.88,50,[],['land'],epic,fire,ghost,326.5
0912,"['torrent', 'moxie']",꾸왁스,['candy_50'],['0913'],[],[],9,0.5,0.18,0.12,0.3,0.88,50,['move_surf'],['water'],epic,water,,6.1
0913,"['torrent', 'moxie']",아꾸왁,['candy_100'],['0914'],[],[],9,1.2,0.18,0.12,0.3,0.88,50,['move_surf'],['water'],epic,water,,21.5
0914,"['torrent', 'moxie']",웨이니발,[],[],[],[],9,1.8,0.18,0.12,0.3,0.88,50,['move_surf'],['water'],epic,water,fighting,61.9
0915,"['aroma-veil', 'gluttony', 'thick-fat']",맛보돈,['candy_36'],['0916'],[],[],9,0.5,1.0,0.5,0.3,0.5,50,[],['land'],common,normal,,10.2
0916,"['lingering-aroma', 'gluttony', 'thick-fat']",퍼퓨돈,[],[],[],[],9,,0.39,0.0,0.3,1.0,50,[],['land'],rare,normal,,
0917,"['insomnia', 'stakeout']",타랜툴라,['candy_25'],['0918'],[],[],9,0.3,1.0,0.5,0.3,0.5,50,[],['land'],common,bug,,4.0
0918,"['insomnia', 'stakeout']",트래피더,[],[],[],[],9,1.0,0.47,0.5,0.3,0.5,50,[],['land'],rare,bug,,16.5
0919,"['swarm', 'tinted-lens']",콩알뚜기,['candy_25'],['0920'],[],[],9,0.2,0.75,0.5,0.3,0.5,50,[],['land'],common,bug,,1.0
0920,"['swarm', 'tinted-lens']",엑스레그,[],[],[],[],9,1.0,0.12,0.5,0.3,0.5,50,[],['land'],rare,bug,dark,17.5
0921,"['static', 'natural-cure', 'iron-fist']",빠모,['candy_25'],['0922'],[],[],9,0.3,0.75,0.5,0.3,0.5,50,[],['land'],common,electric,,2.5
0922,"['volt-absorb', 'natural-cure', 'iron-fist']",빠모트,['candy_75'],['0923'],[],[],9,0.4,0.31,0.5,0.3,0.5,50,[],['land'],rare,electric,fighting,6.5
0923,"['volt-absorb', 'natural-cure', 'iron-fist']",빠르모트,[],[],[],[],9,0.9,0.18,0.5,0.3,0.5,50,[],['land'],epic,electric,fighting,41.0
0924,"['run-away', 'pickup', 'own-tempo']",두리쥐,['candy_45'],['0925'],[],[],9,0.3,0.59,0.0,0.3,0.0,50,[],['land'],common,normal,,1.8
0925,"['friend-guard', 'cheek-pouch', 'technician']",파밀리쥐,[],[],[],[],9,,0.29,0.0,0.3,0.0,50,[],['land'],rare,normal,,
0925-family-of-three,"['friend-guard', 'cheek-pouch', 'technician']",파밀리쥐,[],[],[],[],9,0.3,0.29,0.0,0.3,0.0,50,[],['land'],rare,normal,,2.8
0926,"['own-tempo', 'klutz']",쫀도기,['candy_45'],['0927'],[],[],9,0.3,0.75,0.5,0.3,0.5,50,[],['land'],common,fairy,,10.9
0927,"['well-baked-body', 'aroma-veil']",바우첼,[],[],[],[],9,0.5,0.35,0.5,0.3,0.5,50,[],['land'],rare,fairy,,14.9
0928,"['early-bird', 'harvest']",미니브,['candy_45'],['0929'],[],[],9,0.3,1.0,0.5,0.3,0.5,50,[],['land'],common,grass,normal,6.5
0929,"['early-bird', 'harvest']",올리뇨,['candy_75'],['0930'],[],[],9,0.6,0.47,0.5,0.3,0.5,50,[],['land'],rare,grass,normal,11.9
0930,"['seed-sower', 'harvest']",올리르바,[],[],[],[],9,1.4,0.18,0.5,0.3,0.5,50,[],['land'],epic,grass,normal,48.2
0931,"['intimidate', 'hustle', 'guts']",시비꼬,[],[],[],[],9,,0.75,0.5,0.3,0.5,50,['move_fly'],['land'],common,normal,flying,
0931-blue,"['intimidate', 'hustle', 'guts']",시비꼬,[],[],[],[],9,,0.75,0.5,0.3,0.5,50,['move_fly'],['land'],common,normal,flying,
0931-yellow,"['intimidate', 'hustle', 'sheer-force']",시비꼬,[],[],[],[],9,,0.75,0.5,0.3,0.5,50,['move_fly'],['land'],common,normal,flying,
0931-white,"['intimidate', 'hustle', 'sheer-force']",시비꼬,[],[],[],[],9,,0.75,0.5,0.3,0.5,50,['move_fly'],['land'],common,normal,flying,
0932,"['purifying-salt', 'sturdy', 'clear-body']",베베솔트,['candy_35'],['0933'],[],[],9,0.4,1.0,0.5,0.3,0.5,50,[],['land'],common,rock,,16.0
0933,"['purifying-salt', 'sturdy', 'clear-body']",스태솔트,['candy_70'],['0934'],[],[],9,0.6,0.47,0.5,0.3,0.5,50,[],['land'],rare,rock,,105.0
0934,"['purifying-salt', 'sturdy', 'clear-body']",콜로솔트,[],[],[],[],9,2.3,0.18,0.5,0.3,0.5,50,[],['land'],epic,rock,,240.0
0935,"['flash-fire', 'flame-body']",카르본,"['auspicious-armor', 'malicious-armor']","['0936', '0937']",[],[],9,0.6,0.35,0.5,0.3,0.5,50,[],['land'],common,fire,,10.5
0936,"['flash-fire', 'weak-armor']",카디나르마,[],[],[],[],9,1.5,0.1,0.5,0.3,0.5,50,[],['land'],rare,fire,psychic,85.0
0937,"['flash-fire', 'weak-armor']",파라블레이즈,[],[],[],[],9,1.6,0.1,0.5,0.3,0.5,50,[],['land'],rare,fire,ghost,62.0
0938,"['own-tempo', 'static', 'damp']",빈나두,['thunder-stone'],['0939'],[],[],9,0.3,0.75,0.5,0.3,0.5,50,[],['land'],common,electric,,0.4
0939,"['electromorphosis', 'static', 'damp']",찌리배리,[],[],[],[],9,1.2,0.2,0.5,0.3,0.5,50,[],['land'],rare,electric,,113.0
0940,"['wind-power', 'volt-absorb', 'competitive']",찌리비,['candy_50'],['0941'],[],[],9,0.4,0.71,0.5,0.3,0.5,50,['move_fly'],['land'],common,electric,flying,3.6
0941,"['wind-power', 'volt-absorb', 'competitive']",찌리비크,[],[],[],[],9,1.4,0.35,0.5,0.3,0.5,50,['move_fly'],['land'],rare,electric,flying,38.6
0942,"['intimidate', 'run-away', 'stakeout']",오라티프,['candy_50'],['0943'],[],[],9,0.5,0.59,0.5,0.3,0.5,50,[],['land'],common,dark,,16.0
0943,"['intimidate', 'guard-dog', 'stakeout']",마피티프,[],[],[],[],9,1.1,0.29,0.5,0.3,0.5,50,[],['land'],rare,dark,,61.0
0944,"['unburden', 'pickpocket', 'ptierster']",땃쭈르,['candy_36'],['0945'],[],[],9,0.2,0.75,0.5,0.3,0.5,50,[],['land'],common,poison,normal,0.7
0945,"['unburden', 'poison-touch', 'ptierster']",태깅구르,[],[],[],[],9,0.7,0.35,0.5,0.3,0.5,50,[],['land'],rare,poison,normal,27.2
0946,"['wind-rider', 'infiltrator']",그푸리,['candy_50'],['0947'],[],[],9,0.6,0.75,0.5,0.3,0.5,50,[],['land'],common,grass,ghost,0.6
0947,"['wind-rider', 'infiltrator']",공푸리,[],[],[],[],9,1.2,0.18,0.5,0.3,0.5,50,[],['land'],rare,grass,ghost,6.0
0948,"['mycelium_might', 'mycelium_might']",들눈해,['candy_50'],['0949'],[],[],9,0.9,0.75,0.5,0.3,0.5,50,[],['land'],common,ground,grass,33.0
0949,"['mycelium_might', 'mycelium_might']",육파리,[],[],[],[],9,1.9,0.35,0.5,0.3,0.5,50,[],['land'],rare,ground,grass,58.0
0950,"['anger-shell', 'shell-armor', 'regenerator']",절벼게,[],[],[],[],9,1.3,0.47,0.5,0.3,0.5,50,['move_rock-smash'],['land'],common,rock,,79.0
0951,"['chlorophyll', 'insomnia', 'klutz']",캡싸이,['fire-stone'],['0952'],[],[],9,0.3,0.75,0.5,0.3,0.5,50,[],['land'],common,grass,,3.0
0952,"['chlorophyll', 'insomnia', 'moody']",스코빌런,[],[],[],[],9,0.9,0.29,0.5,0.3,0.5,50,[],['land'],rare,grass,fire,15.0
0953,"['compound-eyes', 'shed-skin']",구르데,['candy_35'],['0954'],[],[],9,0.2,0.75,0.5,0.3,0.5,50,[],['land'],common,bug,,1.0
0954,"['synchronize', 'telepathy']",베라카스,[],[],[],[],9,0.3,0.18,0.5,0.3,0.5,50,[],['land'],rare,bug,psychic,3.5
0955,"['anticipation', 'frisk', 'speed-boost']",하느라기,['candy_35'],['0956'],[],[],9,0.2,0.47,0.5,0.3,0.5,50,[],['land'],common,psychic,,1.5
0956,"['opportunist', 'frisk', 'speed-boost']",클레스퍼트라,[],[],[],[],9,1.9,0.24,0.5,0.3,0.5,50,[],['land'],rare,psychic,,90.0
0957,"['mold-breaker', 'own-tempo', 'pickpocket']",어리짱,['candy_50'],['0958'],[],[],9,0.4,0.75,1.0,0.3,0.0,50,['move_rock-smash'],['land'],common,fairy,steel,8.9
0958,"['mold-breaker', 'own-tempo', 'pickpocket']",벼리짱,['candy_75'],['0959'],[],[],9,0.7,0.35,1.0,0.3,0.0,50,['move_rock-smash'],['land'],rare,fairy,steel,59.1
0959,"['mold-breaker', 'own-tempo', 'pickpocket']",두드리짱,[],[],[],[],9,0.7,0.18,1.0,0.3,0.0,50,['move_rock-smash'],['land'],epic,fairy,steel,112.8
0960,"['gooey', 'rattled', 'sand-veil']",바다그다,['candy_48'],['0961'],[],[],9,1.2,1.0,0.5,0.3,0.5,50,['move_surf'],['water'],common,water,,1.8
0961,"['gooey', 'rattled', 'sand-veil']",바닥트리오,[],[],[],[],9,1.2,0.2,0.5,0.3,0.5,50,['move_surf'],['water'],rare,water,,5.4
0962,"['big-pecks', 'keen-eye', 'rocky-payload']",떨구새,[],[],[],[],9,1.5,0.1,0.5,0.3,0.5,50,['move_fly'],['land'],common,flying,dark,42.9
0963,"['water-veil', 'water-veil']",맨돌핀,['candy_50'],['0964'],[],[],9,1.3,0.78,0.5,0.3,0.5,50,"['move_surf', 'move_waterfall', 'move_dive']",['water'],common,water,,60.2
0964,"['zero-to-hero', 'zero-to-hero']",돌핀맨,[],[],[],[],9,,0.18,0.5,0.3,0.5,50,"['move_surf', 'move_waterfall', 'move_dive']",['water'],rare,water,,
0964-hero,"['zero-to-hero', 'zero-to-hero']",돌핀맨,[],[],[],[],9,1.8,0.18,0.5,0.3,0.5,50,"['move_surf', 'move_waterfall', 'move_dive']",['water'],rare,water,,97.4
0965,"['overcoat', 'slow-start']",부르롱,['candy_60'],['0966'],[],[],9,1.0,0.75,0.5,0.3,0.5,50,[],['land'],common,steel,poison,35.0
0966,"['overcoat', 'filter']",부르르룸,[],[],[],[],9,1.8,0.29,0.5,0.3,0.5,50,[],['land'],rare,steel,poison,120.0
0967,"['shed-skin', 'regenerator']",모토마,[],[],[],[],9,1.6,0.75,0.5,0.3,0.5,50,[],['land'],common,dragon,normal,63.0
0968,"['earth-eater', 'sand-veil']",꿈트렁,[],[],[],[],9,2.5,0.1,0.5,0.3,0.5,50,[],['land'],common,steel,,310.0
0969,"['toxic-debris', 'corrosion']",초롱순,['candy_70'],['0970'],[],[],9,0.7,0.27,0.5,0.3,0.5,50,[],['land'],common,rock,poison,8.0
0970,"['toxic-debris', 'corrosion']",킬라플로르,[],[],[],[],9,1.5,0.1,0.5,0.3,0.5,50,[],['land'],rare,rock,poison,45.0
0970-mega,[],킬라플로르,[],[],[],[],9,2.8,0.1,0.5,0.3,0.5,50,[],['land'],rare,rock,poison,77.0
0971,"['pickup', 'fluffy']",망망이,['candy_50+time_night'],['0972'],[],[],9,0.6,0.47,0.5,0.3,0.5,50,[],['land'],common,ghost,,35.0
0972,"['sand-rush', 'fluffy']",묘두기,[],[],[],[],9,2.0,0.24,0.5,0.3,0.5,50,[],['land'],rare,ghost,,15.0
0973,"['scrappy', 'tangled-feet', 'costar']",꼬이밍고,[],[],[],[],9,1.6,0.39,0.5,0.3,0.5,50,['move_fly'],['land'],common,flying,fighting,37.0
0974,"['thick-fat', 'snow-cloak', 'sheer-force']",터벅고래,['ice-stone'],['0975'],[],[],9,1.2,0.59,0.5,0.3,0.5,50,[],['land'],rare,ice,,45.0
0975,"['thick-fat', 'slush-rush', 'sheer-force']",우락고래,[],[],[],[],9,4.5,0.2,0.5,0.3,0.5,50,[],['land'],epic,ice,,700.0
0976,"['mold-breaker', 'sharpness']",가비루사,[],[],[],[],9,2.5,0.39,0.5,0.3,0.5,50,"['move_surf', 'move_waterfall']",['water'],rare,water,psychic,90.0
0977,"['unaware', 'oblivious', 'water-veil']",어써러셔,[],[],[],[],9,12.0,0.1,0.5,0.3,0.5,50,"['move_surf', 'move_waterfall', 'move_dive']",['water'],epic,water,,220.0
0978,"['commander', 'storm-drain']",싸리용,[],[],[],[],9,,0.39,0.5,0.3,0.5,50,['move_surf'],['water'],epic,dragon,water,
0978-droopy,"['commander', 'storm-drain']",싸리용,[],[],[],[],9,0.3,0.39,0.5,0.3,0.5,50,['move_surf'],['water'],epic,dragon,water,8.0
0978-stretchy,"['commander', 'storm-drain']",싸리용,[],[],[],[],9,0.3,0.39,0.5,0.3,0.5,50,['move_surf'],['water'],epic,dragon,water,8.0
0978-mega-curly,[],싸리용,[],[],[],[],9,,0.39,0.5,0.3,0.5,50,[],['water'],epic,dragon,water,
0978-mega-droopy,[],싸리용,[],[],[],[],9,,0.39,0.5,0.3,0.5,50,[],['water'],epic,dragon,water,
0978-mega-stretchy,[],싸리용,[],[],[],[],9,,0.39,0.5,0.3,0.5,50,[],['water'],epic,dragon,water,
0979,"['vital-spirit', 'inner-focus', 'defiant']",저승갓숭,[],[],[],[],9,1.2,0.18,0.5,0.3,0.5,50,[],['land'],epic,fighting,ghost,56.0
0980,"['poison-point', 'water-absorb', 'unaware']",토오,[],[],[],[],9,1.8,0.35,0.5,0.3,0.5,50,"['move_surf', 'move_waterfall']",['land'],rare,poison,ground,223.0
0981,"['cud-chew', 'armor-tail', 'sap-sipper']",키키링,[],[],[],[],9,3.2,0.18,0.5,0.3,0.5,50,[],['land'],rare,normal,psychic,160.0
0982,"['serene-grace', 'run-away', 'rattled']",노고고치,[],[],[],[],9,,0.18,0.5,0.3,0.5,50,[],['land'],rare,normal,,
0982-three-segment,"['serene-grace', 'run-away', 'rattled']",노고고치,[],[],[],[],9,4.5,0.18,0.5,0.3,0.5,50,[],['land'],rare,normal,,47.4
0983,"['defiant', 'supreme-overlord', 'pressure']",대도각참,[],[],[],[],9,2.0,0.1,0.5,0.3,0.5,50,[],['land'],epic,dark,steel,120.0
0984,['protosynthesis'],위대한엄니,[],[],[],[],9,2.2,0.12,0.0,0.3,0.0,50,[],['land'],epic,ground,fighting,320.0
0985,['protosynthesis'],우렁찬꼬리,[],[],[],[],9,1.2,0.2,0.0,0.3,0.0,50,[],['land'],epic,fairy,psychic,8.0
0986,['protosynthesis'],사나운버섯,[],[],[],[],9,1.2,0.2,0.0,0.3,0.0,50,[],['land'],epic,grass,dark,21.0
0987,['protosynthesis'],날개치는머리,[],[],[],[],9,1.4,0.12,0.0,0.3,0.0,50,['move_mean-look'],['land'],epic,ghost,fairy,4.0
0988,['protosynthesis'],땅을기는날개,[],[],[],[],9,3.2,0.12,0.0,0.3,0.0,50,[],['land'],epic,bug,fighting,92.0
0989,['protosynthesis'],모래털가죽,[],[],[],[],9,2.3,0.12,0.0,0.3,0.0,50,[],['land'],epic,electric,ground,60.0
0990,['quark-drive'],무쇠바퀴,[],[],[],[],9,0.9,0.12,0.0,0.3,0.0,50,[],['land'],epic,ground,steel,240.0
0991,['quark-drive'],무쇠보따리,[],[],[],[],9,0.6,0.2,0.0,0.3,0.0,50,[],['water'],epic,ice,water,11.0
0992,['quark-drive'],무쇠손,[],[],[],[],9,1.8,0.2,0.0,0.3,0.0,50,[],['land'],epic,fighting,electric,380.7
0993,['quark-drive'],무쇠머리,[],[],[],[],9,,0.12,0.0,0.3,0.0,50,['move_fly'],['land'],epic,dark,flying,
0994,['quark-drive'],무쇠독나방,[],[],[],[],9,1.2,0.12,0.0,0.3,0.0,50,[],['land'],epic,fire,poison,36.0
0995,['quark-drive'],무쇠가시,[],[],[],[],9,1.6,0.12,0.0,0.3,0.0,50,[],['land'],epic,rock,electric,303.0
0996,"['thermal-exchange', 'ice-body']",드니차,['candy_50'],['0997'],[],[],9,0.5,0.18,0.5,0.3,0.5,50,[],['land'],common,dragon,ice,17.0
0997,"['thermal-exchange', 'ice-body']",드니꽁,['candy_100'],['0998'],[],[],9,0.8,0.1,0.5,0.3,0.5,50,[],['land'],rare,dragon,ice,30.0
0998,"['thermal-exchange', 'ice-body']",드닐레이브,[],[],[],[],9,2.1,0.04,0.5,0.3,0.5,50,[],['land'],epic,dragon,ice,210.0
0999,['rattled'],모으령,['gimmighoul-coin-999'],['1000'],[],[],9,0.3,0.18,0.0,0.3,0.0,50,[],['land'],rare,ghost,,5.0
0999-roaming,"['run-away', 'run-away']",모으령,['other'],['1000'],[],[],9,0.1,0.18,0.0,0.3,0.0,50,[],['land'],rare,ghost,,1.0
1000,['good-as-gold'],타부자고,[],[],[],[],9,1.2,0.18,0.0,0.3,0.0,50,[],['land'],epic,steel,ghost,30.0
1001,['tablets-of-ruin'],총지엔,[],[],[],[],9,1.5,0.02,0.0,0.3,0.0,50,['move_mean-look'],['land'],legendary,dark,grass,74.2
1002,['sword-of-ruin'],파오젠,[],[],[],[],9,1.9,0.02,0.0,0.3,0.0,50,['move_mean-look'],['land'],legendary,dark,ice,152.2
1003,['vessel-of-ruin'],딩루,[],[],[],[],9,2.7,0.02,0.0,0.3,0.0,50,['move_mean-look'],['land'],legendary,dark,ground,699.7
1004,['beads-of-ruin'],위유이,[],[],[],[],9,0.4,0.02,0.0,0.3,0.0,50,['move_mean-look'],['land'],legendary,dark,fire,4.9
1005,['protosynthesis'],고동치는달,[],[],[],[],9,2.0,0.04,0.0,0.3,0.0,50,['move_fly'],['land'],epic,dragon,dark,380.0
1006,['quark-drive'],무쇠무인,[],[],[],[],9,1.4,0.04,0.0,0.3,0.0,50,[],['land'],epic,fairy,fighting,35.0
1007,['orichalcum-pulse'],코라이돈,[],[],[],[],9,2.5,0.01,0.0,0.3,0.0,50,['move_rock-smash'],['land'],legendary,fighting,dragon,303.0
1007-limited-build,"['orichalcum-pulse', 'orichalcum-pulse']",코라이돈,[],[],[],[],9,3.5,0.01,0.0,0.3,0.0,50,['move_rock-smash'],['land'],legendary,fighting,dragon,303.0
1007-sprinting-build,"['orichalcum-pulse', 'orichalcum-pulse']",코라이돈,[],[],[],[],9,3.5,0.01,0.0,0.3,0.0,50,['move_rock-smash'],['land'],legendary,fighting,dragon,303.0
1007-swimming-build,"['orichalcum-pulse', 'orichalcum-pulse']",코라이돈,[],[],[],[],9,3.5,0.01,0.0,0.3,0.0,50,['move_rock-smash'],['land'],legendary,fighting,dragon,303.0
1007-gliding-build,"['orichalcum-pulse', 'orichalcum-pulse']",코라이돈,[],[],[],[],9,3.5,0.01,0.0,0.3,0.0,50,['move_rock-smash'],['land'],legendary,fighting,dragon,303.0
1008,['hadron-engine'],미라이돈,[],[],[],[],9,3.5,0.01,0.0,0.3,0.0,50,[],['land'],legendary,electric,dragon,240.0
1008-low-power-mode,"['hadron-engine', 'hadron-engine']",미라이돈,[],[],[],[],9,2.8,0.01,0.0,0.3,0.0,50,[],['land'],legendary,electric,dragon,240.0
1008-drive-mode,"['hadron-engine', 'hadron-engine']",미라이돈,[],[],[],[],9,2.8,0.01,0.0,0.3,0.0,50,[],['land'],legendary,electric,dragon,240.0
1008-aquatic-mode,"['hadron-engine', 'hadron-engine']",미라이돈,[],[],[],[],9,2.8,0.01,0.0,0.3,0.0,50,[],['land'],legendary,electric,dragon,240.0
1008-glide-mode,"['hadron-engine', 'hadron-engine']",미라이돈,[],[],[],[],9,2.8,0.01,0.0,0.3,0.0,50,[],['land'],legendary,electric,dragon,240.0
1009,['protosynthesis'],굽이치는물결,[],[],[],[],9,3.5,0.02,0.0,0.3,0.0,50,"['move_surf', 'move_waterfall']",['water'],epic,water,dragon,280.0
1010,['quark-drive'],무쇠잎새,[],[],[],[],9,1.5,0.02,0.0,0.3,0.0,50,[],['land'],epic,grass,psychic,125.0
1011,"['supersweet-syrup', 'gluttony', 'sticky-hold']",과미르,['move_dragon-cheer'],['1019'],[],[],9,0.4,0.18,0.0,0.3,0.0,50,[],['land'],epic,grass,dragon,9.7
1012,"['hospitality', 'heatproof']",차데스,"['masterpiece-teacup', 'unremarkable-teacup']",['1013'],[],[],9,0.1,0.47,0.0,0.3,0.0,50,[],['land'],epic,grass,ghost,1.1
1013,"['hospitality', 'heatproof']",그우린차,[],[],[],[],9,0.2,0.24,0.0,0.3,0.0,50,[],['land'],epic,grass,ghost,2.2
1014,"['toxic-chain', 'guard-dog']",조타구,[],[],[],[],9,1.8,0.01,0.0,0.3,0.0,50,[],['land'],legendary,poison,fighting,92.2
1015,"['toxic-chain', 'frisk']",이야후,[],[],[],[],9,1.0,0.01,0.0,0.3,0.0,50,[],['land'],legendary,poison,psychic,12.2
1016,"['toxic-chain', 'technician']",기로치,[],[],[],[],9,1.4,0.01,0.0,0.3,0.0,50,['move_fly'],['land'],legendary,poison,fairy,30.1
1017,['defiant'],오거폰,[],[],[],[],9,1.2,0.02,0.0,0.3,0.0,50,[],['land'],legendary,grass,,39.8
1017-wellspring,['water-absorb'],오거폰,[],[],[],[],9,,0.02,0.0,0.3,0.0,50,[],['water'],legendary,grass,water,
1017-hearthflame,['mold-breaker'],오거폰,[],[],[],[],9,,0.02,0.0,0.3,0.0,50,[],['land'],legendary,grass,fire,
1017-cornerstone,['sturdy'],오거폰,[],[],[],[],9,,0.02,0.0,0.3,0.0,50,[],['land'],legendary,grass,rock,
1018,"['stamina', 'sturdy', 'stalwart']",브리두라스,[],[],[],[],9,2.0,0.04,0.5,0.3,0.5,50,['move_rock-smash'],['land'],epic,steel,dragon,60.0
1019,"['supersweet-syrup', 'regenerator', 'sticky-hold']",과미드라,[],[],[],[],9,1.8,0.04,0.5,0.3,0.5,50,[],['land'],epic,grass,dragon,93.0
1020,['protosynthesis'],꿰뚫는화염,[],[],[],[],9,3.5,0.04,0.0,0.3,0.0,50,[],['land'],epic,fire,dragon,590.0
1021,['protosynthesis'],날뛰는우레,[],[],[],[],9,5.2,0.04,0.0,0.3,0.0,50,[],['land'],epic,electric,dragon,480.0
1022,['quark-drive'],무쇠암석,[],[],[],[],9,1.5,0.04,0.0,0.3,0.0,50,[],['land'],epic,rock,psychic,162.5
1023,['quark-drive'],무쇠감투,[],[],[],[],9,1.6,0.04,0.0,0.3,0.0,50,[],['land'],epic,steel,psychic,156.0
1024,['tera-shift'],테라파고스,[],[],[],[],9,0.2,1.0,0.0,0.3,0.0,50,['move_surf'],['land'],legendary,normal,,6.5
1024-terastal,['tera-shell'],테라파고스,[],[],[],[],9,0.3,1.0,0.0,0.3,0.0,50,['move_surf'],['land'],legendary,normal,,16.0
1024-stellar,['teraform-zero'],테라파고스,[],[],[],[],9,1.7,1.0,0.0,0.3,0.0,50,['move_surf'],['land'],legendary,normal,,77.0
1025,['poison-puppeteer'],복숭악동,[],[],[],[],9,0.3,0.01,0.0,0.3,0.0,50,['move_mean-look'],['land'],legendary,poison,ghost,0.3
